0.000000000000000000e+00 0.000000000000000000e+00
1.999999999999224620e-05 0.000000000000000000e+00
3.999999999999837019e-05 0.000000000000000000e+00
5.999999999999061639e-05 0.000000000000000000e+00
7.999999999999674039e-05 0.000000000000000000e+00
9.999999999998898659e-05 0.000000000000000000e+00
1.199999999999951106e-04 0.000000000000000000e+00
1.400000000000012346e-04 0.000000000000000000e+00
1.599999999999934808e-04 0.000000000000000000e+00
1.799999999999996048e-04 0.000000000000000000e+00
1.999999999999918510e-04 0.000000000000000000e+00
2.199999999999979750e-04 0.000000000000000000e+00
2.399999999999902212e-04 0.000000000000000000e+00
2.599999999999963451e-04 0.000000000000000000e+00
2.799999999999885913e-04 0.000000000000000000e+00
2.999999999999947153e-04 0.000000000000000000e+00
3.200000000000008393e-04 0.000000000000000000e+00
3.399999999999930855e-04 0.000000000000000000e+00
3.599999999999992095e-04 0.000000000000000000e+00
3.799999999999914557e-04 0.000000000000000000e+00
3.999999999999975797e-04 0.000000000000000000e+00
4.199999999999898259e-04 0.000000000000000000e+00
4.399999999999959499e-04 0.000000000000000000e+00
4.599999999999881961e-04 0.000000000000000000e+00
4.799999999999943201e-04 0.000000000000000000e+00
5.000000000000004441e-04 0.000000000000000000e+00
5.199999999999926903e-04 0.000000000000000000e+00
5.399999999999988143e-04 0.000000000000000000e+00
5.599999999999910605e-04 0.000000000000000000e+00
5.799999999999971845e-04 0.000000000000000000e+00
5.999999999999894307e-04 0.000000000000000000e+00
6.199999999999955547e-04 0.000000000000000000e+00
6.399999999999878009e-04 0.000000000000000000e+00
6.599999999999939249e-04 0.000000000000000000e+00
6.800000000000000488e-04 0.000000000000000000e+00
6.999999999999922951e-04 0.000000000000000000e+00
7.199999999999984190e-04 0.000000000000000000e+00
7.399999999999906652e-04 0.000000000000000000e+00
7.599999999999967892e-04 0.000000000000000000e+00
7.799999999999890354e-04 0.000000000000000000e+00
7.999999999999951594e-04 0.000000000000000000e+00
8.200000000000012834e-04 0.000000000000000000e+00
8.399999999999935296e-04 0.000000000000000000e+00
8.599999999999996536e-04 0.000000000000000000e+00
8.799999999999918998e-04 0.000000000000000000e+00
8.999999999999980238e-04 0.000000000000000000e+00
9.199999999999902700e-04 0.000000000000000000e+00
9.399999999999963940e-04 0.000000000000000000e+00
9.599999999999886402e-04 0.000000000000000000e+00
9.799999999999947642e-04 0.000000000000000000e+00
1.000000000000000888e-03 0.000000000000000000e+00
1.019999999999993134e-03 0.000000000000000000e+00
1.039999999999999258e-03 0.000000000000000000e+00
1.059999999999991505e-03 0.000000000000000000e+00
1.079999999999997629e-03 0.000000000000000000e+00
1.099999999999989875e-03 0.000000000000000000e+00
1.119999999999995999e-03 0.000000000000000000e+00
1.139999999999988245e-03 0.000000000000000000e+00
1.159999999999994369e-03 0.000000000000000000e+00
1.180000000000000493e-03 0.000000000000000000e+00
1.199999999999992739e-03 0.000000000000000000e+00
1.219999999999998863e-03 0.000000000000000000e+00
1.239999999999991109e-03 0.000000000000000000e+00
1.259999999999997233e-03 0.000000000000000000e+00
1.279999999999989480e-03 0.000000000000000000e+00
1.299999999999995604e-03 0.000000000000000000e+00
1.319999999999987850e-03 0.000000000000000000e+00
1.339999999999993974e-03 0.000000000000000000e+00
1.360000000000000098e-03 0.000000000000000000e+00
1.379999999999992344e-03 0.000000000000000000e+00
1.399999999999998468e-03 0.000000000000000000e+00
1.419999999999990714e-03 0.000000000000000000e+00
1.439999999999996838e-03 0.000000000000000000e+00
1.459999999999989084e-03 0.000000000000000000e+00
1.479999999999995208e-03 0.000000000000000000e+00
1.500000000000001332e-03 0.000000000000000000e+00
1.519999999999993578e-03 0.000000000000000000e+00
1.539999999999999702e-03 0.000000000000000000e+00
1.559999999999991949e-03 0.000000000000000000e+00
1.579999999999998073e-03 0.000000000000000000e+00
1.599999999999990319e-03 0.000000000000000000e+00
1.619999999999996443e-03 0.000000000000000000e+00
1.639999999999988689e-03 0.000000000000000000e+00
1.659999999999994813e-03 0.000000000000000000e+00
1.680000000000000937e-03 0.000000000000000000e+00
1.699999999999993183e-03 1.000000000000000078e-15
1.719999999999999307e-03 1.000000000000000078e-15
1.739999999999991553e-03 1.000000000000000078e-15
1.759999999999997677e-03 1.000000000000000078e-15
1.779999999999989924e-03 1.000000000000000078e-15
1.799999999999996048e-03 1.000000000000000078e-15
1.819999999999988294e-03 1.000000000000000078e-15
1.839999999999994418e-03 2.000000000000000155e-15
1.860000000000000542e-03 2.000000000000000155e-15
1.879999999999992788e-03 2.000000000000000155e-15
1.899999999999998912e-03 2.999999999999999839e-15
1.919999999999991158e-03 2.999999999999999839e-15
1.939999999999997282e-03 4.000000000000000311e-15
1.959999999999989528e-03 4.999999999999999994e-15
1.979999999999995652e-03 5.999999999999999677e-15
1.999999999999987899e-03 7.000000000000000150e-15
2.019999999999994023e-03 8.000000000000000622e-15
2.040000000000000147e-03 8.999999999999999516e-15
2.059999999999992393e-03 1.100000000000000046e-14
2.079999999999998517e-03 1.299999999999999983e-14
2.099999999999990763e-03 1.499999999999999919e-14
2.119999999999996887e-03 1.700000000000000014e-14
2.139999999999989133e-03 1.999999999999999998e-14
2.159999999999995257e-03 2.399999999999999871e-14
2.180000000000001381e-03 2.800000000000000060e-14
2.199999999999993627e-03 3.299999999999999823e-14
2.219999999999999751e-03 3.899999999999999790e-14
2.239999999999991998e-03 4.499999999999999758e-14
2.259999999999998122e-03 5.300000000000000136e-14
2.279999999999990368e-03 6.200000000000000087e-14
2.299999999999996492e-03 7.300000000000000449e-14
2.319999999999988738e-03 8.500000000000000384e-14
2.339999999999994862e-03 1.000000000000000030e-13
2.360000000000000986e-03 1.170000000000000063e-13
2.379999999999993232e-03 1.360000000000000011e-13
2.399999999999999356e-03 1.590000000000000041e-13
2.419999999999991602e-03 1.859999999999999900e-13
2.439999999999997726e-03 2.170000000000000094e-13
2.459999999999989972e-03 2.529999999999999822e-13
2.479999999999996096e-03 2.950000000000000052e-13
2.499999999999988343e-03 3.439999999999999983e-13
2.519999999999994467e-03 4.000000000000000121e-13
2.540000000000000591e-03 4.660000000000000338e-13
2.559999999999992837e-03 5.430000000000000087e-13
2.579999999999998961e-03 6.320000000000000333e-13
2.599999999999991207e-03 7.349999999999999983e-13
2.619999999999997331e-03 8.549999999999999919e-13
2.639999999999989577e-03 9.929999999999999087e-13
2.659999999999995701e-03 1.153999999999999930e-12
2.679999999999987947e-03 1.341000000000000041e-12
2.699999999999994071e-03 1.556000000000000034e-12
2.720000000000000195e-03 1.805999999999999979e-12
2.739999999999992442e-03 2.094999999999999858e-12
2.759999999999998566e-03 2.428999999999999848e-12
2.779999999999990812e-03 2.815000000000000021e-12
2.799999999999996936e-03 3.260999999999999938e-12
2.819999999999989182e-03 3.776000000000000066e-12
2.839999999999995306e-03 4.370999999999999853e-12
2.859999999999987552e-03 5.057999999999999652e-12
2.879999999999993676e-03 5.851000000000000009e-12
2.899999999999999800e-03 6.763999999999999855e-12
2.919999999999992046e-03 7.817000000000000316e-12
2.939999999999998170e-03 9.031000000000000596e-12
2.959999999999990417e-03 1.042800000000000040e-11
2.979999999999996541e-03 1.203699999999999970e-11
2.999999999999988787e-03 1.388800000000000060e-11
3.019999999999994911e-03 1.601700000000000011e-11
3.040000000000001035e-03 1.846599999999999987e-11
3.059999999999993281e-03 2.127999999999999980e-11
3.079999999999999405e-03 2.451300000000000107e-11
3.099999999999991651e-03 2.822500000000000141e-11
3.119999999999997775e-03 3.248600000000000031e-11
3.139999999999990021e-03 3.737600000000000230e-11
3.159999999999996145e-03 4.298399999999999860e-11
3.179999999999988392e-03 4.941300000000000038e-11
3.199999999999994515e-03 5.678000000000000322e-11
3.220000000000000639e-03 6.521899999999999988e-11
3.239999999999992886e-03 7.488199999999999536e-11
3.259999999999999010e-03 8.594199999999999387e-11
3.279999999999991256e-03 9.859499999999999660e-11
3.299999999999997380e-03 1.130649999999999994e-10
3.319999999999989626e-03 1.296049999999999883e-10
3.339999999999995750e-03 1.485040000000000126e-10
3.359999999999987996e-03 1.700900000000000041e-10
3.379999999999994120e-03 1.947339999999999916e-10
3.400000000000000244e-03 2.228569999999999936e-10
3.419999999999992490e-03 2.549379999999999834e-10
3.439999999999998614e-03 2.915179999999999750e-10
3.459999999999990861e-03 3.332109999999999881e-10
3.479999999999996985e-03 3.807109999999999791e-10
3.499999999999989231e-03 4.348049999999999787e-10
3.519999999999995355e-03 4.963830000000000218e-10
3.539999999999987601e-03 5.664500000000000447e-10
3.559999999999993725e-03 6.461430000000000299e-10
3.579999999999999849e-03 7.367480000000000495e-10
3.599999999999992095e-03 8.397140000000000225e-10
3.619999999999998219e-03 9.566809999999999558e-10
3.639999999999990465e-03 1.089495999999999977e-09
3.659999999999996589e-03 1.240242000000000069e-09
3.679999999999988836e-03 1.411270000000000029e-09
3.699999999999994960e-03 1.605228000000000032e-09
3.720000000000001084e-03 1.825096999999999907e-09
3.739999999999993330e-03 2.074235000000000127e-09
3.759999999999999454e-03 2.356420000000000017e-09
3.779999999999991700e-03 2.675901000000000146e-09
3.799999999999997824e-03 3.037458000000000162e-09
3.819999999999990070e-03 3.446459000000000206e-09
3.839999999999996194e-03 3.908937999999999721e-09
3.859999999999988440e-03 4.431667999999999632e-09
3.879999999999994564e-03 5.022249999999999692e-09
3.900000000000000688e-03 5.689212999999999759e-09
3.919999999999992935e-03 6.442120000000000084e-09
3.939999999999999059e-03 7.291689000000000172e-09
3.959999999999991305e-03 8.249928999999999956e-09
3.979999999999997429e-03 9.330288000000000651e-09
3.999999999999989675e-03 1.054781700000000078e-08
4.019999999999995799e-03 1.191935800000000069e-08
4.039999999999988045e-03 1.346374500000000043e-08
4.059999999999994169e-03 1.520203199999999968e-08
4.080000000000000293e-03 1.715774200000000099e-08
4.099999999999992539e-03 1.935714800000000008e-08
4.119999999999998663e-03 2.182957799999999875e-08
4.139999999999990909e-03 2.460775800000000001e-08
4.159999999999997033e-03 2.772818799999999892e-08
4.179999999999989280e-03 3.123155899999999972e-08
4.199999999999995404e-03 3.516321599999999799e-08
4.219999999999987650e-03 3.957366199999999899e-08
4.239999999999993774e-03 4.451912599999999696e-08
4.259999999999999898e-03 5.006217999999999969e-08
4.279999999999992144e-03 5.627242399999999874e-08
4.299999999999998268e-03 6.322723999999999806e-08
4.319999999999990514e-03 7.101262500000000488e-08
4.339999999999996638e-03 7.972410299999999617e-08
4.359999999999988884e-03 8.946773700000000301e-08
4.379999999999995008e-03 1.003612360000000036e-07
4.400000000000001132e-03 1.125351749999999944e-07
4.419999999999993379e-03 1.261343319999999964e-07
4.439999999999999503e-03 1.413191690000000007e-07
4.459999999999991749e-03 1.582674379999999977e-07
4.479999999999997873e-03 1.771759639999999996e-07
4.499999999999990119e-03 1.982625910000000052e-07
4.519999999999996243e-03 2.217683089999999870e-07
4.539999999999988489e-03 2.479596019999999905e-07
4.559999999999994613e-03 2.771310019999999760e-07
4.580000000000000737e-03 3.096078979999999762e-07
4.599999999999992983e-03 3.457496010000000174e-07
4.619999999999999107e-03 3.859526969999999747e-07
4.639999999999991354e-03 4.306547189999999739e-07
4.659999999999997478e-03 4.803381459999999700e-07
4.679999999999989724e-03 5.355347799999999538e-07
4.699999999999995848e-03 5.968305180000000044e-07
4.719999999999988094e-03 6.648705549999999988e-07
4.739999999999994218e-03 7.403650590000000280e-07
4.760000000000000342e-03 8.240953549999999595e-07
4.779999999999992588e-03 9.169206520000000169e-07
4.799999999999998712e-03 1.019785376999999961e-06
4.819999999999990958e-03 1.133727138999999920e-06
4.839999999999997082e-03 1.259885397000000072e-06
4.859999999999989329e-03 1.399510877999999972e-06
4.879999999999995453e-03 1.553975801999999961e-06
4.899999999999987699e-03 1.724784981999999930e-06
4.919999999999993823e-03 1.913587870000000027e-06
4.939999999999999947e-03 2.122191610999999941e-06
4.959999999999992193e-03 2.352575199999999966e-06
4.979999999999998317e-03 2.606904804999999937e-06
4.999999999999990563e-03 2.887550361999999823e-06
5.019999999999996687e-03 3.197103526000000146e-06
5.039999999999988933e-03 3.538397082999999980e-06
5.059999999999995057e-03 3.914525930000000212e-06
5.080000000000001181e-03 4.328869733000000392e-06
5.099999999999993427e-03 4.785117391999999708e-06
5.119999999999999551e-03 5.287293432000000074e-06
5.139999999999991798e-03 5.839786461999999782e-06
5.159999999999997922e-03 6.447379849000000372e-06
5.179999999999990168e-03 7.115284750000000248e-06
5.199999999999996292e-03 7.849175678000000242e-06
5.219999999999988538e-03 8.655228759999999876e-06
5.239999999999994662e-03 9.540162872999999202e-06
5.260000000000000786e-03 1.051128386000000080e-05
5.279999999999993032e-03 1.157653200300000019e-05
5.299999999999999156e-03 1.274453299200000079e-05
5.319999999999991402e-03 1.402465259100000024e-05
5.339999999999997526e-03 1.542705525700000156e-05
5.359999999999989773e-03 1.696276693900000007e-05
5.379999999999995897e-03 1.864374233199999888e-05
5.399999999999988143e-03 2.048293684699999952e-05
5.419999999999994267e-03 2.249438359400000056e-05
5.440000000000000391e-03 2.469327566100000009e-05
5.459999999999992637e-03 2.709605401499999854e-05
5.479999999999998761e-03 2.972050134299999893e-05
5.499999999999991007e-03 3.258584217399999882e-05
5.519999999999997131e-03 3.571284964199999826e-05
5.539999999999989377e-03 3.912395924599999905e-05
5.559999999999995501e-03 4.284339000799999896e-05
5.579999999999987748e-03 4.689727341199999874e-05
5.599999999999993872e-03 5.131379054300000083e-05
5.619999999999999996e-03 5.612331785999999677e-05
5.639999999999992242e-03 6.135858203000000601e-05
5.659999999999998366e-03 6.705482430300000189e-05
5.679999999999990612e-03 7.324997487599999740e-05
5.699999999999996736e-03 7.998483774899999824e-05
5.719999999999988982e-03 8.730328657000000338e-05
5.739999999999995106e-03 9.525247197200000448e-05
5.760000000000001230e-03 1.038830409460000031e-04
5.779999999999993476e-03 1.132493687749999977e-04
5.799999999999999600e-03 1.234098040869999972e-04
5.819999999999991847e-03 1.344269275810000097e-04
5.839999999999997971e-03 1.463678250119999902e-04
5.859999999999990217e-03 1.593043749950000091e-04
5.879999999999996341e-03 1.733135522389999978e-04
5.899999999999988587e-03 1.884777467830000132e-04
5.919999999999994711e-03 2.048850998510000007e-04
5.940000000000000835e-03 2.226298569189999910e-04
5.959999999999993081e-03 2.418127386029999908e-04
5.979999999999999205e-03 2.625413299709999926e-04
5.999999999999991451e-03 2.849304888769999965e-04
6.019999999999997575e-03 3.091027739169999937e-04
6.039999999999989821e-03 3.351888926030000210e-04
6.059999999999995945e-03 3.633281703219999950e-04
6.079999999999988192e-03 3.936690406550000113e-04
6.099999999999994316e-03 4.263695576109999730e-04
6.120000000000000440e-03 4.615979303009999776e-04
6.139999999999992686e-03 4.995330805739999760e-04
6.159999999999998810e-03 5.403652240850000208e-04
6.179999999999991056e-03 5.842964752720000233e-04
6.199999999999997180e-03 6.315414766389999737e-04
6.219999999999989426e-03 6.823280527560000386e-04
6.239999999999995550e-03 7.368978893020000165e-04
6.259999999999987796e-03 7.955072374449999534e-04
6.279999999999993920e-03 8.584276438290000272e-04
6.300000000000000044e-03 9.259467063139999914e-04
6.319999999999992291e-03 9.983688556440000091e-04
6.339999999999998415e-03 1.076016163066000108e-03
6.359999999999990661e-03 1.159229173904999894e-03
6.379999999999996785e-03 1.248367767004000036e-03
6.399999999999989031e-03 1.343812039856000012e-03
6.419999999999995155e-03 1.445963219157000035e-03
6.440000000000001279e-03 1.555244596433000108e-03
6.459999999999993525e-03 1.672102488266999929e-03
6.479999999999999649e-03 1.797007220575000093e-03
6.499999999999991895e-03 1.930454136228000085e-03
6.519999999999998019e-03 2.072964625229000140e-03
6.539999999999990266e-03 2.225087176519000096e-03
6.559999999999996390e-03 2.387398450327999928e-03
6.579999999999988636e-03 2.560504369890000045e-03
6.599999999999994760e-03 2.745041231162999914e-03
6.620000000000000884e-03 2.941676829045000024e-03
6.639999999999993130e-03 3.151111598444999995e-03
6.659999999999999254e-03 3.374079768367000114e-03
6.679999999999991500e-03 3.611350527029000019e-03
6.699999999999997624e-03 3.863729195841999944e-03
6.719999999999989870e-03 4.132058409901999581e-03
6.739999999999995994e-03 4.417219302465000101e-03
6.759999999999988241e-03 4.720132690682999656e-03
6.779999999999994365e-03 5.041760259690999772e-03
6.800000000000000488e-03 5.383105741918000134e-03
6.819999999999992735e-03 5.745216088332999807e-03
6.839999999999998859e-03 6.129182628089999661e-03
6.859999999999991105e-03 6.536142212874999739e-03
6.879999999999997229e-03 6.967278342011999810e-03
6.899999999999989475e-03 7.423822264206000020e-03
6.919999999999995599e-03 7.907054051594000071e-03
6.939999999999987845e-03 8.418303641542999524e-03
6.959999999999993969e-03 8.958951841477000647e-03
6.980000000000000093e-03 9.530431291754000098e-03
6.999999999999992339e-03 1.013422738148599990e-02
7.019999999999998463e-03 1.077187911193199996e-02
7.039999999999990710e-03 1.144497990196799951e-02
7.059999999999996834e-03 1.215517832991500069e-02
7.079999999999989080e-03 1.290417880585800064e-02
7.099999999999995204e-03 1.369374216840900035e-02
7.120000000000001328e-03 1.452568619972700002e-02
7.139999999999993574e-03 1.540188605246200007e-02
7.159999999999999698e-03 1.632427458214700047e-02
7.179999999999991944e-03 1.729484257847100151e-02
7.199999999999998068e-03 1.831563888873400173e-02
7.219999999999990314e-03 1.938877042674800114e-02
7.239999999999996438e-03 2.051640206030500013e-02
7.259999999999988685e-03 2.170075637037999911e-02
7.279999999999994809e-03 2.294411327512799886e-02
7.300000000000000933e-03 2.424880951176600075e-02
7.319999999999993179e-03 2.561723796946399970e-02
7.339999999999999303e-03 2.705184686635099880e-02
7.359999999999991549e-03 2.855513876388500114e-02
7.379999999999997673e-03 3.012966941186100145e-02
7.399999999999989919e-03 3.177804641749899794e-02
7.419999999999996043e-03 3.350292773217399683e-02
7.439999999999988289e-03 3.530701994954699857e-02
7.459999999999994413e-03 3.719307640905900048e-02
7.480000000000000537e-03 3.916389509898800247e-02
7.499999999999992784e-03 4.122231635355699808e-02
7.519999999999998908e-03 4.337122033886999656e-02
7.539999999999991154e-03 4.561352432281300107e-02
7.559999999999997278e-03 4.795217972441700310e-02
7.579999999999989524e-03 5.039016893861299889e-02
7.599999999999995648e-03 5.293050193271099657e-02
7.619999999999987894e-03 5.557621261148400216e-02
7.639999999999994018e-03 5.833035494819400341e-02
7.660000000000000142e-03 6.119599887945600253e-02
7.679999999999992388e-03 6.417622596248100109e-02
7.699999999999998512e-03 6.727412479376300436e-02
7.719999999999990759e-03 7.049278618903200011e-02
7.739999999999996882e-03 7.383529812488000277e-02
7.759999999999989129e-03 7.730474044330100380e-02
7.779999999999995253e-03 8.090417932099699949e-02
7.800000000000001377e-03 8.463666150622599360e-02
7.819999999999993623e-03 8.850520832668000437e-02
7.839999999999999747e-03 9.251280947270899835e-02
7.859999999999991993e-03 9.666241656117000036e-02
7.879999999999998117e-03 1.009569364858960011e-01
7.899999999999990363e-03 1.053992245618659979e-01
7.919999999999996487e-03 1.099920774708789961e-01
7.939999999999988733e-03 1.147382260176680047e-01
7.959999999999994857e-03 1.196403277061300063e-01
7.980000000000000981e-03 1.247009591464929984e-01
7.999999999999993228e-03 1.299226083050629976e-01
8.019999999999999352e-03 1.353076666091740099e-01
8.039999999999991598e-03 1.408584209210479998e-01
8.059999999999997722e-03 1.465770453949929997e-01
8.079999999999989968e-03 1.524655932336010100e-01
8.099999999999996092e-03 1.585259883592460006e-01
8.119999999999988338e-03 1.647600170183609880e-01
8.139999999999994462e-03 1.711693193367040122e-01
8.160000000000000586e-03 1.777553808447069894e-01
8.179999999999992832e-03 1.845195239929930120e-01
8.199999999999998956e-03 1.914628996787069992e-01
8.219999999999991203e-03 1.985864788043600060e-01
8.239999999999997327e-03 2.058910438913379992e-01
8.259999999999989573e-03 2.133771807711830060e-01
8.279999999999995697e-03 2.210452703781179973e-01
8.299999999999987943e-03 2.288954806671089914e-01
8.319999999999994067e-03 2.369277586821270098e-01
8.340000000000000191e-03 2.451418227997139987e-01
8.359999999999992437e-03 2.535371551735319806e-01
8.379999999999998561e-03 2.621129944055939909e-01
8.399999999999990807e-03 2.708683284704679894e-01
8.419999999999996931e-03 2.798018879185379948e-01
8.439999999999989178e-03 2.889121393848769759e-01
8.459999999999995302e-03 2.981972794298939911e-01
8.479999999999987548e-03 3.076552287381780215e-01
8.499999999999993672e-03 3.172836267015710088e-01
8.519999999999999796e-03 3.270798264122150023e-01
8.539999999999992042e-03 3.370408900911999739e-01
8.559999999999998166e-03 3.471635849775769889e-01
8.579999999999990412e-03 3.574443797024189906e-01
8.599999999999996536e-03 3.678794411714430002e-01
8.619999999999988782e-03 3.784646319794769953e-01
8.639999999999994906e-03 3.891955083786869940e-01
8.660000000000001030e-03 4.000673188219729948e-01
8.679999999999993276e-03 4.110750031016139894e-01
8.699999999999999400e-03 4.222131921021060053e-01
8.719999999999991647e-03 4.334762081851439852e-01
8.739999999999997771e-03 4.448580662229429938e-01
8.759999999999990017e-03 4.563524752951559904e-01
8.779999999999996141e-03 4.679528410626260237e-01
8.799999999999988387e-03 4.796522688300490223e-01
8.819999999999994511e-03 4.914435673076830158e-01
8.840000000000000635e-03 5.033192530804579956e-01
8.859999999999992881e-03 5.152715557912870281e-01
8.879999999999999005e-03 5.272924240430509890e-01
8.899999999999991251e-03 5.393735320222480256e-01
8.919999999999997375e-03 5.515062868447819788e-01
8.939999999999989622e-03 5.636818366228050214e-01
8.959999999999995746e-03 5.758910792488880492e-01
8.979999999999987992e-03 5.881246718921460115e-01
8.999999999999994116e-03 6.003730411984119497e-01
9.020000000000000240e-03 6.126263941844189986e-01
9.039999999999992486e-03 6.248747298139569750e-01
9.059999999999998610e-03 6.371078512413369532e-01
9.079999999999990856e-03 6.493153787057660553e-01
9.099999999999996980e-03 6.614867630574859936e-01
9.119999999999989226e-03 6.736112998948939889e-01
9.139999999999995350e-03 6.856781442891379807e-01
9.159999999999987597e-03 6.976763260710350245e-01
9.179999999999993721e-03 7.095947656527640257e-01
9.199999999999999845e-03 7.214222903547590215e-01
9.219999999999992091e-03 7.331476512065260298e-01
9.239999999999998215e-03 7.447595401877510346e-01
9.259999999999990461e-03 7.562466078747409615e-01
9.279999999999996585e-03 7.675974814549729741e-01
9.299999999999988831e-03 7.788007830714089863e-01
9.319999999999994955e-03 7.898451484561369584e-01
9.340000000000001079e-03 8.007192458119509748e-01
9.359999999999993325e-03 8.114117948988309736e-01
9.379999999999999449e-03 8.219115862811130491e-01
9.399999999999991696e-03 8.322075006903070227e-01
9.419999999999997820e-03 8.422885284571579589e-01
9.439999999999990066e-03 8.521437889662160092e-01
9.459999999999996190e-03 8.617625500850389919e-01
9.479999999999988436e-03 8.711342475200679614e-01
9.499999999999994560e-03 8.802485040505659830e-01
9.520000000000000684e-03 8.890951485918600072e-01
9.539999999999992930e-03 8.976642350392399772e-01
9.559999999999999054e-03 9.059460608436910034e-01
9.579999999999991300e-03 9.139311852712319606e-01
9.599999999999997424e-03 9.216104472977260098e-01
9.619999999999989670e-03 9.289749830919720175e-01
9.639999999999995794e-03 9.360162430402979572e-01
9.659999999999988041e-03 9.427260082670749775e-01
9.679999999999994165e-03 9.490964066064899729e-01
9.700000000000000289e-03 9.551199279821089849e-01
9.719999999999992535e-03 9.607894391523259525e-01
9.739999999999998659e-03 9.660981977810709775e-01
9.759999999999990905e-03 9.710398657950509715e-01
9.779999999999997029e-03 9.756085219903920525e-01
9.799999999999989275e-03 9.797986738537060036e-01
9.819999999999995399e-03 9.836052685644329774e-01
9.839999999999987645e-03 9.870237031477100409e-01
9.859999999999993769e-03 9.900498337491699941e-01
9.879999999999999893e-03 9.926799840054869595e-01
9.899999999999992140e-03 9.949109524870739518e-01
9.919999999999998264e-03 9.967400191917510366e-01
9.939999999999990510e-03 9.981649510710319806e-01
9.959999999999996634e-03 9.991840065732430221e-01
9.979999999999988880e-03 9.997959391905869575e-01
9.999999999999995004e-03 1.000000000000000000e+00
1.002000000000000113e-02 9.997959391905869575e-01
1.003999999999999337e-02 9.991840065732430221e-01
1.005999999999999950e-02 9.981649510710309814e-01
1.007999999999999174e-02 9.967400191917500374e-01
1.009999999999999787e-02 9.949109524870719534e-01
1.011999999999999011e-02 9.926799840054859603e-01
1.013999999999999624e-02 9.900498337491659973e-01
1.015999999999998848e-02 9.870237031477080425e-01
1.017999999999999461e-02 9.836052685644279814e-01
1.020000000000000073e-02 9.797986738537030060e-01
1.021999999999999298e-02 9.756085219903890549e-01
1.023999999999999910e-02 9.710398657950469747e-01
1.025999999999999135e-02 9.660981977810679799e-01
1.027999999999999747e-02 9.607894391523229549e-01
1.029999999999998972e-02 9.551199279821039889e-01
1.031999999999999584e-02 9.490964066064819793e-01
1.033999999999998809e-02 9.427260082670709807e-01
1.035999999999999421e-02 9.360162430402879652e-01
1.038000000000000034e-02 9.289749830919670215e-01
1.039999999999999258e-02 9.216104472977200146e-01
1.041999999999999871e-02 9.139311852712269646e-01
1.043999999999999095e-02 9.059460608436860074e-01
1.045999999999999708e-02 8.976642350392339820e-01
1.047999999999998932e-02 8.890951485918540120e-01
1.049999999999999545e-02 8.802485040505539926e-01
1.051999999999998769e-02 8.711342475200609670e-01
1.053999999999999382e-02 8.617625500850260023e-01
1.055999999999999994e-02 8.521437889662090148e-01
1.057999999999999219e-02 8.422885284571509645e-01
1.059999999999999831e-02 8.322075006903000283e-01
1.061999999999999056e-02 8.219115862811060547e-01
1.063999999999999668e-02 8.114117948988239792e-01
1.065999999999998893e-02 8.007192458119439804e-01
1.067999999999999505e-02 7.898451484561219704e-01
1.070000000000000118e-02 7.788007830714009927e-01
1.071999999999999342e-02 7.675974814549649805e-01
1.073999999999999955e-02 7.562466078747329679e-01
1.075999999999999179e-02 7.447595401877430410e-01
1.077999999999999792e-02 7.331476512065180362e-01
1.079999999999999016e-02 7.214222903547510279e-01
1.081999999999999629e-02 7.095947656527470393e-01
1.083999999999998853e-02 6.976763260710270309e-01
1.085999999999999466e-02 6.856781442891219935e-01
1.088000000000000078e-02 6.736112998948859953e-01
1.089999999999999303e-02 6.614867630574780000e-01
1.091999999999999915e-02 6.493153787057579507e-01
1.093999999999999140e-02 6.371078512413289596e-01
1.095999999999999752e-02 6.248747298139479822e-01
1.097999999999998977e-02 6.126263941844110050e-01
1.099999999999999589e-02 6.003730411983949633e-01
1.101999999999998814e-02 5.881246718921370187e-01
1.103999999999999426e-02 5.758910792488709518e-01
1.106000000000000039e-02 5.636818366227960286e-01
1.107999999999999263e-02 5.515062868447739852e-01
1.109999999999999876e-02 5.393735320222390328e-01
1.111999999999999100e-02 5.272924240430429954e-01
1.113999999999999713e-02 5.152715557912790345e-01
1.115999999999998937e-02 5.033192530804500020e-01
1.117999999999999550e-02 4.914435673076669731e-01
1.119999999999998774e-02 4.796522688300399739e-01
1.121999999999999387e-02 4.679528410626099810e-01
1.123999999999999999e-02 4.563524752951479968e-01
1.125999999999999224e-02 4.448580662229350002e-01
1.127999999999999836e-02 4.334762081851359916e-01
1.129999999999999061e-02 4.222131921020980116e-01
1.131999999999999673e-02 4.110750031016059958e-01
1.133999999999998898e-02 4.000673188219650012e-01
1.135999999999999510e-02 3.891955083786720060e-01
1.138000000000000123e-02 3.784646319794700009e-01
1.139999999999999347e-02 3.678794411714360058e-01
1.141999999999999960e-02 3.574443797024119962e-01
1.143999999999999184e-02 3.471635849775699945e-01
1.145999999999999797e-02 3.370408900911929795e-01
1.147999999999999021e-02 3.270798264122090071e-01
1.149999999999999634e-02 3.172836267015570200e-01
1.151999999999998858e-02 3.076552287381710271e-01
1.153999999999999471e-02 2.981972794298810014e-01
1.156000000000000083e-02 2.889121393848709807e-01
1.157999999999999308e-02 2.798018879185310004e-01
1.159999999999999920e-02 2.708683284704619942e-01
1.161999999999999145e-02 2.621129944055879957e-01
1.163999999999999757e-02 2.535371551735259854e-01
1.165999999999998982e-02 2.451418227997080035e-01
1.167999999999999594e-02 2.369277586821159909e-01
1.169999999999998819e-02 2.288954806671029962e-01
1.171999999999999431e-02 2.210452703781070061e-01
1.174000000000000044e-02 2.133771807711780100e-01
1.175999999999999268e-02 2.058910438913330032e-01
1.177999999999999881e-02 1.985864788043550100e-01
1.179999999999999105e-02 1.914628996787020032e-01
1.181999999999999718e-02 1.845195239929879882e-01
1.183999999999998942e-02 1.777553808447019934e-01
1.185999999999999555e-02 1.711693193366949917e-01
1.187999999999998779e-02 1.647600170183569912e-01
1.189999999999999392e-02 1.585259883592380070e-01
1.192000000000000004e-02 1.524655932335970132e-01
1.193999999999999229e-02 1.465770453949890029e-01
1.195999999999999841e-02 1.408584209210440030e-01
1.197999999999999066e-02 1.353076666091710123e-01
1.199999999999999678e-02 1.299226083050590008e-01
1.201999999999998903e-02 1.247009591464900008e-01
1.203999999999999515e-02 1.196403277061229981e-01
1.206000000000000127e-02 1.147382260176639940e-01
1.207999999999999352e-02 1.099920774708759985e-01
1.209999999999999964e-02 1.053992245618630003e-01
1.211999999999999189e-02 1.009569364858930035e-01
1.213999999999999801e-02 9.666241656116700276e-02
1.215999999999999026e-02 9.251280947270600075e-02
1.217999999999999639e-02 8.850520832667399529e-02
1.219999999999998863e-02 8.463666150622299600e-02
1.221999999999999476e-02 8.090417932099200349e-02
1.224000000000000088e-02 7.730474044329900540e-02
1.225999999999999313e-02 7.383529812487800437e-02
1.227999999999999925e-02 7.049278618902900251e-02
1.229999999999999150e-02 6.727412479376100596e-02
1.231999999999999762e-02 6.417622596247900268e-02
1.233999999999998987e-02 6.119599887945399719e-02
1.235999999999999599e-02 5.833035494818999966e-02
1.237999999999998824e-02 5.557621261148199682e-02
1.239999999999999436e-02 5.293050193270699977e-02
1.242000000000000048e-02 5.039016893861100049e-02
1.243999999999999273e-02 4.795217972441499776e-02
1.245999999999999885e-02 4.561352432281100266e-02
1.247999999999999110e-02 4.337122033886799816e-02
1.249999999999999722e-02 4.122231635355599888e-02
1.251999999999998947e-02 3.916389509898599713e-02
1.253999999999999559e-02 3.719307640905700207e-02
1.255999999999998784e-02 3.530701994954599937e-02
1.257999999999999396e-02 3.350292773217199843e-02
1.260000000000000009e-02 3.177804641749799874e-02
1.261999999999999234e-02 3.012966941185999878e-02
1.263999999999999846e-02 2.855513876388399847e-02
1.265999999999999071e-02 2.705184686634999960e-02
1.267999999999999683e-02 2.561723796946300050e-02
1.269999999999998908e-02 2.424880951176500155e-02
1.271999999999999520e-02 2.294411327512600046e-02
1.274000000000000132e-02 2.170075637037899990e-02
1.275999999999999357e-02 2.051640206030400093e-02
1.277999999999999969e-02 1.938877042674699847e-02
1.279999999999999194e-02 1.831563888873400173e-02
1.281999999999999806e-02 1.729484257846999884e-02
1.283999999999999031e-02 1.632427458214700047e-02
1.285999999999999643e-02 1.540188605246099914e-02
1.287999999999998868e-02 1.452568619972600082e-02
1.289999999999999480e-02 1.369374216840799942e-02
1.292000000000000093e-02 1.290417880585800064e-02
1.293999999999999317e-02 1.215517832991500069e-02
1.295999999999999930e-02 1.144497990196700031e-02
1.297999999999999154e-02 1.077187911193100076e-02
1.299999999999999767e-02 1.013422738148599990e-02
1.301999999999998991e-02 9.530431291754000098e-03
1.303999999999999604e-02 8.958951841475999711e-03
1.305999999999998828e-02 8.418303641542999524e-03
1.307999999999999441e-02 7.907054051592999136e-03
1.310000000000000053e-02 7.423822264206000020e-03
1.311999999999999278e-02 6.967278342011999810e-03
1.313999999999999890e-02 6.536142212874999739e-03
1.315999999999999115e-02 6.129182628088999593e-03
1.317999999999999727e-02 5.745216088331999739e-03
1.319999999999998952e-02 5.383105741918000134e-03
1.321999999999999564e-02 5.041760259690999772e-03
1.323999999999998789e-02 4.720132690682999656e-03
1.325999999999999401e-02 4.417219302464000033e-03
1.328000000000000014e-02 4.132058409901999581e-03
1.329999999999999238e-02 3.863729195841999944e-03
1.331999999999999851e-02 3.611350527029000019e-03
1.333999999999999075e-02 3.374079768366000046e-03
1.335999999999999688e-02 3.151111598443999927e-03
1.337999999999998912e-02 2.941676829045000024e-03
1.339999999999999525e-02 2.745041231162999914e-03
1.342000000000000137e-02 2.560504369890000045e-03
1.343999999999999362e-02 2.387398450327999928e-03
1.345999999999999974e-02 2.225087176519000096e-03
1.347999999999999199e-02 2.072964625229000140e-03
1.349999999999999811e-02 1.930454136228000085e-03
1.351999999999999036e-02 1.797007220575000093e-03
1.353999999999999648e-02 1.672102488266999929e-03
1.355999999999998873e-02 1.555244596432000040e-03
1.357999999999999485e-02 1.445963219157000035e-03
1.360000000000000098e-02 1.343812039856000012e-03
1.361999999999999322e-02 1.248367767004000036e-03
1.363999999999999935e-02 1.159229173904999894e-03
1.365999999999999159e-02 1.076016163066000108e-03
1.367999999999999772e-02 9.983688556440000091e-04
1.369999999999998996e-02 9.259467063139999914e-04
1.371999999999999609e-02 8.584276438290000272e-04
1.373999999999998833e-02 7.955072374449999534e-04
1.375999999999999446e-02 7.368978893009999484e-04
1.378000000000000058e-02 6.823280527560000386e-04
1.379999999999999283e-02 6.315414766389999737e-04
1.381999999999999895e-02 5.842964752720000233e-04
1.383999999999999120e-02 5.403652240850000208e-04
1.385999999999999732e-02 4.995330805739999760e-04
1.387999999999998957e-02 4.615979303009999776e-04
1.389999999999999569e-02 4.263695576109999730e-04
1.391999999999998794e-02 3.936690406550000113e-04
1.393999999999999406e-02 3.633281703219999950e-04
1.396000000000000019e-02 3.351888926030000210e-04
1.397999999999999243e-02 3.091027739169999937e-04
1.399999999999999856e-02 2.849304888769999965e-04
1.401999999999999080e-02 2.625413299709999926e-04
1.403999999999999693e-02 2.418127386029999908e-04
1.405999999999998917e-02 2.226298569189999910e-04
1.407999999999999530e-02 2.048850998510000007e-04
1.409999999999998754e-02 1.884777467830000132e-04
1.411999999999999367e-02 1.733135522389999978e-04
1.413999999999999979e-02 1.593043749950000091e-04
1.415999999999999204e-02 1.463678250119999902e-04
1.417999999999999816e-02 1.344269275810000097e-04
1.419999999999999041e-02 1.234098040869999972e-04
1.421999999999999653e-02 1.132493687749999977e-04
1.423999999999998878e-02 1.038830409460000031e-04
1.425999999999999490e-02 9.525247197200000448e-05
1.428000000000000103e-02 8.730328657000000338e-05
1.429999999999999327e-02 7.998483774899999824e-05
1.431999999999999940e-02 7.324997487599999740e-05
1.433999999999999164e-02 6.705482430300000189e-05
1.435999999999999777e-02 6.135858203000000601e-05
1.437999999999999001e-02 5.612331785999999677e-05
1.439999999999999614e-02 5.131379054300000083e-05
1.441999999999998838e-02 4.689727341199999874e-05
1.443999999999999451e-02 4.284339000799999896e-05
1.446000000000000063e-02 3.912395924599999905e-05
1.447999999999999288e-02 3.571284964199999826e-05
1.449999999999999900e-02 3.258584217399999882e-05
1.451999999999999125e-02 2.972050134299999893e-05
1.453999999999999737e-02 2.709605401499999854e-05
1.455999999999998962e-02 2.469327566100000009e-05
1.457999999999999574e-02 2.249438359400000056e-05
1.459999999999998799e-02 2.048293684699999952e-05
1.461999999999999411e-02 1.864374233199999888e-05
1.464000000000000024e-02 1.696276693900000007e-05
1.465999999999999248e-02 1.542705525700000156e-05
1.467999999999999861e-02 1.402465259100000024e-05
1.469999999999999085e-02 1.274453299200000079e-05
1.471999999999999698e-02 1.157653200300000019e-05
1.473999999999998922e-02 1.051128386000000080e-05
1.475999999999999535e-02 9.540162872999999202e-06
1.477999999999998759e-02 8.655228759999999876e-06
1.479999999999999372e-02 7.849175678000000242e-06
1.481999999999999984e-02 7.115284750000000248e-06
1.483999999999999209e-02 6.447379849000000372e-06
1.485999999999999821e-02 5.839786461999999782e-06
1.487999999999999046e-02 5.287293432000000074e-06
1.489999999999999658e-02 4.785117391999999708e-06
1.491999999999998883e-02 4.328869733000000392e-06
1.493999999999999495e-02 3.914525930000000212e-06
1.496000000000000107e-02 3.538397082999999980e-06
1.497999999999999332e-02 3.197103526000000146e-06
1.499999999999999944e-02 2.887550361999999823e-06
1.501999999999999169e-02 2.606904804999999937e-06
1.503999999999999782e-02 2.352575199999999966e-06
1.505999999999999006e-02 2.122191610999999941e-06
1.507999999999999619e-02 1.913587870000000027e-06
1.509999999999998843e-02 1.724784981999999930e-06
1.511999999999999456e-02 1.553975801999999961e-06
1.514000000000000068e-02 1.399510877999999972e-06
1.515999999999999293e-02 1.259885397000000072e-06
1.517999999999999905e-02 1.133727138999999920e-06
1.519999999999999130e-02 1.019785376999999961e-06
1.521999999999999742e-02 9.169206520000000169e-07
1.523999999999998967e-02 8.240953549999999595e-07
1.525999999999999579e-02 7.403650590000000280e-07
1.527999999999998804e-02 6.648705549999999988e-07
1.529999999999999416e-02 5.968305180000000044e-07
1.532000000000000028e-02 5.355347799999999538e-07
1.533999999999999253e-02 4.803381459999999700e-07
1.535999999999999865e-02 4.306547189999999739e-07
1.537999999999999090e-02 3.859526969999999747e-07
1.539999999999999702e-02 3.457496010000000174e-07
1.541999999999998927e-02 3.096078979999999762e-07
1.543999999999999539e-02 2.771310019999999760e-07
1.545999999999998764e-02 2.479596019999999905e-07
1.547999999999999376e-02 2.217683089999999870e-07
1.549999999999999989e-02 1.982625910000000052e-07
1.551999999999999214e-02 1.771759639999999996e-07
1.553999999999999826e-02 1.582674379999999977e-07
1.555999999999999051e-02 1.413191690000000007e-07
1.557999999999999663e-02 1.261343319999999964e-07
1.559999999999998888e-02 1.125351749999999944e-07
1.561999999999999500e-02 1.003612360000000036e-07
1.564000000000000112e-02 8.946773700000000301e-08
1.565999999999999337e-02 7.972410299999999617e-08
1.567999999999999949e-02 7.101262500000000488e-08
1.569999999999999174e-02 6.322723999999999806e-08
1.571999999999999786e-02 5.627242399999999874e-08
1.573999999999999011e-02 5.006217999999999969e-08
1.575999999999999623e-02 4.451912599999999696e-08
1.577999999999998848e-02 3.957366199999999899e-08
1.579999999999999460e-02 3.516321599999999799e-08
1.582000000000000073e-02 3.123155899999999972e-08
1.583999999999999297e-02 2.772818799999999892e-08
1.585999999999999910e-02 2.460775800000000001e-08
1.587999999999999134e-02 2.182957799999999875e-08
1.589999999999999747e-02 1.935714800000000008e-08
1.591999999999998971e-02 1.715774200000000099e-08
1.593999999999999584e-02 1.520203199999999968e-08
1.595999999999998809e-02 1.346374500000000043e-08
1.597999999999999421e-02 1.191935800000000069e-08
1.600000000000000033e-02 1.054781700000000078e-08
1.601999999999999258e-02 9.330288000000000651e-09
1.603999999999999870e-02 8.249928999999999956e-09
1.605999999999999095e-02 7.291689000000000172e-09
1.607999999999999707e-02 6.442120000000000084e-09
1.609999999999998932e-02 5.689212999999999759e-09
1.611999999999999544e-02 5.022249999999999692e-09
1.613999999999998769e-02 4.431667999999999632e-09
1.615999999999999381e-02 3.908937999999999721e-09
1.617999999999999994e-02 3.446459000000000206e-09
1.619999999999999218e-02 3.037458000000000162e-09
1.621999999999999831e-02 2.675901000000000146e-09
1.623999999999999055e-02 2.356420000000000017e-09
1.625999999999999668e-02 2.074235000000000127e-09
1.627999999999998892e-02 1.825096999999999907e-09
1.629999999999999505e-02 1.605228000000000032e-09
1.632000000000000117e-02 1.411270000000000029e-09
1.633999999999999342e-02 1.240242000000000069e-09
1.635999999999999954e-02 1.089495999999999977e-09
1.637999999999999179e-02 9.566809999999999558e-10
1.639999999999999791e-02 8.397140000000000225e-10
1.641999999999999016e-02 7.367480000000000495e-10
1.643999999999999628e-02 6.461430000000000299e-10
1.645999999999998853e-02 5.664500000000000447e-10
1.647999999999999465e-02 4.963830000000000218e-10
1.650000000000000078e-02 4.348049999999999787e-10
1.651999999999999302e-02 3.807109999999999791e-10
1.653999999999999915e-02 3.332109999999999881e-10
1.655999999999999139e-02 2.915179999999999750e-10
1.657999999999999752e-02 2.549379999999999834e-10
1.659999999999998976e-02 2.228569999999999936e-10
1.661999999999999589e-02 1.947339999999999916e-10
1.663999999999998813e-02 1.700900000000000041e-10
1.665999999999999426e-02 1.485040000000000126e-10
1.668000000000000038e-02 1.296049999999999883e-10
1.669999999999999263e-02 1.130649999999999994e-10
1.671999999999999875e-02 9.859499999999999660e-11
1.673999999999999100e-02 8.594199999999999387e-11
1.675999999999999712e-02 7.488199999999999536e-11
1.677999999999998937e-02 6.521899999999999988e-11
1.679999999999999549e-02 5.678000000000000322e-11
1.681999999999998774e-02 4.941300000000000038e-11
1.683999999999999386e-02 4.298399999999999860e-11
1.685999999999999999e-02 3.737600000000000230e-11
1.687999999999999223e-02 3.248600000000000031e-11
1.689999999999999836e-02 2.822500000000000141e-11
1.691999999999999060e-02 2.451300000000000107e-11
1.693999999999999673e-02 2.127999999999999980e-11
1.695999999999998897e-02 1.846599999999999987e-11
1.697999999999999510e-02 1.601700000000000011e-11
1.700000000000000122e-02 1.388800000000000060e-11
1.701999999999999347e-02 1.203699999999999970e-11
1.703999999999999959e-02 1.042800000000000040e-11
1.705999999999999184e-02 9.031000000000000596e-12
1.707999999999999796e-02 7.817000000000000316e-12
1.709999999999999021e-02 6.763999999999999855e-12
1.711999999999999633e-02 5.851000000000000009e-12
1.713999999999998858e-02 5.057999999999999652e-12
1.715999999999999470e-02 4.370999999999999853e-12
1.718000000000000083e-02 3.776000000000000066e-12
1.719999999999999307e-02 3.260999999999999938e-12
1.721999999999999920e-02 2.815000000000000021e-12
1.723999999999999144e-02 2.428999999999999848e-12
1.725999999999999757e-02 2.094999999999999858e-12
1.727999999999998981e-02 1.805999999999999979e-12
1.729999999999999594e-02 1.556000000000000034e-12
1.731999999999998818e-02 1.341000000000000041e-12
1.733999999999999431e-02 1.153999999999999930e-12
1.736000000000000043e-02 9.929999999999999087e-13
1.737999999999999268e-02 8.549999999999999919e-13
1.739999999999999880e-02 7.349999999999999983e-13
1.741999999999999105e-02 6.320000000000000333e-13
1.743999999999999717e-02 5.430000000000000087e-13
1.745999999999998942e-02 4.660000000000000338e-13
1.747999999999999554e-02 4.000000000000000121e-13
1.749999999999998779e-02 3.439999999999999983e-13
1.751999999999999391e-02 2.950000000000000052e-13
1.754000000000000004e-02 2.529999999999999822e-13
1.755999999999999228e-02 2.170000000000000094e-13
1.757999999999999841e-02 1.859999999999999900e-13
1.759999999999999065e-02 1.590000000000000041e-13
1.761999999999999678e-02 1.360000000000000011e-13
1.763999999999998902e-02 1.170000000000000063e-13
1.765999999999999515e-02 1.000000000000000030e-13
1.768000000000000127e-02 8.500000000000000384e-14
1.769999999999999352e-02 7.300000000000000449e-14
1.771999999999999964e-02 6.200000000000000087e-14
1.773999999999999189e-02 5.300000000000000136e-14
1.775999999999999801e-02 4.499999999999999758e-14
1.777999999999999026e-02 3.899999999999999790e-14
1.779999999999999638e-02 3.299999999999999823e-14
1.781999999999998863e-02 2.800000000000000060e-14
1.783999999999999475e-02 2.399999999999999871e-14
1.786000000000000087e-02 1.999999999999999998e-14
1.787999999999999312e-02 1.700000000000000014e-14
1.789999999999999925e-02 1.499999999999999919e-14
1.791999999999999149e-02 1.299999999999999983e-14
1.793999999999999762e-02 1.100000000000000046e-14
1.795999999999998986e-02 8.999999999999999516e-15
1.797999999999999599e-02 8.000000000000000622e-15
1.799999999999998823e-02 7.000000000000000150e-15
1.801999999999999436e-02 5.999999999999999677e-15
1.804000000000000048e-02 4.999999999999999994e-15
1.805999999999999273e-02 4.000000000000000311e-15
1.807999999999999885e-02 2.999999999999999839e-15
1.809999999999999110e-02 2.999999999999999839e-15
1.811999999999999722e-02 2.000000000000000155e-15
1.813999999999998947e-02 2.000000000000000155e-15
1.815999999999999559e-02 2.000000000000000155e-15
1.817999999999998784e-02 1.000000000000000078e-15
1.819999999999999396e-02 1.000000000000000078e-15
1.822000000000000008e-02 1.000000000000000078e-15
1.823999999999999233e-02 1.000000000000000078e-15
1.825999999999999845e-02 1.000000000000000078e-15
1.827999999999999070e-02 1.000000000000000078e-15
1.829999999999999682e-02 1.000000000000000078e-15
1.831999999999998907e-02 0.000000000000000000e+00
1.833999999999999519e-02 0.000000000000000000e+00
1.836000000000000132e-02 0.000000000000000000e+00
1.837999999999999357e-02 0.000000000000000000e+00
1.839999999999999969e-02 0.000000000000000000e+00
1.841999999999999194e-02 0.000000000000000000e+00
1.843999999999999806e-02 0.000000000000000000e+00
1.845999999999999031e-02 0.000000000000000000e+00
1.847999999999999643e-02 0.000000000000000000e+00
1.849999999999998868e-02 0.000000000000000000e+00
1.851999999999999480e-02 0.000000000000000000e+00
1.854000000000000092e-02 0.000000000000000000e+00
1.855999999999999317e-02 0.000000000000000000e+00
1.857999999999999929e-02 0.000000000000000000e+00
1.859999999999999154e-02 0.000000000000000000e+00
1.861999999999999766e-02 0.000000000000000000e+00
1.863999999999998991e-02 0.000000000000000000e+00
1.865999999999999603e-02 0.000000000000000000e+00
1.867999999999998828e-02 0.000000000000000000e+00
1.869999999999999440e-02 0.000000000000000000e+00
1.872000000000000053e-02 0.000000000000000000e+00
1.873999999999999277e-02 0.000000000000000000e+00
1.875999999999999890e-02 0.000000000000000000e+00
1.877999999999999114e-02 0.000000000000000000e+00
1.879999999999999727e-02 0.000000000000000000e+00
1.881999999999998952e-02 0.000000000000000000e+00
1.883999999999999564e-02 0.000000000000000000e+00
1.885999999999998789e-02 0.000000000000000000e+00
1.887999999999999401e-02 0.000000000000000000e+00
1.890000000000000013e-02 0.000000000000000000e+00
1.891999999999999238e-02 0.000000000000000000e+00
1.893999999999999850e-02 0.000000000000000000e+00
1.895999999999999075e-02 0.000000000000000000e+00
1.897999999999999687e-02 0.000000000000000000e+00
1.899999999999998912e-02 0.000000000000000000e+00
1.901999999999999524e-02 0.000000000000000000e+00
1.904000000000000137e-02 0.000000000000000000e+00
1.905999999999999361e-02 0.000000000000000000e+00
1.907999999999999974e-02 0.000000000000000000e+00
1.909999999999999198e-02 0.000000000000000000e+00
1.911999999999999811e-02 0.000000000000000000e+00
1.913999999999999035e-02 0.000000000000000000e+00
1.915999999999999648e-02 0.000000000000000000e+00
1.917999999999998872e-02 0.000000000000000000e+00
1.919999999999999485e-02 0.000000000000000000e+00
1.922000000000000097e-02 0.000000000000000000e+00
1.923999999999999322e-02 0.000000000000000000e+00
1.925999999999999934e-02 0.000000000000000000e+00
1.927999999999999159e-02 0.000000000000000000e+00
1.929999999999999771e-02 0.000000000000000000e+00
1.931999999999998996e-02 0.000000000000000000e+00
1.933999999999999608e-02 0.000000000000000000e+00
1.935999999999998833e-02 0.000000000000000000e+00
1.937999999999999445e-02 0.000000000000000000e+00
1.940000000000000058e-02 0.000000000000000000e+00
1.941999999999999282e-02 0.000000000000000000e+00
1.943999999999999895e-02 0.000000000000000000e+00
1.945999999999999119e-02 0.000000000000000000e+00
1.947999999999999732e-02 0.000000000000000000e+00
1.949999999999998956e-02 0.000000000000000000e+00
1.951999999999999569e-02 0.000000000000000000e+00
1.953999999999998793e-02 0.000000000000000000e+00
1.955999999999999406e-02 0.000000000000000000e+00
1.958000000000000018e-02 0.000000000000000000e+00
1.959999999999999243e-02 0.000000000000000000e+00
1.961999999999999855e-02 0.000000000000000000e+00
1.963999999999999080e-02 0.000000000000000000e+00
1.965999999999999692e-02 0.000000000000000000e+00
1.967999999999998917e-02 0.000000000000000000e+00
1.969999999999999529e-02 0.000000000000000000e+00
1.971999999999998754e-02 0.000000000000000000e+00
1.973999999999999366e-02 0.000000000000000000e+00
1.975999999999999979e-02 0.000000000000000000e+00
1.977999999999999203e-02 0.000000000000000000e+00
1.979999999999999816e-02 0.000000000000000000e+00
1.981999999999999040e-02 0.000000000000000000e+00
1.983999999999999653e-02 0.000000000000000000e+00
1.985999999999998877e-02 0.000000000000000000e+00
1.987999999999999490e-02 0.000000000000000000e+00
1.990000000000000102e-02 0.000000000000000000e+00
1.991999999999999327e-02 0.000000000000000000e+00
1.993999999999999939e-02 0.000000000000000000e+00
1.995999999999999164e-02 0.000000000000000000e+00
1.997999999999999776e-02 0.000000000000000000e+00
1.999999999999999001e-02 0.000000000000000000e+00
2.001999999999999613e-02 0.000000000000000000e+00
2.003999999999998838e-02 0.000000000000000000e+00
2.005999999999999450e-02 0.000000000000000000e+00
2.008000000000000063e-02 0.000000000000000000e+00
2.009999999999999287e-02 0.000000000000000000e+00
2.011999999999999900e-02 0.000000000000000000e+00
2.013999999999999124e-02 0.000000000000000000e+00
2.015999999999999737e-02 0.000000000000000000e+00
2.017999999999998961e-02 0.000000000000000000e+00
2.019999999999999574e-02 0.000000000000000000e+00
2.021999999999998798e-02 0.000000000000000000e+00
2.023999999999999411e-02 0.000000000000000000e+00
2.026000000000000023e-02 0.000000000000000000e+00
2.027999999999999248e-02 0.000000000000000000e+00
2.029999999999999860e-02 0.000000000000000000e+00
2.031999999999999085e-02 0.000000000000000000e+00
2.033999999999999697e-02 0.000000000000000000e+00
2.035999999999998922e-02 0.000000000000000000e+00
2.037999999999999534e-02 0.000000000000000000e+00
2.039999999999998759e-02 0.000000000000000000e+00
2.041999999999999371e-02 0.000000000000000000e+00
2.043999999999999984e-02 0.000000000000000000e+00
2.045999999999999208e-02 0.000000000000000000e+00
2.047999999999999821e-02 0.000000000000000000e+00
2.049999999999999045e-02 0.000000000000000000e+00
2.051999999999999658e-02 0.000000000000000000e+00
2.053999999999998882e-02 0.000000000000000000e+00
2.055999999999999495e-02 0.000000000000000000e+00
2.058000000000000107e-02 0.000000000000000000e+00
2.059999999999999332e-02 0.000000000000000000e+00
2.061999999999999944e-02 0.000000000000000000e+00
2.063999999999999169e-02 0.000000000000000000e+00
2.065999999999999781e-02 0.000000000000000000e+00
2.067999999999999006e-02 0.000000000000000000e+00
2.069999999999999618e-02 0.000000000000000000e+00
2.071999999999998843e-02 0.000000000000000000e+00
2.073999999999999455e-02 0.000000000000000000e+00
2.076000000000000068e-02 0.000000000000000000e+00
2.077999999999999292e-02 0.000000000000000000e+00
2.079999999999999905e-02 0.000000000000000000e+00
2.081999999999999129e-02 0.000000000000000000e+00
2.083999999999999742e-02 0.000000000000000000e+00
2.085999999999998966e-02 0.000000000000000000e+00
2.087999999999999579e-02 0.000000000000000000e+00
2.089999999999998803e-02 0.000000000000000000e+00
2.091999999999999416e-02 0.000000000000000000e+00
2.094000000000000028e-02 0.000000000000000000e+00
2.095999999999999253e-02 0.000000000000000000e+00
2.097999999999999865e-02 0.000000000000000000e+00
2.099999999999999090e-02 0.000000000000000000e+00
2.101999999999999702e-02 0.000000000000000000e+00
2.103999999999998927e-02 0.000000000000000000e+00
2.105999999999999539e-02 0.000000000000000000e+00
2.107999999999998764e-02 0.000000000000000000e+00
2.109999999999999376e-02 0.000000000000000000e+00
2.111999999999999988e-02 0.000000000000000000e+00
2.113999999999999213e-02 0.000000000000000000e+00
2.115999999999999825e-02 0.000000000000000000e+00
2.117999999999999050e-02 0.000000000000000000e+00
2.119999999999999662e-02 0.000000000000000000e+00
2.121999999999998887e-02 0.000000000000000000e+00
2.123999999999999500e-02 0.000000000000000000e+00
2.126000000000000112e-02 0.000000000000000000e+00
2.127999999999999337e-02 0.000000000000000000e+00
2.129999999999999949e-02 0.000000000000000000e+00
2.131999999999999174e-02 0.000000000000000000e+00
2.133999999999999786e-02 0.000000000000000000e+00
2.135999999999999011e-02 0.000000000000000000e+00
2.137999999999999623e-02 0.000000000000000000e+00
2.139999999999998848e-02 0.000000000000000000e+00
2.141999999999999460e-02 0.000000000000000000e+00
2.144000000000000072e-02 0.000000000000000000e+00
2.145999999999999297e-02 0.000000000000000000e+00
2.147999999999999909e-02 0.000000000000000000e+00
2.149999999999999134e-02 0.000000000000000000e+00
2.151999999999999746e-02 0.000000000000000000e+00
2.153999999999998971e-02 0.000000000000000000e+00
2.155999999999999583e-02 0.000000000000000000e+00
2.157999999999998808e-02 0.000000000000000000e+00
2.159999999999999420e-02 0.000000000000000000e+00
2.162000000000000033e-02 0.000000000000000000e+00
2.163999999999999257e-02 0.000000000000000000e+00
2.165999999999999870e-02 0.000000000000000000e+00
2.167999999999999095e-02 0.000000000000000000e+00
2.169999999999999707e-02 0.000000000000000000e+00
2.171999999999998932e-02 0.000000000000000000e+00
2.173999999999999544e-02 0.000000000000000000e+00
2.175999999999998769e-02 0.000000000000000000e+00
2.177999999999999381e-02 0.000000000000000000e+00
2.179999999999999993e-02 0.000000000000000000e+00
2.181999999999999218e-02 0.000000000000000000e+00
2.183999999999999830e-02 0.000000000000000000e+00
2.185999999999999055e-02 0.000000000000000000e+00
2.187999999999999667e-02 0.000000000000000000e+00
2.189999999999998892e-02 0.000000000000000000e+00
2.191999999999999504e-02 0.000000000000000000e+00
2.194000000000000117e-02 0.000000000000000000e+00
2.195999999999999341e-02 0.000000000000000000e+00
2.197999999999999954e-02 0.000000000000000000e+00
2.199999999999999178e-02 0.000000000000000000e+00
2.201999999999999791e-02 0.000000000000000000e+00
2.203999999999999015e-02 0.000000000000000000e+00
2.205999999999999628e-02 0.000000000000000000e+00
2.207999999999998852e-02 0.000000000000000000e+00
2.209999999999999465e-02 0.000000000000000000e+00
2.212000000000000077e-02 0.000000000000000000e+00
2.213999999999999302e-02 0.000000000000000000e+00
2.215999999999999914e-02 0.000000000000000000e+00
2.217999999999999139e-02 0.000000000000000000e+00
2.219999999999999751e-02 0.000000000000000000e+00
2.221999999999998976e-02 0.000000000000000000e+00
2.223999999999999588e-02 0.000000000000000000e+00
2.225999999999998813e-02 0.000000000000000000e+00
2.227999999999999425e-02 0.000000000000000000e+00
2.230000000000000038e-02 0.000000000000000000e+00
2.231999999999999262e-02 0.000000000000000000e+00
2.233999999999999875e-02 0.000000000000000000e+00
2.235999999999999099e-02 0.000000000000000000e+00
2.237999999999999712e-02 0.000000000000000000e+00
2.239999999999998936e-02 0.000000000000000000e+00
2.241999999999999549e-02 0.000000000000000000e+00
2.243999999999998773e-02 0.000000000000000000e+00
2.245999999999999386e-02 0.000000000000000000e+00
2.247999999999999998e-02 0.000000000000000000e+00
2.249999999999999223e-02 0.000000000000000000e+00
2.251999999999999835e-02 0.000000000000000000e+00
2.253999999999999060e-02 0.000000000000000000e+00
2.255999999999999672e-02 0.000000000000000000e+00
2.257999999999998897e-02 0.000000000000000000e+00
2.259999999999999509e-02 0.000000000000000000e+00
2.262000000000000122e-02 0.000000000000000000e+00
2.263999999999999346e-02 0.000000000000000000e+00
2.265999999999999959e-02 0.000000000000000000e+00
2.267999999999999183e-02 0.000000000000000000e+00
2.269999999999999796e-02 0.000000000000000000e+00
2.271999999999999020e-02 0.000000000000000000e+00
2.273999999999999633e-02 0.000000000000000000e+00
2.275999999999998857e-02 0.000000000000000000e+00
2.277999999999999470e-02 0.000000000000000000e+00
2.280000000000000082e-02 0.000000000000000000e+00
2.281999999999999307e-02 0.000000000000000000e+00
2.283999999999999919e-02 0.000000000000000000e+00
2.285999999999999144e-02 0.000000000000000000e+00
2.287999999999999756e-02 0.000000000000000000e+00
2.289999999999998981e-02 0.000000000000000000e+00
2.291999999999999593e-02 0.000000000000000000e+00
2.293999999999998818e-02 0.000000000000000000e+00
2.295999999999999430e-02 0.000000000000000000e+00
2.298000000000000043e-02 0.000000000000000000e+00
2.299999999999999267e-02 0.000000000000000000e+00
2.301999999999999880e-02 0.000000000000000000e+00
2.303999999999999104e-02 0.000000000000000000e+00
2.305999999999999717e-02 0.000000000000000000e+00
2.307999999999998941e-02 0.000000000000000000e+00
2.309999999999999554e-02 0.000000000000000000e+00
2.311999999999998778e-02 0.000000000000000000e+00
2.313999999999999391e-02 0.000000000000000000e+00
2.316000000000000003e-02 0.000000000000000000e+00
2.317999999999999228e-02 0.000000000000000000e+00
2.319999999999999840e-02 0.000000000000000000e+00
2.321999999999999065e-02 0.000000000000000000e+00
2.323999999999999677e-02 0.000000000000000000e+00
2.325999999999998902e-02 0.000000000000000000e+00
2.327999999999999514e-02 0.000000000000000000e+00
2.330000000000000127e-02 0.000000000000000000e+00
2.331999999999999351e-02 0.000000000000000000e+00
2.333999999999999964e-02 0.000000000000000000e+00
2.335999999999999188e-02 0.000000000000000000e+00
2.337999999999999801e-02 0.000000000000000000e+00
2.339999999999999025e-02 0.000000000000000000e+00
2.341999999999999638e-02 0.000000000000000000e+00
2.343999999999998862e-02 0.000000000000000000e+00
2.345999999999999475e-02 0.000000000000000000e+00
2.348000000000000087e-02 0.000000000000000000e+00
2.349999999999999312e-02 0.000000000000000000e+00
2.351999999999999924e-02 0.000000000000000000e+00
2.353999999999999149e-02 0.000000000000000000e+00
2.355999999999999761e-02 0.000000000000000000e+00
2.357999999999998986e-02 0.000000000000000000e+00
2.359999999999999598e-02 0.000000000000000000e+00
2.361999999999998823e-02 0.000000000000000000e+00
2.363999999999999435e-02 0.000000000000000000e+00
2.366000000000000048e-02 0.000000000000000000e+00
2.367999999999999272e-02 0.000000000000000000e+00
2.369999999999999885e-02 0.000000000000000000e+00
2.371999999999999109e-02 0.000000000000000000e+00
2.373999999999999722e-02 0.000000000000000000e+00
2.375999999999998946e-02 0.000000000000000000e+00
2.377999999999999559e-02 0.000000000000000000e+00
2.379999999999998783e-02 0.000000000000000000e+00
2.381999999999999396e-02 0.000000000000000000e+00
2.384000000000000008e-02 0.000000000000000000e+00
2.385999999999999233e-02 0.000000000000000000e+00
2.387999999999999845e-02 0.000000000000000000e+00
2.389999999999999070e-02 0.000000000000000000e+00
2.391999999999999682e-02 0.000000000000000000e+00
2.393999999999998907e-02 0.000000000000000000e+00
2.395999999999999519e-02 0.000000000000000000e+00
2.398000000000000131e-02 0.000000000000000000e+00
2.399999999999999356e-02 0.000000000000000000e+00
2.401999999999999968e-02 0.000000000000000000e+00
2.403999999999999193e-02 0.000000000000000000e+00
2.405999999999999805e-02 0.000000000000000000e+00
2.407999999999999030e-02 0.000000000000000000e+00
2.409999999999999643e-02 0.000000000000000000e+00
2.411999999999998867e-02 0.000000000000000000e+00
2.413999999999999480e-02 0.000000000000000000e+00
2.416000000000000092e-02 0.000000000000000000e+00
2.417999999999999317e-02 0.000000000000000000e+00
2.419999999999999929e-02 0.000000000000000000e+00
2.421999999999999154e-02 0.000000000000000000e+00
2.423999999999999766e-02 0.000000000000000000e+00
2.425999999999998991e-02 0.000000000000000000e+00
2.427999999999999603e-02 0.000000000000000000e+00
2.429999999999998828e-02 0.000000000000000000e+00
2.431999999999999440e-02 0.000000000000000000e+00
2.434000000000000052e-02 0.000000000000000000e+00
2.435999999999999277e-02 0.000000000000000000e+00
2.437999999999999889e-02 0.000000000000000000e+00
2.439999999999999114e-02 0.000000000000000000e+00
2.441999999999999726e-02 0.000000000000000000e+00
2.443999999999998951e-02 0.000000000000000000e+00
2.445999999999999563e-02 0.000000000000000000e+00
2.447999999999998788e-02 0.000000000000000000e+00
2.449999999999999400e-02 0.000000000000000000e+00
2.452000000000000013e-02 0.000000000000000000e+00
2.453999999999999237e-02 0.000000000000000000e+00
2.455999999999999850e-02 0.000000000000000000e+00
2.457999999999999075e-02 0.000000000000000000e+00
2.459999999999999687e-02 0.000000000000000000e+00
2.461999999999998912e-02 0.000000000000000000e+00
2.463999999999999524e-02 0.000000000000000000e+00
2.466000000000000136e-02 0.000000000000000000e+00
2.467999999999999361e-02 0.000000000000000000e+00
2.469999999999999973e-02 0.000000000000000000e+00
2.471999999999999198e-02 0.000000000000000000e+00
2.473999999999999810e-02 0.000000000000000000e+00
2.475999999999999035e-02 0.000000000000000000e+00
2.477999999999999647e-02 0.000000000000000000e+00
2.479999999999998872e-02 0.000000000000000000e+00
2.481999999999999484e-02 0.000000000000000000e+00
2.484000000000000097e-02 0.000000000000000000e+00
2.485999999999999321e-02 0.000000000000000000e+00
2.487999999999999934e-02 0.000000000000000000e+00
2.489999999999999158e-02 0.000000000000000000e+00
2.491999999999999771e-02 0.000000000000000000e+00
2.493999999999998995e-02 0.000000000000000000e+00
2.495999999999999608e-02 0.000000000000000000e+00
2.497999999999998832e-02 0.000000000000000000e+00
2.499999999999999445e-02 0.000000000000000000e+00
2.501999999999998670e-02 0.000000000000000000e+00
2.504000000000000670e-02 0.000000000000000000e+00
2.505999999999999894e-02 0.000000000000000000e+00
2.507999999999999119e-02 0.000000000000000000e+00
2.509999999999998344e-02 0.000000000000000000e+00
2.512000000000000344e-02 0.000000000000000000e+00
2.513999999999999568e-02 0.000000000000000000e+00
2.515999999999998793e-02 0.000000000000000000e+00
2.518000000000000793e-02 0.000000000000000000e+00
2.520000000000000018e-02 0.000000000000000000e+00
2.521999999999999242e-02 0.000000000000000000e+00
2.523999999999998467e-02 0.000000000000000000e+00
2.526000000000000467e-02 0.000000000000000000e+00
2.527999999999999692e-02 0.000000000000000000e+00
2.529999999999998916e-02 0.000000000000000000e+00
2.531999999999998141e-02 0.000000000000000000e+00
2.534000000000000141e-02 0.000000000000000000e+00
2.535999999999999366e-02 0.000000000000000000e+00
2.537999999999998590e-02 0.000000000000000000e+00
2.540000000000000591e-02 0.000000000000000000e+00
2.541999999999999815e-02 0.000000000000000000e+00
2.543999999999999040e-02 0.000000000000000000e+00
2.545999999999998264e-02 0.000000000000000000e+00
2.548000000000000265e-02 0.000000000000000000e+00
2.549999999999999489e-02 0.000000000000000000e+00
2.551999999999998714e-02 0.000000000000000000e+00
2.554000000000000714e-02 0.000000000000000000e+00
2.555999999999999939e-02 0.000000000000000000e+00
2.557999999999999163e-02 0.000000000000000000e+00
2.559999999999998388e-02 0.000000000000000000e+00
2.562000000000000388e-02 0.000000000000000000e+00
2.563999999999999613e-02 0.000000000000000000e+00
2.565999999999998837e-02 0.000000000000000000e+00
2.567999999999998062e-02 0.000000000000000000e+00
2.570000000000000062e-02 0.000000000000000000e+00
2.571999999999999287e-02 0.000000000000000000e+00
2.573999999999998511e-02 0.000000000000000000e+00
2.576000000000000512e-02 0.000000000000000000e+00
2.577999999999999736e-02 0.000000000000000000e+00
2.579999999999998961e-02 0.000000000000000000e+00
2.581999999999998185e-02 0.000000000000000000e+00
2.584000000000000186e-02 0.000000000000000000e+00
2.585999999999999410e-02 0.000000000000000000e+00
2.587999999999998635e-02 0.000000000000000000e+00
2.590000000000000635e-02 0.000000000000000000e+00
2.591999999999999860e-02 0.000000000000000000e+00
2.593999999999999084e-02 0.000000000000000000e+00
2.595999999999998309e-02 0.000000000000000000e+00
2.598000000000000309e-02 0.000000000000000000e+00
2.599999999999999534e-02 0.000000000000000000e+00
2.601999999999998758e-02 0.000000000000000000e+00
2.604000000000000759e-02 0.000000000000000000e+00
2.605999999999999983e-02 0.000000000000000000e+00
2.607999999999999208e-02 0.000000000000000000e+00
2.609999999999998432e-02 0.000000000000000000e+00
2.612000000000000433e-02 0.000000000000000000e+00
2.613999999999999657e-02 0.000000000000000000e+00
2.615999999999998882e-02 0.000000000000000000e+00
2.617999999999998106e-02 0.000000000000000000e+00
2.620000000000000107e-02 0.000000000000000000e+00
2.621999999999999331e-02 0.000000000000000000e+00
2.623999999999998556e-02 0.000000000000000000e+00
2.626000000000000556e-02 0.000000000000000000e+00
2.627999999999999781e-02 0.000000000000000000e+00
2.629999999999999005e-02 0.000000000000000000e+00
2.631999999999998230e-02 0.000000000000000000e+00
2.634000000000000230e-02 0.000000000000000000e+00
2.635999999999999455e-02 0.000000000000000000e+00
2.637999999999998679e-02 0.000000000000000000e+00
2.640000000000000679e-02 0.000000000000000000e+00
2.641999999999999904e-02 0.000000000000000000e+00
2.643999999999999129e-02 0.000000000000000000e+00
2.645999999999998353e-02 0.000000000000000000e+00
2.648000000000000353e-02 0.000000000000000000e+00
2.649999999999999578e-02 0.000000000000000000e+00
2.651999999999998803e-02 0.000000000000000000e+00
2.654000000000000803e-02 0.000000000000000000e+00
2.656000000000000028e-02 0.000000000000000000e+00
2.657999999999999252e-02 0.000000000000000000e+00
2.659999999999998477e-02 0.000000000000000000e+00
2.662000000000000477e-02 0.000000000000000000e+00
2.663999999999999702e-02 0.000000000000000000e+00
2.665999999999998926e-02 0.000000000000000000e+00
2.667999999999998151e-02 0.000000000000000000e+00
2.670000000000000151e-02 0.000000000000000000e+00
2.671999999999999376e-02 0.000000000000000000e+00
2.673999999999998600e-02 0.000000000000000000e+00
2.676000000000000600e-02 0.000000000000000000e+00
2.677999999999999825e-02 0.000000000000000000e+00
2.679999999999999050e-02 0.000000000000000000e+00
2.681999999999998274e-02 0.000000000000000000e+00
2.684000000000000274e-02 0.000000000000000000e+00
2.685999999999999499e-02 0.000000000000000000e+00
2.687999999999998724e-02 0.000000000000000000e+00
2.690000000000000724e-02 0.000000000000000000e+00
2.691999999999999948e-02 0.000000000000000000e+00
2.693999999999999173e-02 0.000000000000000000e+00
2.695999999999998398e-02 0.000000000000000000e+00
2.698000000000000398e-02 0.000000000000000000e+00
2.699999999999999623e-02 0.000000000000000000e+00
2.701999999999998847e-02 0.000000000000000000e+00
2.703999999999998072e-02 0.000000000000000000e+00
2.706000000000000072e-02 0.000000000000000000e+00
2.707999999999999297e-02 0.000000000000000000e+00
2.709999999999998521e-02 0.000000000000000000e+00
2.712000000000000521e-02 0.000000000000000000e+00
2.713999999999999746e-02 0.000000000000000000e+00
2.715999999999998971e-02 0.000000000000000000e+00
2.717999999999998195e-02 0.000000000000000000e+00
2.720000000000000195e-02 0.000000000000000000e+00
2.721999999999999420e-02 0.000000000000000000e+00
2.723999999999998645e-02 0.000000000000000000e+00
2.726000000000000645e-02 0.000000000000000000e+00
2.727999999999999869e-02 0.000000000000000000e+00
2.729999999999999094e-02 0.000000000000000000e+00
2.731999999999998319e-02 0.000000000000000000e+00
2.734000000000000319e-02 0.000000000000000000e+00
2.735999999999999543e-02 0.000000000000000000e+00
2.737999999999998768e-02 0.000000000000000000e+00
2.740000000000000768e-02 0.000000000000000000e+00
2.741999999999999993e-02 0.000000000000000000e+00
2.743999999999999218e-02 0.000000000000000000e+00
2.745999999999998442e-02 0.000000000000000000e+00
2.748000000000000442e-02 0.000000000000000000e+00
2.749999999999999667e-02 0.000000000000000000e+00
2.751999999999998892e-02 0.000000000000000000e+00
2.753999999999998116e-02 0.000000000000000000e+00
2.756000000000000116e-02 0.000000000000000000e+00
2.757999999999999341e-02 0.000000000000000000e+00
2.759999999999998566e-02 0.000000000000000000e+00
2.762000000000000566e-02 0.000000000000000000e+00
2.763999999999999790e-02 0.000000000000000000e+00
2.765999999999999015e-02 0.000000000000000000e+00
2.767999999999998240e-02 0.000000000000000000e+00
2.770000000000000240e-02 0.000000000000000000e+00
2.771999999999999464e-02 0.000000000000000000e+00
2.773999999999998689e-02 0.000000000000000000e+00
2.776000000000000689e-02 0.000000000000000000e+00
2.777999999999999914e-02 0.000000000000000000e+00
2.779999999999999138e-02 0.000000000000000000e+00
2.781999999999998363e-02 0.000000000000000000e+00
2.784000000000000363e-02 0.000000000000000000e+00
2.785999999999999588e-02 0.000000000000000000e+00
2.787999999999998813e-02 0.000000000000000000e+00
2.790000000000000813e-02 0.000000000000000000e+00
2.792000000000000037e-02 0.000000000000000000e+00
2.793999999999999262e-02 0.000000000000000000e+00
2.795999999999998487e-02 0.000000000000000000e+00
2.798000000000000487e-02 0.000000000000000000e+00
2.799999999999999711e-02 0.000000000000000000e+00
2.801999999999998936e-02 0.000000000000000000e+00
2.803999999999998161e-02 0.000000000000000000e+00
2.806000000000000161e-02 0.000000000000000000e+00
2.807999999999999385e-02 0.000000000000000000e+00
2.809999999999998610e-02 0.000000000000000000e+00
2.812000000000000610e-02 0.000000000000000000e+00
2.813999999999999835e-02 0.000000000000000000e+00
2.815999999999999059e-02 0.000000000000000000e+00
2.817999999999998284e-02 0.000000000000000000e+00
2.820000000000000284e-02 0.000000000000000000e+00
2.821999999999999509e-02 0.000000000000000000e+00
2.823999999999998733e-02 0.000000000000000000e+00
2.826000000000000734e-02 0.000000000000000000e+00
2.827999999999999958e-02 0.000000000000000000e+00
2.829999999999999183e-02 0.000000000000000000e+00
2.831999999999998407e-02 0.000000000000000000e+00
2.834000000000000408e-02 0.000000000000000000e+00
2.835999999999999632e-02 0.000000000000000000e+00
2.837999999999998857e-02 0.000000000000000000e+00
2.839999999999998082e-02 0.000000000000000000e+00
2.842000000000000082e-02 0.000000000000000000e+00
2.843999999999999306e-02 0.000000000000000000e+00
2.845999999999998531e-02 0.000000000000000000e+00
2.848000000000000531e-02 0.000000000000000000e+00
2.849999999999999756e-02 0.000000000000000000e+00
2.851999999999998980e-02 0.000000000000000000e+00
2.853999999999998205e-02 0.000000000000000000e+00
2.856000000000000205e-02 0.000000000000000000e+00
2.857999999999999430e-02 0.000000000000000000e+00
2.859999999999998654e-02 0.000000000000000000e+00
2.862000000000000655e-02 0.000000000000000000e+00
2.863999999999999879e-02 0.000000000000000000e+00
2.865999999999999104e-02 0.000000000000000000e+00
2.867999999999998328e-02 0.000000000000000000e+00
2.870000000000000329e-02 0.000000000000000000e+00
2.871999999999999553e-02 0.000000000000000000e+00
2.873999999999998778e-02 0.000000000000000000e+00
2.876000000000000778e-02 0.000000000000000000e+00
2.878000000000000003e-02 0.000000000000000000e+00
2.879999999999999227e-02 0.000000000000000000e+00
2.881999999999998452e-02 0.000000000000000000e+00
2.884000000000000452e-02 0.000000000000000000e+00
2.885999999999999677e-02 0.000000000000000000e+00
2.887999999999998901e-02 0.000000000000000000e+00
2.889999999999998126e-02 0.000000000000000000e+00
2.892000000000000126e-02 0.000000000000000000e+00
2.893999999999999351e-02 0.000000000000000000e+00
2.895999999999998575e-02 0.000000000000000000e+00
2.898000000000000576e-02 0.000000000000000000e+00
2.899999999999999800e-02 0.000000000000000000e+00
2.901999999999999025e-02 0.000000000000000000e+00
2.903999999999998249e-02 0.000000000000000000e+00
2.906000000000000250e-02 0.000000000000000000e+00
2.907999999999999474e-02 0.000000000000000000e+00
2.909999999999998699e-02 0.000000000000000000e+00
2.912000000000000699e-02 0.000000000000000000e+00
2.913999999999999924e-02 0.000000000000000000e+00
2.915999999999999148e-02 0.000000000000000000e+00
2.917999999999998373e-02 0.000000000000000000e+00
2.920000000000000373e-02 0.000000000000000000e+00
2.921999999999999598e-02 0.000000000000000000e+00
2.923999999999998822e-02 0.000000000000000000e+00
2.926000000000000822e-02 0.000000000000000000e+00
2.928000000000000047e-02 0.000000000000000000e+00
2.929999999999999272e-02 0.000000000000000000e+00
2.931999999999998496e-02 0.000000000000000000e+00
2.934000000000000496e-02 0.000000000000000000e+00
2.935999999999999721e-02 0.000000000000000000e+00
2.937999999999998946e-02 0.000000000000000000e+00
2.939999999999998170e-02 0.000000000000000000e+00
2.942000000000000171e-02 0.000000000000000000e+00
2.943999999999999395e-02 0.000000000000000000e+00
2.945999999999998620e-02 0.000000000000000000e+00
2.948000000000000620e-02 0.000000000000000000e+00
2.949999999999999845e-02 0.000000000000000000e+00
2.951999999999999069e-02 0.000000000000000000e+00
2.953999999999998294e-02 0.000000000000000000e+00
2.956000000000000294e-02 0.000000000000000000e+00
2.957999999999999519e-02 0.000000000000000000e+00
2.959999999999998743e-02 0.000000000000000000e+00
2.962000000000000743e-02 0.000000000000000000e+00
2.963999999999999968e-02 0.000000000000000000e+00
2.965999999999999193e-02 0.000000000000000000e+00
2.967999999999998417e-02 0.000000000000000000e+00
2.970000000000000417e-02 0.000000000000000000e+00
2.971999999999999642e-02 0.000000000000000000e+00
2.973999999999998867e-02 0.000000000000000000e+00
2.975999999999998091e-02 0.000000000000000000e+00
2.978000000000000091e-02 0.000000000000000000e+00
2.979999999999999316e-02 0.000000000000000000e+00
2.981999999999998541e-02 0.000000000000000000e+00
2.984000000000000541e-02 0.000000000000000000e+00
2.985999999999999766e-02 0.000000000000000000e+00
2.987999999999998990e-02 0.000000000000000000e+00
2.989999999999998215e-02 0.000000000000000000e+00
2.992000000000000215e-02 0.000000000000000000e+00
2.993999999999999440e-02 0.000000000000000000e+00
2.995999999999998664e-02 0.000000000000000000e+00
2.998000000000000664e-02 0.000000000000000000e+00
2.999999999999999889e-02 0.000000000000000000e+00
3.001999999999999114e-02 0.000000000000000000e+00
3.003999999999998338e-02 0.000000000000000000e+00
3.006000000000000338e-02 0.000000000000000000e+00
3.007999999999999563e-02 0.000000000000000000e+00
3.009999999999998788e-02 0.000000000000000000e+00
3.012000000000000788e-02 0.000000000000000000e+00
3.014000000000000012e-02 0.000000000000000000e+00
3.015999999999999237e-02 0.000000000000000000e+00
3.017999999999998462e-02 0.000000000000000000e+00
3.020000000000000462e-02 0.000000000000000000e+00
3.021999999999999686e-02 0.000000000000000000e+00
3.023999999999998911e-02 0.000000000000000000e+00
3.025999999999998136e-02 0.000000000000000000e+00
3.028000000000000136e-02 0.000000000000000000e+00
3.029999999999999361e-02 0.000000000000000000e+00
3.031999999999998585e-02 0.000000000000000000e+00
3.034000000000000585e-02 0.000000000000000000e+00
3.035999999999999810e-02 0.000000000000000000e+00
3.037999999999999035e-02 0.000000000000000000e+00
3.039999999999998259e-02 0.000000000000000000e+00
3.042000000000000259e-02 0.000000000000000000e+00
3.043999999999999484e-02 0.000000000000000000e+00
3.045999999999998709e-02 0.000000000000000000e+00
3.048000000000000709e-02 0.000000000000000000e+00
3.049999999999999933e-02 0.000000000000000000e+00
3.051999999999999158e-02 0.000000000000000000e+00
3.053999999999998383e-02 0.000000000000000000e+00
3.056000000000000383e-02 0.000000000000000000e+00
3.057999999999999607e-02 0.000000000000000000e+00
3.059999999999998832e-02 0.000000000000000000e+00
3.062000000000000832e-02 0.000000000000000000e+00
3.064000000000000057e-02 0.000000000000000000e+00
3.065999999999999281e-02 0.000000000000000000e+00
3.067999999999998506e-02 0.000000000000000000e+00
3.070000000000000506e-02 0.000000000000000000e+00
3.071999999999999731e-02 0.000000000000000000e+00
3.073999999999998956e-02 0.000000000000000000e+00
3.075999999999998180e-02 0.000000000000000000e+00
3.078000000000000180e-02 0.000000000000000000e+00
3.079999999999999405e-02 0.000000000000000000e+00
3.081999999999998630e-02 0.000000000000000000e+00
3.084000000000000630e-02 0.000000000000000000e+00
3.085999999999999854e-02 0.000000000000000000e+00
3.087999999999999079e-02 0.000000000000000000e+00
3.089999999999998304e-02 0.000000000000000000e+00
3.092000000000000304e-02 0.000000000000000000e+00
3.093999999999999528e-02 0.000000000000000000e+00
3.095999999999998753e-02 0.000000000000000000e+00
3.098000000000000753e-02 0.000000000000000000e+00
3.099999999999999978e-02 0.000000000000000000e+00
3.101999999999999202e-02 0.000000000000000000e+00
3.103999999999998427e-02 0.000000000000000000e+00
3.106000000000000427e-02 0.000000000000000000e+00
3.107999999999999652e-02 0.000000000000000000e+00
3.109999999999998876e-02 0.000000000000000000e+00
3.111999999999998101e-02 0.000000000000000000e+00
3.114000000000000101e-02 0.000000000000000000e+00
3.115999999999999326e-02 0.000000000000000000e+00
3.117999999999998550e-02 0.000000000000000000e+00
3.120000000000000551e-02 0.000000000000000000e+00
3.121999999999999775e-02 0.000000000000000000e+00
3.123999999999999000e-02 0.000000000000000000e+00
3.125999999999998225e-02 0.000000000000000000e+00
3.128000000000000225e-02 0.000000000000000000e+00
3.129999999999999449e-02 0.000000000000000000e+00
3.131999999999998674e-02 0.000000000000000000e+00
3.134000000000000674e-02 0.000000000000000000e+00
3.135999999999999899e-02 0.000000000000000000e+00
3.137999999999999123e-02 0.000000000000000000e+00
3.139999999999998348e-02 0.000000000000000000e+00
3.142000000000000348e-02 0.000000000000000000e+00
3.143999999999999573e-02 0.000000000000000000e+00
3.145999999999998797e-02 0.000000000000000000e+00
3.148000000000000798e-02 0.000000000000000000e+00
3.150000000000000022e-02 0.000000000000000000e+00
3.151999999999999247e-02 0.000000000000000000e+00
3.153999999999998471e-02 0.000000000000000000e+00
3.156000000000000472e-02 0.000000000000000000e+00
3.157999999999999696e-02 0.000000000000000000e+00
3.159999999999998921e-02 0.000000000000000000e+00
3.161999999999998145e-02 0.000000000000000000e+00
3.164000000000000146e-02 0.000000000000000000e+00
3.165999999999999370e-02 0.000000000000000000e+00
3.167999999999998595e-02 0.000000000000000000e+00
3.170000000000000595e-02 0.000000000000000000e+00
3.171999999999999820e-02 0.000000000000000000e+00
3.173999999999999044e-02 0.000000000000000000e+00
3.175999999999998269e-02 0.000000000000000000e+00
3.178000000000000269e-02 0.000000000000000000e+00
3.179999999999999494e-02 0.000000000000000000e+00
3.181999999999998718e-02 0.000000000000000000e+00
3.184000000000000719e-02 0.000000000000000000e+00
3.185999999999999943e-02 0.000000000000000000e+00
3.187999999999999168e-02 0.000000000000000000e+00
3.189999999999998392e-02 0.000000000000000000e+00
3.192000000000000393e-02 0.000000000000000000e+00
3.193999999999999617e-02 0.000000000000000000e+00
3.195999999999998842e-02 0.000000000000000000e+00
3.197999999999998066e-02 0.000000000000000000e+00
3.200000000000000067e-02 0.000000000000000000e+00
3.201999999999999291e-02 0.000000000000000000e+00
3.203999999999998516e-02 0.000000000000000000e+00
3.206000000000000516e-02 0.000000000000000000e+00
3.207999999999999741e-02 0.000000000000000000e+00
3.209999999999998965e-02 0.000000000000000000e+00
3.211999999999998190e-02 0.000000000000000000e+00
3.214000000000000190e-02 0.000000000000000000e+00
3.215999999999999415e-02 0.000000000000000000e+00
3.217999999999998639e-02 0.000000000000000000e+00
3.220000000000000639e-02 0.000000000000000000e+00
3.221999999999999864e-02 0.000000000000000000e+00
3.223999999999999089e-02 0.000000000000000000e+00
3.225999999999998313e-02 0.000000000000000000e+00
3.228000000000000314e-02 0.000000000000000000e+00
3.229999999999999538e-02 0.000000000000000000e+00
3.231999999999998763e-02 0.000000000000000000e+00
3.234000000000000763e-02 0.000000000000000000e+00
3.235999999999999988e-02 0.000000000000000000e+00
3.237999999999999212e-02 0.000000000000000000e+00
3.239999999999998437e-02 0.000000000000000000e+00
3.242000000000000437e-02 0.000000000000000000e+00
3.243999999999999662e-02 0.000000000000000000e+00
3.245999999999998886e-02 0.000000000000000000e+00
3.247999999999998111e-02 0.000000000000000000e+00
3.250000000000000111e-02 0.000000000000000000e+00
3.251999999999999336e-02 0.000000000000000000e+00
3.253999999999998560e-02 0.000000000000000000e+00
3.256000000000000560e-02 0.000000000000000000e+00
3.257999999999999785e-02 0.000000000000000000e+00
3.259999999999999010e-02 0.000000000000000000e+00
3.261999999999998234e-02 0.000000000000000000e+00
3.264000000000000234e-02 0.000000000000000000e+00
3.265999999999999459e-02 0.000000000000000000e+00
3.267999999999998684e-02 0.000000000000000000e+00
3.270000000000000684e-02 0.000000000000000000e+00
3.271999999999999909e-02 0.000000000000000000e+00
3.273999999999999133e-02 0.000000000000000000e+00
3.275999999999998358e-02 0.000000000000000000e+00
3.278000000000000358e-02 0.000000000000000000e+00
3.279999999999999583e-02 0.000000000000000000e+00
3.281999999999998807e-02 0.000000000000000000e+00
3.284000000000000807e-02 0.000000000000000000e+00
3.286000000000000032e-02 0.000000000000000000e+00
3.287999999999999257e-02 0.000000000000000000e+00
3.289999999999998481e-02 0.000000000000000000e+00
3.292000000000000481e-02 0.000000000000000000e+00
3.293999999999999706e-02 0.000000000000000000e+00
3.295999999999998931e-02 0.000000000000000000e+00
3.297999999999998155e-02 0.000000000000000000e+00
3.300000000000000155e-02 0.000000000000000000e+00
3.301999999999999380e-02 0.000000000000000000e+00
3.303999999999998605e-02 0.000000000000000000e+00
3.306000000000000605e-02 0.000000000000000000e+00
3.307999999999999829e-02 0.000000000000000000e+00
3.309999999999999054e-02 0.000000000000000000e+00
3.311999999999998279e-02 0.000000000000000000e+00
3.314000000000000279e-02 0.000000000000000000e+00
3.315999999999999504e-02 0.000000000000000000e+00
3.317999999999998728e-02 0.000000000000000000e+00
3.320000000000000728e-02 0.000000000000000000e+00
3.321999999999999953e-02 0.000000000000000000e+00
3.323999999999999178e-02 0.000000000000000000e+00
3.325999999999998402e-02 0.000000000000000000e+00
3.328000000000000402e-02 0.000000000000000000e+00
3.329999999999999627e-02 0.000000000000000000e+00
3.331999999999998852e-02 0.000000000000000000e+00
3.333999999999998076e-02 0.000000000000000000e+00
3.336000000000000076e-02 0.000000000000000000e+00
3.337999999999999301e-02 0.000000000000000000e+00
3.339999999999998526e-02 0.000000000000000000e+00
3.342000000000000526e-02 0.000000000000000000e+00
3.343999999999999750e-02 0.000000000000000000e+00
3.345999999999998975e-02 0.000000000000000000e+00
3.347999999999998200e-02 0.000000000000000000e+00
3.350000000000000200e-02 0.000000000000000000e+00
3.351999999999999424e-02 0.000000000000000000e+00
3.353999999999998649e-02 0.000000000000000000e+00
3.356000000000000649e-02 0.000000000000000000e+00
3.357999999999999874e-02 0.000000000000000000e+00
3.359999999999999098e-02 0.000000000000000000e+00
3.361999999999998323e-02 0.000000000000000000e+00
3.364000000000000323e-02 0.000000000000000000e+00
3.365999999999999548e-02 0.000000000000000000e+00
3.367999999999998773e-02 0.000000000000000000e+00
3.370000000000000773e-02 0.000000000000000000e+00
3.371999999999999997e-02 0.000000000000000000e+00
3.373999999999999222e-02 0.000000000000000000e+00
3.375999999999998447e-02 0.000000000000000000e+00
3.378000000000000447e-02 0.000000000000000000e+00
3.379999999999999671e-02 0.000000000000000000e+00
3.381999999999998896e-02 0.000000000000000000e+00
3.383999999999998121e-02 0.000000000000000000e+00
3.386000000000000121e-02 0.000000000000000000e+00
3.387999999999999345e-02 0.000000000000000000e+00
3.389999999999998570e-02 0.000000000000000000e+00
3.392000000000000570e-02 0.000000000000000000e+00
3.393999999999999795e-02 0.000000000000000000e+00
3.395999999999999019e-02 0.000000000000000000e+00
3.397999999999998244e-02 0.000000000000000000e+00
3.400000000000000244e-02 0.000000000000000000e+00
3.401999999999999469e-02 0.000000000000000000e+00
3.403999999999998693e-02 0.000000000000000000e+00
3.406000000000000694e-02 0.000000000000000000e+00
3.407999999999999918e-02 0.000000000000000000e+00
3.409999999999999143e-02 0.000000000000000000e+00
3.411999999999998368e-02 0.000000000000000000e+00
3.414000000000000368e-02 0.000000000000000000e+00
3.415999999999999592e-02 0.000000000000000000e+00
3.417999999999998817e-02 0.000000000000000000e+00
3.420000000000000817e-02 0.000000000000000000e+00
3.422000000000000042e-02 0.000000000000000000e+00
3.423999999999999266e-02 0.000000000000000000e+00
3.425999999999998491e-02 0.000000000000000000e+00
3.428000000000000491e-02 0.000000000000000000e+00
3.429999999999999716e-02 0.000000000000000000e+00
3.431999999999998940e-02 0.000000000000000000e+00
3.433999999999998165e-02 0.000000000000000000e+00
3.436000000000000165e-02 0.000000000000000000e+00
3.437999999999999390e-02 0.000000000000000000e+00
3.439999999999998614e-02 0.000000000000000000e+00
3.442000000000000615e-02 0.000000000000000000e+00
3.443999999999999839e-02 0.000000000000000000e+00
3.445999999999999064e-02 0.000000000000000000e+00
3.447999999999998288e-02 0.000000000000000000e+00
3.450000000000000289e-02 0.000000000000000000e+00
3.451999999999999513e-02 0.000000000000000000e+00
3.453999999999998738e-02 0.000000000000000000e+00
3.456000000000000738e-02 0.000000000000000000e+00
3.457999999999999963e-02 0.000000000000000000e+00
3.459999999999999187e-02 0.000000000000000000e+00
3.461999999999998412e-02 0.000000000000000000e+00
3.464000000000000412e-02 0.000000000000000000e+00
3.465999999999999637e-02 0.000000000000000000e+00
3.467999999999998861e-02 0.000000000000000000e+00
3.469999999999998086e-02 0.000000000000000000e+00
3.472000000000000086e-02 0.000000000000000000e+00
3.473999999999999311e-02 0.000000000000000000e+00
3.475999999999998535e-02 0.000000000000000000e+00
3.478000000000000536e-02 0.000000000000000000e+00
3.479999999999999760e-02 0.000000000000000000e+00
3.481999999999998985e-02 0.000000000000000000e+00
3.483999999999998209e-02 0.000000000000000000e+00
3.486000000000000210e-02 0.000000000000000000e+00
3.487999999999999434e-02 0.000000000000000000e+00
3.489999999999998659e-02 0.000000000000000000e+00
3.492000000000000659e-02 0.000000000000000000e+00
3.493999999999999884e-02 0.000000000000000000e+00
3.495999999999999108e-02 0.000000000000000000e+00
3.497999999999998333e-02 0.000000000000000000e+00
3.500000000000000333e-02 0.000000000000000000e+00
3.501999999999999558e-02 0.000000000000000000e+00
3.503999999999998782e-02 0.000000000000000000e+00
3.506000000000000782e-02 0.000000000000000000e+00
3.508000000000000007e-02 0.000000000000000000e+00
3.509999999999999232e-02 0.000000000000000000e+00
3.511999999999998456e-02 0.000000000000000000e+00
3.514000000000000457e-02 0.000000000000000000e+00
3.515999999999999681e-02 0.000000000000000000e+00
3.517999999999998906e-02 0.000000000000000000e+00
3.519999999999998130e-02 0.000000000000000000e+00
3.522000000000000131e-02 0.000000000000000000e+00
3.523999999999999355e-02 0.000000000000000000e+00
3.525999999999998580e-02 0.000000000000000000e+00
3.528000000000000580e-02 0.000000000000000000e+00
3.529999999999999805e-02 0.000000000000000000e+00
3.531999999999999029e-02 0.000000000000000000e+00
3.533999999999998254e-02 0.000000000000000000e+00
3.536000000000000254e-02 0.000000000000000000e+00
3.537999999999999479e-02 0.000000000000000000e+00
3.539999999999998703e-02 0.000000000000000000e+00
3.542000000000000703e-02 0.000000000000000000e+00
3.543999999999999928e-02 0.000000000000000000e+00
3.545999999999999153e-02 0.000000000000000000e+00
3.547999999999998377e-02 0.000000000000000000e+00
3.550000000000000377e-02 0.000000000000000000e+00
3.551999999999999602e-02 0.000000000000000000e+00
3.553999999999998827e-02 0.000000000000000000e+00
3.556000000000000827e-02 0.000000000000000000e+00
3.558000000000000052e-02 0.000000000000000000e+00
3.559999999999999276e-02 0.000000000000000000e+00
3.561999999999998501e-02 0.000000000000000000e+00
3.564000000000000501e-02 0.000000000000000000e+00
3.565999999999999726e-02 0.000000000000000000e+00
3.567999999999998950e-02 0.000000000000000000e+00
3.569999999999998175e-02 0.000000000000000000e+00
3.572000000000000175e-02 0.000000000000000000e+00
3.573999999999999400e-02 0.000000000000000000e+00
3.575999999999998624e-02 0.000000000000000000e+00
3.578000000000000624e-02 0.000000000000000000e+00
3.579999999999999849e-02 0.000000000000000000e+00
3.581999999999999074e-02 0.000000000000000000e+00
3.583999999999998298e-02 0.000000000000000000e+00
3.586000000000000298e-02 0.000000000000000000e+00
3.587999999999999523e-02 0.000000000000000000e+00
3.589999999999998748e-02 0.000000000000000000e+00
3.592000000000000748e-02 0.000000000000000000e+00
3.593999999999999972e-02 0.000000000000000000e+00
3.595999999999999197e-02 0.000000000000000000e+00
3.597999999999998422e-02 0.000000000000000000e+00
3.600000000000000422e-02 0.000000000000000000e+00
3.601999999999999647e-02 0.000000000000000000e+00
3.603999999999998871e-02 0.000000000000000000e+00
3.605999999999998096e-02 0.000000000000000000e+00
3.608000000000000096e-02 0.000000000000000000e+00
3.609999999999999321e-02 0.000000000000000000e+00
3.611999999999998545e-02 0.000000000000000000e+00
3.614000000000000545e-02 0.000000000000000000e+00
3.615999999999999770e-02 0.000000000000000000e+00
3.617999999999998995e-02 0.000000000000000000e+00
3.619999999999998219e-02 0.000000000000000000e+00
3.622000000000000219e-02 0.000000000000000000e+00
3.623999999999999444e-02 0.000000000000000000e+00
3.625999999999998669e-02 0.000000000000000000e+00
3.628000000000000669e-02 0.000000000000000000e+00
3.629999999999999893e-02 0.000000000000000000e+00
3.631999999999999118e-02 0.000000000000000000e+00
3.633999999999998343e-02 0.000000000000000000e+00
3.636000000000000343e-02 0.000000000000000000e+00
3.637999999999999567e-02 0.000000000000000000e+00
3.639999999999998792e-02 0.000000000000000000e+00
3.642000000000000792e-02 0.000000000000000000e+00
3.644000000000000017e-02 0.000000000000000000e+00
3.645999999999999241e-02 0.000000000000000000e+00
3.647999999999998466e-02 0.000000000000000000e+00
3.650000000000000466e-02 0.000000000000000000e+00
3.651999999999999691e-02 0.000000000000000000e+00
3.653999999999998916e-02 0.000000000000000000e+00
3.655999999999998140e-02 0.000000000000000000e+00
3.658000000000000140e-02 0.000000000000000000e+00
3.659999999999999365e-02 0.000000000000000000e+00
3.661999999999998590e-02 0.000000000000000000e+00
3.664000000000000590e-02 0.000000000000000000e+00
3.665999999999999814e-02 0.000000000000000000e+00
3.667999999999999039e-02 0.000000000000000000e+00
3.669999999999998264e-02 0.000000000000000000e+00
3.672000000000000264e-02 0.000000000000000000e+00
3.673999999999999488e-02 0.000000000000000000e+00
3.675999999999998713e-02 0.000000000000000000e+00
3.678000000000000713e-02 0.000000000000000000e+00
3.679999999999999938e-02 0.000000000000000000e+00
3.681999999999999162e-02 0.000000000000000000e+00
3.683999999999998387e-02 0.000000000000000000e+00
3.686000000000000387e-02 0.000000000000000000e+00
3.687999999999999612e-02 0.000000000000000000e+00
3.689999999999998836e-02 0.000000000000000000e+00
3.691999999999998061e-02 0.000000000000000000e+00
3.694000000000000061e-02 0.000000000000000000e+00
3.695999999999999286e-02 0.000000000000000000e+00
3.697999999999998511e-02 0.000000000000000000e+00
3.700000000000000511e-02 0.000000000000000000e+00
3.701999999999999735e-02 0.000000000000000000e+00
3.703999999999998960e-02 0.000000000000000000e+00
3.705999999999998185e-02 0.000000000000000000e+00
3.708000000000000185e-02 0.000000000000000000e+00
3.709999999999999409e-02 0.000000000000000000e+00
3.711999999999998634e-02 0.000000000000000000e+00
3.714000000000000634e-02 0.000000000000000000e+00
3.715999999999999859e-02 0.000000000000000000e+00
3.717999999999999083e-02 0.000000000000000000e+00
3.719999999999998308e-02 0.000000000000000000e+00
3.722000000000000308e-02 0.000000000000000000e+00
3.723999999999999533e-02 0.000000000000000000e+00
3.725999999999998757e-02 0.000000000000000000e+00
3.728000000000000758e-02 0.000000000000000000e+00
3.729999999999999982e-02 0.000000000000000000e+00
3.731999999999999207e-02 0.000000000000000000e+00
3.733999999999998431e-02 0.000000000000000000e+00
3.736000000000000432e-02 0.000000000000000000e+00
3.737999999999999656e-02 0.000000000000000000e+00
3.739999999999998881e-02 0.000000000000000000e+00
3.741999999999998106e-02 0.000000000000000000e+00
3.744000000000000106e-02 0.000000000000000000e+00
3.745999999999999330e-02 0.000000000000000000e+00
3.747999999999998555e-02 0.000000000000000000e+00
3.750000000000000555e-02 0.000000000000000000e+00
3.751999999999999780e-02 0.000000000000000000e+00
3.753999999999999004e-02 0.000000000000000000e+00
3.755999999999998229e-02 0.000000000000000000e+00
3.758000000000000229e-02 0.000000000000000000e+00
3.759999999999999454e-02 0.000000000000000000e+00
3.761999999999998678e-02 0.000000000000000000e+00
3.764000000000000679e-02 0.000000000000000000e+00
3.765999999999999903e-02 0.000000000000000000e+00
3.767999999999999128e-02 0.000000000000000000e+00
3.769999999999998352e-02 0.000000000000000000e+00
3.772000000000000353e-02 0.000000000000000000e+00
3.773999999999999577e-02 0.000000000000000000e+00
3.775999999999998802e-02 0.000000000000000000e+00
3.778000000000000802e-02 0.000000000000000000e+00
3.780000000000000027e-02 0.000000000000000000e+00
3.781999999999999251e-02 0.000000000000000000e+00
3.783999999999998476e-02 0.000000000000000000e+00
3.786000000000000476e-02 0.000000000000000000e+00
3.787999999999999701e-02 0.000000000000000000e+00
3.789999999999998925e-02 0.000000000000000000e+00
3.791999999999998150e-02 0.000000000000000000e+00
3.794000000000000150e-02 0.000000000000000000e+00
3.795999999999999375e-02 0.000000000000000000e+00
3.797999999999998599e-02 0.000000000000000000e+00
3.800000000000000600e-02 0.000000000000000000e+00
3.801999999999999824e-02 0.000000000000000000e+00
3.803999999999999049e-02 0.000000000000000000e+00
3.805999999999998273e-02 0.000000000000000000e+00
3.808000000000000274e-02 0.000000000000000000e+00
3.809999999999999498e-02 0.000000000000000000e+00
3.811999999999998723e-02 0.000000000000000000e+00
3.814000000000000723e-02 0.000000000000000000e+00
3.815999999999999948e-02 0.000000000000000000e+00
3.817999999999999172e-02 0.000000000000000000e+00
3.819999999999998397e-02 0.000000000000000000e+00
3.822000000000000397e-02 0.000000000000000000e+00
3.823999999999999622e-02 0.000000000000000000e+00
3.825999999999998846e-02 0.000000000000000000e+00
3.827999999999998071e-02 0.000000000000000000e+00
3.830000000000000071e-02 0.000000000000000000e+00
3.831999999999999296e-02 0.000000000000000000e+00
3.833999999999998520e-02 0.000000000000000000e+00
3.836000000000000520e-02 0.000000000000000000e+00
3.837999999999999745e-02 0.000000000000000000e+00
3.839999999999998970e-02 0.000000000000000000e+00
3.841999999999998194e-02 0.000000000000000000e+00
3.844000000000000195e-02 0.000000000000000000e+00
3.845999999999999419e-02 0.000000000000000000e+00
3.847999999999998644e-02 0.000000000000000000e+00
3.850000000000000644e-02 0.000000000000000000e+00
3.851999999999999869e-02 0.000000000000000000e+00
3.853999999999999093e-02 0.000000000000000000e+00
3.855999999999998318e-02 0.000000000000000000e+00
3.858000000000000318e-02 0.000000000000000000e+00
3.859999999999999543e-02 0.000000000000000000e+00
3.861999999999998767e-02 0.000000000000000000e+00
3.864000000000000767e-02 0.000000000000000000e+00
3.865999999999999992e-02 0.000000000000000000e+00
3.867999999999999217e-02 0.000000000000000000e+00
3.869999999999998441e-02 0.000000000000000000e+00
3.872000000000000441e-02 0.000000000000000000e+00
3.873999999999999666e-02 0.000000000000000000e+00
3.875999999999998891e-02 0.000000000000000000e+00
3.877999999999998115e-02 0.000000000000000000e+00
3.880000000000000115e-02 0.000000000000000000e+00
3.881999999999999340e-02 0.000000000000000000e+00
3.883999999999998565e-02 0.000000000000000000e+00
3.886000000000000565e-02 0.000000000000000000e+00
3.887999999999999790e-02 0.000000000000000000e+00
3.889999999999999014e-02 0.000000000000000000e+00
3.891999999999998239e-02 0.000000000000000000e+00
3.894000000000000239e-02 0.000000000000000000e+00
3.895999999999999464e-02 0.000000000000000000e+00
3.897999999999998688e-02 0.000000000000000000e+00
3.900000000000000688e-02 0.000000000000000000e+00
3.901999999999999913e-02 0.000000000000000000e+00
3.903999999999999138e-02 0.000000000000000000e+00
3.905999999999998362e-02 0.000000000000000000e+00
3.908000000000000362e-02 0.000000000000000000e+00
3.909999999999999587e-02 0.000000000000000000e+00
3.911999999999998812e-02 0.000000000000000000e+00
3.914000000000000812e-02 0.000000000000000000e+00
3.916000000000000036e-02 0.000000000000000000e+00
3.917999999999999261e-02 0.000000000000000000e+00
3.919999999999998486e-02 0.000000000000000000e+00
3.922000000000000486e-02 0.000000000000000000e+00
3.923999999999999710e-02 0.000000000000000000e+00
3.925999999999998935e-02 0.000000000000000000e+00
3.927999999999998160e-02 0.000000000000000000e+00
3.930000000000000160e-02 0.000000000000000000e+00
3.931999999999999384e-02 0.000000000000000000e+00
3.933999999999998609e-02 0.000000000000000000e+00
3.936000000000000609e-02 0.000000000000000000e+00
3.937999999999999834e-02 0.000000000000000000e+00
3.939999999999999059e-02 0.000000000000000000e+00
3.941999999999998283e-02 0.000000000000000000e+00
3.944000000000000283e-02 0.000000000000000000e+00
3.945999999999999508e-02 0.000000000000000000e+00
3.947999999999998733e-02 0.000000000000000000e+00
3.950000000000000733e-02 0.000000000000000000e+00
3.951999999999999957e-02 0.000000000000000000e+00
3.953999999999999182e-02 0.000000000000000000e+00
3.955999999999998407e-02 0.000000000000000000e+00
3.958000000000000407e-02 0.000000000000000000e+00
3.959999999999999631e-02 0.000000000000000000e+00
3.961999999999998856e-02 0.000000000000000000e+00
3.963999999999998081e-02 0.000000000000000000e+00
3.966000000000000081e-02 0.000000000000000000e+00
3.967999999999999305e-02 0.000000000000000000e+00
3.969999999999998530e-02 0.000000000000000000e+00
3.972000000000000530e-02 0.000000000000000000e+00
3.973999999999999755e-02 0.000000000000000000e+00
3.975999999999998979e-02 0.000000000000000000e+00
3.977999999999998204e-02 0.000000000000000000e+00
3.980000000000000204e-02 0.000000000000000000e+00
3.981999999999999429e-02 0.000000000000000000e+00
3.983999999999998654e-02 0.000000000000000000e+00
3.986000000000000654e-02 0.000000000000000000e+00
3.987999999999999878e-02 0.000000000000000000e+00
3.989999999999999103e-02 0.000000000000000000e+00
3.991999999999998328e-02 0.000000000000000000e+00
3.994000000000000328e-02 0.000000000000000000e+00
3.995999999999999552e-02 0.000000000000000000e+00
3.997999999999998777e-02 0.000000000000000000e+00
4.000000000000000777e-02 0.000000000000000000e+00
4.002000000000000002e-02 0.000000000000000000e+00
4.003999999999999226e-02 0.000000000000000000e+00
4.005999999999998451e-02 0.000000000000000000e+00
4.008000000000000451e-02 0.000000000000000000e+00
4.009999999999999676e-02 0.000000000000000000e+00
4.011999999999998900e-02 0.000000000000000000e+00
4.013999999999998125e-02 0.000000000000000000e+00
4.016000000000000125e-02 0.000000000000000000e+00
4.017999999999999350e-02 0.000000000000000000e+00
4.019999999999998574e-02 0.000000000000000000e+00
4.022000000000000575e-02 0.000000000000000000e+00
4.023999999999999799e-02 0.000000000000000000e+00
4.025999999999999024e-02 0.000000000000000000e+00
4.027999999999998249e-02 0.000000000000000000e+00
4.030000000000000249e-02 0.000000000000000000e+00
4.031999999999999473e-02 0.000000000000000000e+00
4.033999999999998698e-02 0.000000000000000000e+00
4.036000000000000698e-02 0.000000000000000000e+00
4.037999999999999923e-02 0.000000000000000000e+00
4.039999999999999147e-02 0.000000000000000000e+00
4.041999999999998372e-02 0.000000000000000000e+00
4.044000000000000372e-02 0.000000000000000000e+00
4.045999999999999597e-02 0.000000000000000000e+00
4.047999999999998821e-02 0.000000000000000000e+00
4.050000000000000822e-02 0.000000000000000000e+00
4.052000000000000046e-02 0.000000000000000000e+00
4.053999999999999271e-02 0.000000000000000000e+00
4.055999999999998495e-02 0.000000000000000000e+00
4.058000000000000496e-02 0.000000000000000000e+00
4.059999999999999720e-02 0.000000000000000000e+00
4.061999999999998945e-02 0.000000000000000000e+00
4.063999999999998169e-02 0.000000000000000000e+00
4.066000000000000170e-02 0.000000000000000000e+00
4.067999999999999394e-02 0.000000000000000000e+00
4.069999999999998619e-02 0.000000000000000000e+00
4.072000000000000619e-02 0.000000000000000000e+00
4.073999999999999844e-02 0.000000000000000000e+00
4.075999999999999068e-02 0.000000000000000000e+00
4.077999999999998293e-02 0.000000000000000000e+00
4.080000000000000293e-02 0.000000000000000000e+00
4.081999999999999518e-02 0.000000000000000000e+00
4.083999999999998742e-02 0.000000000000000000e+00
4.086000000000000743e-02 0.000000000000000000e+00
4.087999999999999967e-02 0.000000000000000000e+00
4.089999999999999192e-02 0.000000000000000000e+00
4.091999999999998416e-02 0.000000000000000000e+00
4.094000000000000417e-02 0.000000000000000000e+00
4.095999999999999641e-02 0.000000000000000000e+00
4.097999999999998866e-02 0.000000000000000000e+00
4.099999999999998090e-02 0.000000000000000000e+00
4.102000000000000091e-02 0.000000000000000000e+00
4.103999999999999315e-02 0.000000000000000000e+00
4.105999999999998540e-02 0.000000000000000000e+00
4.108000000000000540e-02 0.000000000000000000e+00
4.109999999999999765e-02 0.000000000000000000e+00
4.111999999999998989e-02 0.000000000000000000e+00
4.113999999999998214e-02 0.000000000000000000e+00
4.116000000000000214e-02 0.000000000000000000e+00
4.117999999999999439e-02 0.000000000000000000e+00
4.119999999999998663e-02 0.000000000000000000e+00
4.122000000000000663e-02 0.000000000000000000e+00
4.123999999999999888e-02 0.000000000000000000e+00
4.125999999999999113e-02 0.000000000000000000e+00
4.127999999999998337e-02 0.000000000000000000e+00
4.130000000000000338e-02 0.000000000000000000e+00
4.131999999999999562e-02 0.000000000000000000e+00
4.133999999999998787e-02 0.000000000000000000e+00
4.136000000000000787e-02 0.000000000000000000e+00
4.138000000000000012e-02 0.000000000000000000e+00
4.139999999999999236e-02 0.000000000000000000e+00
4.141999999999998461e-02 0.000000000000000000e+00
4.144000000000000461e-02 0.000000000000000000e+00
4.145999999999999686e-02 0.000000000000000000e+00
4.147999999999998910e-02 0.000000000000000000e+00
4.149999999999998135e-02 0.000000000000000000e+00
4.152000000000000135e-02 0.000000000000000000e+00
4.153999999999999360e-02 0.000000000000000000e+00
4.155999999999998584e-02 0.000000000000000000e+00
4.158000000000000584e-02 0.000000000000000000e+00
4.159999999999999809e-02 0.000000000000000000e+00
4.161999999999999034e-02 0.000000000000000000e+00
4.163999999999998258e-02 0.000000000000000000e+00
4.166000000000000258e-02 0.000000000000000000e+00
4.167999999999999483e-02 0.000000000000000000e+00
4.169999999999998708e-02 0.000000000000000000e+00
4.172000000000000708e-02 0.000000000000000000e+00
4.173999999999999932e-02 0.000000000000000000e+00
4.175999999999999157e-02 0.000000000000000000e+00
4.177999999999998382e-02 0.000000000000000000e+00
4.180000000000000382e-02 0.000000000000000000e+00
4.181999999999999607e-02 0.000000000000000000e+00
4.183999999999998831e-02 0.000000000000000000e+00
4.186000000000000831e-02 0.000000000000000000e+00
4.188000000000000056e-02 0.000000000000000000e+00
4.189999999999999281e-02 0.000000000000000000e+00
4.191999999999998505e-02 0.000000000000000000e+00
4.194000000000000505e-02 0.000000000000000000e+00
4.195999999999999730e-02 0.000000000000000000e+00
4.197999999999998955e-02 0.000000000000000000e+00
4.199999999999998179e-02 0.000000000000000000e+00
4.202000000000000179e-02 0.000000000000000000e+00
4.203999999999999404e-02 0.000000000000000000e+00
4.205999999999998629e-02 0.000000000000000000e+00
4.208000000000000629e-02 0.000000000000000000e+00
4.209999999999999853e-02 0.000000000000000000e+00
4.211999999999999078e-02 0.000000000000000000e+00
4.213999999999998303e-02 0.000000000000000000e+00
4.216000000000000303e-02 0.000000000000000000e+00
4.217999999999999527e-02 0.000000000000000000e+00
4.219999999999998752e-02 0.000000000000000000e+00
4.222000000000000752e-02 0.000000000000000000e+00
4.223999999999999977e-02 0.000000000000000000e+00
4.225999999999999202e-02 0.000000000000000000e+00
4.227999999999998426e-02 0.000000000000000000e+00
4.230000000000000426e-02 0.000000000000000000e+00
4.231999999999999651e-02 0.000000000000000000e+00
4.233999999999998876e-02 0.000000000000000000e+00
4.235999999999998100e-02 0.000000000000000000e+00
4.238000000000000100e-02 0.000000000000000000e+00
4.239999999999999325e-02 0.000000000000000000e+00
4.241999999999998550e-02 0.000000000000000000e+00
4.244000000000000550e-02 0.000000000000000000e+00
4.245999999999999774e-02 0.000000000000000000e+00
4.247999999999998999e-02 0.000000000000000000e+00
4.249999999999998224e-02 0.000000000000000000e+00
4.252000000000000224e-02 0.000000000000000000e+00
4.253999999999999448e-02 0.000000000000000000e+00
4.255999999999998673e-02 0.000000000000000000e+00
4.258000000000000673e-02 0.000000000000000000e+00
4.259999999999999898e-02 0.000000000000000000e+00
4.261999999999999122e-02 0.000000000000000000e+00
4.263999999999998347e-02 0.000000000000000000e+00
4.266000000000000347e-02 0.000000000000000000e+00
4.267999999999999572e-02 0.000000000000000000e+00
4.269999999999998797e-02 0.000000000000000000e+00
4.272000000000000797e-02 0.000000000000000000e+00
4.274000000000000021e-02 0.000000000000000000e+00
4.275999999999999246e-02 0.000000000000000000e+00
4.277999999999998471e-02 0.000000000000000000e+00
4.280000000000000471e-02 0.000000000000000000e+00
4.281999999999999695e-02 0.000000000000000000e+00
4.283999999999998920e-02 0.000000000000000000e+00
4.285999999999998145e-02 0.000000000000000000e+00
4.288000000000000145e-02 0.000000000000000000e+00
4.289999999999999369e-02 0.000000000000000000e+00
4.291999999999998594e-02 0.000000000000000000e+00
4.294000000000000594e-02 0.000000000000000000e+00
4.295999999999999819e-02 0.000000000000000000e+00
4.297999999999999043e-02 0.000000000000000000e+00
4.299999999999998268e-02 0.000000000000000000e+00
4.302000000000000268e-02 0.000000000000000000e+00
4.303999999999999493e-02 0.000000000000000000e+00
4.305999999999998717e-02 0.000000000000000000e+00
4.308000000000000718e-02 0.000000000000000000e+00
4.309999999999999942e-02 0.000000000000000000e+00
4.311999999999999167e-02 0.000000000000000000e+00
4.313999999999998392e-02 0.000000000000000000e+00
4.316000000000000392e-02 0.000000000000000000e+00
4.317999999999999616e-02 0.000000000000000000e+00
4.319999999999998841e-02 0.000000000000000000e+00
4.321999999999998066e-02 0.000000000000000000e+00
4.324000000000000066e-02 0.000000000000000000e+00
4.325999999999999290e-02 0.000000000000000000e+00
4.327999999999998515e-02 0.000000000000000000e+00
4.330000000000000515e-02 0.000000000000000000e+00
4.331999999999999740e-02 0.000000000000000000e+00
4.333999999999998964e-02 0.000000000000000000e+00
4.335999999999998189e-02 0.000000000000000000e+00
4.338000000000000189e-02 0.000000000000000000e+00
4.339999999999999414e-02 0.000000000000000000e+00
4.341999999999998638e-02 0.000000000000000000e+00
4.344000000000000639e-02 0.000000000000000000e+00
4.345999999999999863e-02 0.000000000000000000e+00
4.347999999999999088e-02 0.000000000000000000e+00
4.349999999999998312e-02 0.000000000000000000e+00
4.352000000000000313e-02 0.000000000000000000e+00
4.353999999999999537e-02 0.000000000000000000e+00
4.355999999999998762e-02 0.000000000000000000e+00
4.358000000000000762e-02 0.000000000000000000e+00
4.359999999999999987e-02 0.000000000000000000e+00
4.361999999999999211e-02 0.000000000000000000e+00
4.363999999999998436e-02 0.000000000000000000e+00
4.366000000000000436e-02 0.000000000000000000e+00
4.367999999999999661e-02 0.000000000000000000e+00
4.369999999999998885e-02 0.000000000000000000e+00
4.371999999999998110e-02 0.000000000000000000e+00
4.374000000000000110e-02 0.000000000000000000e+00
4.375999999999999335e-02 0.000000000000000000e+00
4.377999999999998559e-02 0.000000000000000000e+00
4.380000000000000560e-02 0.000000000000000000e+00
4.381999999999999784e-02 0.000000000000000000e+00
4.383999999999999009e-02 0.000000000000000000e+00
4.385999999999998233e-02 0.000000000000000000e+00
4.388000000000000234e-02 0.000000000000000000e+00
4.389999999999999458e-02 0.000000000000000000e+00
4.391999999999998683e-02 0.000000000000000000e+00
4.394000000000000683e-02 0.000000000000000000e+00
4.395999999999999908e-02 0.000000000000000000e+00
4.397999999999999132e-02 0.000000000000000000e+00
4.399999999999998357e-02 0.000000000000000000e+00
4.402000000000000357e-02 0.000000000000000000e+00
4.403999999999999582e-02 0.000000000000000000e+00
4.405999999999998806e-02 0.000000000000000000e+00
4.408000000000000806e-02 0.000000000000000000e+00
4.410000000000000031e-02 0.000000000000000000e+00
4.411999999999999256e-02 0.000000000000000000e+00
4.413999999999998480e-02 0.000000000000000000e+00
4.416000000000000481e-02 0.000000000000000000e+00
4.417999999999999705e-02 0.000000000000000000e+00
4.419999999999998930e-02 0.000000000000000000e+00
4.421999999999998154e-02 0.000000000000000000e+00
4.424000000000000155e-02 0.000000000000000000e+00
4.425999999999999379e-02 0.000000000000000000e+00
4.427999999999998604e-02 0.000000000000000000e+00
4.430000000000000604e-02 0.000000000000000000e+00
4.431999999999999829e-02 0.000000000000000000e+00
4.433999999999999053e-02 0.000000000000000000e+00
4.435999999999998278e-02 0.000000000000000000e+00
4.438000000000000278e-02 0.000000000000000000e+00
4.439999999999999503e-02 0.000000000000000000e+00
4.441999999999998727e-02 0.000000000000000000e+00
4.444000000000000727e-02 0.000000000000000000e+00
4.445999999999999952e-02 0.000000000000000000e+00
4.447999999999999177e-02 0.000000000000000000e+00
4.449999999999998401e-02 0.000000000000000000e+00
4.452000000000000401e-02 0.000000000000000000e+00
4.453999999999999626e-02 0.000000000000000000e+00
4.455999999999998851e-02 0.000000000000000000e+00
4.457999999999998075e-02 0.000000000000000000e+00
4.460000000000000075e-02 0.000000000000000000e+00
4.461999999999999300e-02 0.000000000000000000e+00
4.463999999999998525e-02 0.000000000000000000e+00
4.466000000000000525e-02 0.000000000000000000e+00
4.467999999999999750e-02 0.000000000000000000e+00
4.469999999999998974e-02 0.000000000000000000e+00
4.471999999999998199e-02 0.000000000000000000e+00
4.474000000000000199e-02 0.000000000000000000e+00
4.475999999999999424e-02 0.000000000000000000e+00
4.477999999999998648e-02 0.000000000000000000e+00
4.480000000000000648e-02 0.000000000000000000e+00
4.481999999999999873e-02 0.000000000000000000e+00
4.483999999999999098e-02 0.000000000000000000e+00
4.485999999999998322e-02 0.000000000000000000e+00
4.488000000000000322e-02 0.000000000000000000e+00
4.489999999999999547e-02 0.000000000000000000e+00
4.491999999999998772e-02 0.000000000000000000e+00
4.494000000000000772e-02 0.000000000000000000e+00
4.495999999999999996e-02 0.000000000000000000e+00
4.497999999999999221e-02 0.000000000000000000e+00
4.499999999999998446e-02 0.000000000000000000e+00
4.502000000000000446e-02 0.000000000000000000e+00
4.503999999999999670e-02 0.000000000000000000e+00
4.505999999999998895e-02 0.000000000000000000e+00
4.507999999999998120e-02 0.000000000000000000e+00
4.510000000000000120e-02 0.000000000000000000e+00
4.511999999999999345e-02 0.000000000000000000e+00
4.513999999999998569e-02 0.000000000000000000e+00
4.516000000000000569e-02 0.000000000000000000e+00
4.517999999999999794e-02 0.000000000000000000e+00
4.519999999999999019e-02 0.000000000000000000e+00
4.521999999999998243e-02 0.000000000000000000e+00
4.524000000000000243e-02 0.000000000000000000e+00
4.525999999999999468e-02 0.000000000000000000e+00
4.527999999999998693e-02 0.000000000000000000e+00
4.530000000000000693e-02 0.000000000000000000e+00
4.531999999999999917e-02 0.000000000000000000e+00
4.533999999999999142e-02 0.000000000000000000e+00
4.535999999999998367e-02 0.000000000000000000e+00
4.538000000000000367e-02 0.000000000000000000e+00
4.539999999999999591e-02 0.000000000000000000e+00
4.541999999999998816e-02 0.000000000000000000e+00
4.544000000000000816e-02 0.000000000000000000e+00
4.546000000000000041e-02 0.000000000000000000e+00
4.547999999999999265e-02 0.000000000000000000e+00
4.549999999999998490e-02 0.000000000000000000e+00
4.552000000000000490e-02 0.000000000000000000e+00
4.553999999999999715e-02 0.000000000000000000e+00
4.555999999999998940e-02 0.000000000000000000e+00
4.557999999999998164e-02 0.000000000000000000e+00
4.560000000000000164e-02 0.000000000000000000e+00
4.561999999999999389e-02 0.000000000000000000e+00
4.563999999999998614e-02 0.000000000000000000e+00
4.566000000000000614e-02 0.000000000000000000e+00
4.567999999999999838e-02 0.000000000000000000e+00
4.569999999999999063e-02 0.000000000000000000e+00
4.571999999999998288e-02 0.000000000000000000e+00
4.574000000000000288e-02 0.000000000000000000e+00
4.575999999999999512e-02 0.000000000000000000e+00
4.577999999999998737e-02 0.000000000000000000e+00
4.580000000000000737e-02 0.000000000000000000e+00
4.581999999999999962e-02 0.000000000000000000e+00
4.583999999999999186e-02 0.000000000000000000e+00
4.585999999999998411e-02 0.000000000000000000e+00
4.588000000000000411e-02 0.000000000000000000e+00
4.589999999999999636e-02 0.000000000000000000e+00
4.591999999999998860e-02 0.000000000000000000e+00
4.593999999999998085e-02 0.000000000000000000e+00
4.596000000000000085e-02 0.000000000000000000e+00
4.597999999999999310e-02 0.000000000000000000e+00
4.599999999999998535e-02 0.000000000000000000e+00
4.602000000000000535e-02 0.000000000000000000e+00
4.603999999999999759e-02 0.000000000000000000e+00
4.605999999999998984e-02 0.000000000000000000e+00
4.607999999999998209e-02 0.000000000000000000e+00
4.610000000000000209e-02 0.000000000000000000e+00
4.611999999999999433e-02 0.000000000000000000e+00
4.613999999999998658e-02 0.000000000000000000e+00
4.616000000000000658e-02 0.000000000000000000e+00
4.617999999999999883e-02 0.000000000000000000e+00
4.619999999999999107e-02 0.000000000000000000e+00
4.621999999999998332e-02 0.000000000000000000e+00
4.624000000000000332e-02 0.000000000000000000e+00
4.625999999999999557e-02 0.000000000000000000e+00
4.627999999999998781e-02 0.000000000000000000e+00
4.630000000000000782e-02 0.000000000000000000e+00
4.632000000000000006e-02 0.000000000000000000e+00
4.633999999999999231e-02 0.000000000000000000e+00
4.635999999999998455e-02 0.000000000000000000e+00
4.638000000000000456e-02 0.000000000000000000e+00
4.639999999999999680e-02 0.000000000000000000e+00
4.641999999999998905e-02 0.000000000000000000e+00
4.643999999999998129e-02 0.000000000000000000e+00
4.646000000000000130e-02 0.000000000000000000e+00
4.647999999999999354e-02 0.000000000000000000e+00
4.649999999999998579e-02 0.000000000000000000e+00
4.652000000000000579e-02 0.000000000000000000e+00
4.653999999999999804e-02 0.000000000000000000e+00
4.655999999999999028e-02 0.000000000000000000e+00
4.657999999999998253e-02 0.000000000000000000e+00
4.660000000000000253e-02 0.000000000000000000e+00
4.661999999999999478e-02 0.000000000000000000e+00
4.663999999999998702e-02 0.000000000000000000e+00
4.666000000000000703e-02 0.000000000000000000e+00
4.667999999999999927e-02 0.000000000000000000e+00
4.669999999999999152e-02 0.000000000000000000e+00
4.671999999999998376e-02 0.000000000000000000e+00
4.674000000000000377e-02 0.000000000000000000e+00
4.675999999999999601e-02 0.000000000000000000e+00
4.677999999999998826e-02 0.000000000000000000e+00
4.680000000000000826e-02 0.000000000000000000e+00
4.682000000000000051e-02 0.000000000000000000e+00
4.683999999999999275e-02 0.000000000000000000e+00
4.685999999999998500e-02 0.000000000000000000e+00
4.688000000000000500e-02 0.000000000000000000e+00
4.689999999999999725e-02 0.000000000000000000e+00
4.691999999999998949e-02 0.000000000000000000e+00
4.693999999999998174e-02 0.000000000000000000e+00
4.696000000000000174e-02 0.000000000000000000e+00
4.697999999999999399e-02 0.000000000000000000e+00
4.699999999999998623e-02 0.000000000000000000e+00
4.702000000000000624e-02 0.000000000000000000e+00
4.703999999999999848e-02 0.000000000000000000e+00
4.705999999999999073e-02 0.000000000000000000e+00
4.707999999999998297e-02 0.000000000000000000e+00
4.710000000000000298e-02 0.000000000000000000e+00
4.711999999999999522e-02 0.000000000000000000e+00
4.713999999999998747e-02 0.000000000000000000e+00
4.716000000000000747e-02 0.000000000000000000e+00
4.717999999999999972e-02 0.000000000000000000e+00
4.719999999999999196e-02 0.000000000000000000e+00
4.721999999999998421e-02 0.000000000000000000e+00
4.724000000000000421e-02 0.000000000000000000e+00
4.725999999999999646e-02 0.000000000000000000e+00
4.727999999999998870e-02 0.000000000000000000e+00
4.729999999999998095e-02 0.000000000000000000e+00
4.732000000000000095e-02 0.000000000000000000e+00
4.733999999999999320e-02 0.000000000000000000e+00
4.735999999999998544e-02 0.000000000000000000e+00
4.738000000000000544e-02 0.000000000000000000e+00
4.739999999999999769e-02 0.000000000000000000e+00
4.741999999999998994e-02 0.000000000000000000e+00
4.743999999999998218e-02 0.000000000000000000e+00
4.746000000000000218e-02 0.000000000000000000e+00
4.747999999999999443e-02 0.000000000000000000e+00
4.749999999999998668e-02 0.000000000000000000e+00
4.752000000000000668e-02 0.000000000000000000e+00
4.753999999999999893e-02 0.000000000000000000e+00
4.755999999999999117e-02 0.000000000000000000e+00
4.757999999999998342e-02 0.000000000000000000e+00
4.760000000000000342e-02 0.000000000000000000e+00
4.761999999999999567e-02 0.000000000000000000e+00
4.763999999999998791e-02 0.000000000000000000e+00
4.766000000000000791e-02 0.000000000000000000e+00
4.768000000000000016e-02 0.000000000000000000e+00
4.769999999999999241e-02 0.000000000000000000e+00
4.771999999999998465e-02 0.000000000000000000e+00
4.774000000000000465e-02 0.000000000000000000e+00
4.775999999999999690e-02 0.000000000000000000e+00
4.777999999999998915e-02 0.000000000000000000e+00
4.779999999999998139e-02 0.000000000000000000e+00
4.782000000000000139e-02 0.000000000000000000e+00
4.783999999999999364e-02 0.000000000000000000e+00
4.785999999999998589e-02 0.000000000000000000e+00
4.788000000000000589e-02 0.000000000000000000e+00
4.789999999999999813e-02 0.000000000000000000e+00
4.791999999999999038e-02 0.000000000000000000e+00
4.793999999999998263e-02 0.000000000000000000e+00
4.796000000000000263e-02 0.000000000000000000e+00
4.797999999999999488e-02 0.000000000000000000e+00
4.799999999999998712e-02 0.000000000000000000e+00
4.802000000000000712e-02 0.000000000000000000e+00
4.803999999999999937e-02 0.000000000000000000e+00
4.805999999999999162e-02 0.000000000000000000e+00
4.807999999999998386e-02 0.000000000000000000e+00
4.810000000000000386e-02 0.000000000000000000e+00
4.811999999999999611e-02 0.000000000000000000e+00
4.813999999999998836e-02 0.000000000000000000e+00
4.815999999999998060e-02 0.000000000000000000e+00
4.818000000000000060e-02 0.000000000000000000e+00
4.819999999999999285e-02 0.000000000000000000e+00
4.821999999999998510e-02 0.000000000000000000e+00
4.824000000000000510e-02 0.000000000000000000e+00
4.825999999999999734e-02 0.000000000000000000e+00
4.827999999999998959e-02 0.000000000000000000e+00
4.829999999999998184e-02 0.000000000000000000e+00
4.832000000000000184e-02 0.000000000000000000e+00
4.833999999999999408e-02 0.000000000000000000e+00
4.835999999999998633e-02 0.000000000000000000e+00
4.838000000000000633e-02 0.000000000000000000e+00
4.839999999999999858e-02 0.000000000000000000e+00
4.841999999999999083e-02 0.000000000000000000e+00
4.843999999999998307e-02 0.000000000000000000e+00
4.846000000000000307e-02 0.000000000000000000e+00
4.847999999999999532e-02 0.000000000000000000e+00
4.849999999999998757e-02 0.000000000000000000e+00
4.852000000000000757e-02 0.000000000000000000e+00
4.853999999999999981e-02 0.000000000000000000e+00
4.855999999999999206e-02 0.000000000000000000e+00
4.857999999999998431e-02 0.000000000000000000e+00
4.860000000000000431e-02 0.000000000000000000e+00
4.861999999999999655e-02 0.000000000000000000e+00
4.863999999999998880e-02 0.000000000000000000e+00
4.865999999999998105e-02 0.000000000000000000e+00
4.868000000000000105e-02 0.000000000000000000e+00
4.869999999999999329e-02 0.000000000000000000e+00
4.871999999999998554e-02 0.000000000000000000e+00
4.874000000000000554e-02 0.000000000000000000e+00
4.875999999999999779e-02 0.000000000000000000e+00
4.877999999999999003e-02 0.000000000000000000e+00
4.879999999999998228e-02 0.000000000000000000e+00
4.882000000000000228e-02 0.000000000000000000e+00
4.883999999999999453e-02 0.000000000000000000e+00
4.885999999999998678e-02 0.000000000000000000e+00
4.888000000000000678e-02 0.000000000000000000e+00
4.889999999999999902e-02 0.000000000000000000e+00
4.891999999999999127e-02 0.000000000000000000e+00
4.893999999999998352e-02 0.000000000000000000e+00
4.896000000000000352e-02 0.000000000000000000e+00
4.897999999999999576e-02 0.000000000000000000e+00
4.899999999999998801e-02 0.000000000000000000e+00
4.902000000000000801e-02 0.000000000000000000e+00
4.904000000000000026e-02 0.000000000000000000e+00
4.905999999999999250e-02 0.000000000000000000e+00
4.907999999999998475e-02 0.000000000000000000e+00
4.910000000000000475e-02 0.000000000000000000e+00
4.911999999999999700e-02 0.000000000000000000e+00
4.913999999999998924e-02 0.000000000000000000e+00
4.915999999999998149e-02 0.000000000000000000e+00
4.918000000000000149e-02 0.000000000000000000e+00
4.919999999999999374e-02 0.000000000000000000e+00
4.921999999999998598e-02 0.000000000000000000e+00
4.924000000000000599e-02 0.000000000000000000e+00
4.925999999999999823e-02 0.000000000000000000e+00
4.927999999999999048e-02 0.000000000000000000e+00
4.929999999999998272e-02 0.000000000000000000e+00
4.932000000000000273e-02 0.000000000000000000e+00
4.933999999999999497e-02 0.000000000000000000e+00
4.935999999999998722e-02 0.000000000000000000e+00
4.938000000000000722e-02 0.000000000000000000e+00
4.939999999999999947e-02 0.000000000000000000e+00
4.941999999999999171e-02 0.000000000000000000e+00
4.943999999999998396e-02 0.000000000000000000e+00
4.946000000000000396e-02 0.000000000000000000e+00
4.947999999999999621e-02 0.000000000000000000e+00
4.949999999999998845e-02 0.000000000000000000e+00
4.951999999999998070e-02 0.000000000000000000e+00
4.954000000000000070e-02 0.000000000000000000e+00
4.955999999999999295e-02 0.000000000000000000e+00
4.957999999999998519e-02 0.000000000000000000e+00
4.960000000000000520e-02 0.000000000000000000e+00
4.961999999999999744e-02 0.000000000000000000e+00
4.963999999999998969e-02 0.000000000000000000e+00
4.965999999999998193e-02 0.000000000000000000e+00
4.968000000000000194e-02 0.000000000000000000e+00
4.969999999999999418e-02 0.000000000000000000e+00
4.971999999999998643e-02 0.000000000000000000e+00
4.974000000000000643e-02 0.000000000000000000e+00
4.975999999999999868e-02 0.000000000000000000e+00
4.977999999999999092e-02 0.000000000000000000e+00
4.979999999999998317e-02 0.000000000000000000e+00
4.982000000000000317e-02 0.000000000000000000e+00
4.983999999999999542e-02 0.000000000000000000e+00
4.985999999999998766e-02 0.000000000000000000e+00
4.988000000000000766e-02 0.000000000000000000e+00
4.989999999999999991e-02 0.000000000000000000e+00
4.991999999999999216e-02 0.000000000000000000e+00
4.993999999999998440e-02 0.000000000000000000e+00
4.996000000000000441e-02 0.000000000000000000e+00
4.997999999999999665e-02 0.000000000000000000e+00
4.999999999999998890e-02 0.000000000000000000e+00
5.001999999999998114e-02 0.000000000000000000e+00
5.004000000000000115e-02 0.000000000000000000e+00
5.005999999999999339e-02 0.000000000000000000e+00
5.007999999999998564e-02 0.000000000000000000e+00
5.010000000000000564e-02 0.000000000000000000e+00
5.011999999999999789e-02 0.000000000000000000e+00
5.013999999999999013e-02 0.000000000000000000e+00
5.015999999999998238e-02 0.000000000000000000e+00
5.018000000000000238e-02 0.000000000000000000e+00
5.019999999999999463e-02 0.000000000000000000e+00
5.021999999999998687e-02 0.000000000000000000e+00
5.024000000000000687e-02 0.000000000000000000e+00
5.025999999999999912e-02 0.000000000000000000e+00
5.027999999999999137e-02 0.000000000000000000e+00
5.029999999999998361e-02 0.000000000000000000e+00
5.032000000000000361e-02 0.000000000000000000e+00
5.033999999999999586e-02 0.000000000000000000e+00
5.035999999999998811e-02 0.000000000000000000e+00
5.038000000000000811e-02 0.000000000000000000e+00
5.040000000000000036e-02 0.000000000000000000e+00
5.041999999999999260e-02 0.000000000000000000e+00
5.043999999999998485e-02 0.000000000000000000e+00
5.046000000000000485e-02 0.000000000000000000e+00
5.047999999999999710e-02 0.000000000000000000e+00
5.049999999999998934e-02 0.000000000000000000e+00
5.051999999999998159e-02 0.000000000000000000e+00
5.054000000000000159e-02 0.000000000000000000e+00
5.055999999999999384e-02 0.000000000000000000e+00
5.057999999999998608e-02 0.000000000000000000e+00
5.060000000000000608e-02 0.000000000000000000e+00
5.061999999999999833e-02 0.000000000000000000e+00
5.063999999999999058e-02 0.000000000000000000e+00
5.065999999999998282e-02 0.000000000000000000e+00
5.068000000000000282e-02 0.000000000000000000e+00
5.069999999999999507e-02 0.000000000000000000e+00
5.071999999999998732e-02 0.000000000000000000e+00
5.074000000000000732e-02 0.000000000000000000e+00
5.075999999999999956e-02 0.000000000000000000e+00
5.077999999999999181e-02 0.000000000000000000e+00
5.079999999999998406e-02 0.000000000000000000e+00
5.082000000000000406e-02 0.000000000000000000e+00
5.083999999999999631e-02 0.000000000000000000e+00
5.085999999999998855e-02 0.000000000000000000e+00
5.087999999999998080e-02 0.000000000000000000e+00
5.090000000000000080e-02 0.000000000000000000e+00
5.091999999999999305e-02 0.000000000000000000e+00
5.093999999999998529e-02 0.000000000000000000e+00
5.096000000000000529e-02 0.000000000000000000e+00
5.097999999999999754e-02 0.000000000000000000e+00
5.099999999999998979e-02 0.000000000000000000e+00
5.101999999999998203e-02 0.000000000000000000e+00
5.104000000000000203e-02 0.000000000000000000e+00
5.105999999999999428e-02 0.000000000000000000e+00
5.107999999999998653e-02 0.000000000000000000e+00
5.110000000000000653e-02 0.000000000000000000e+00
5.111999999999999877e-02 0.000000000000000000e+00
5.113999999999999102e-02 0.000000000000000000e+00
5.115999999999998327e-02 0.000000000000000000e+00
5.118000000000000327e-02 0.000000000000000000e+00
5.119999999999999551e-02 0.000000000000000000e+00
5.121999999999998776e-02 0.000000000000000000e+00
5.124000000000000776e-02 0.000000000000000000e+00
5.126000000000000001e-02 0.000000000000000000e+00
5.127999999999999226e-02 0.000000000000000000e+00
5.129999999999998450e-02 0.000000000000000000e+00
5.132000000000000450e-02 0.000000000000000000e+00
5.133999999999999675e-02 0.000000000000000000e+00
5.135999999999998900e-02 0.000000000000000000e+00
5.137999999999998124e-02 0.000000000000000000e+00
5.140000000000000124e-02 0.000000000000000000e+00
5.141999999999999349e-02 0.000000000000000000e+00
5.143999999999998574e-02 0.000000000000000000e+00
5.146000000000000574e-02 0.000000000000000000e+00
5.147999999999999798e-02 0.000000000000000000e+00
5.149999999999999023e-02 0.000000000000000000e+00
5.151999999999998248e-02 0.000000000000000000e+00
5.154000000000000248e-02 0.000000000000000000e+00
5.155999999999999472e-02 0.000000000000000000e+00
5.157999999999998697e-02 0.000000000000000000e+00
5.160000000000000697e-02 0.000000000000000000e+00
5.161999999999999922e-02 0.000000000000000000e+00
5.163999999999999146e-02 0.000000000000000000e+00
5.165999999999998371e-02 0.000000000000000000e+00
5.168000000000000371e-02 0.000000000000000000e+00
5.169999999999999596e-02 0.000000000000000000e+00
5.171999999999998820e-02 0.000000000000000000e+00
5.174000000000000821e-02 0.000000000000000000e+00
5.176000000000000045e-02 0.000000000000000000e+00
5.177999999999999270e-02 0.000000000000000000e+00
5.179999999999998495e-02 0.000000000000000000e+00
5.182000000000000495e-02 0.000000000000000000e+00
5.183999999999999719e-02 0.000000000000000000e+00
5.185999999999998944e-02 0.000000000000000000e+00
5.187999999999998169e-02 0.000000000000000000e+00
5.190000000000000169e-02 0.000000000000000000e+00
5.191999999999999393e-02 0.000000000000000000e+00
5.193999999999998618e-02 0.000000000000000000e+00
5.196000000000000618e-02 0.000000000000000000e+00
5.197999999999999843e-02 0.000000000000000000e+00
5.199999999999999067e-02 0.000000000000000000e+00
5.201999999999998292e-02 0.000000000000000000e+00
5.204000000000000292e-02 0.000000000000000000e+00
5.205999999999999517e-02 0.000000000000000000e+00
5.207999999999998741e-02 0.000000000000000000e+00
5.210000000000000742e-02 0.000000000000000000e+00
5.211999999999999966e-02 0.000000000000000000e+00
5.213999999999999191e-02 0.000000000000000000e+00
5.215999999999998415e-02 0.000000000000000000e+00
5.218000000000000416e-02 0.000000000000000000e+00
5.219999999999999640e-02 0.000000000000000000e+00
5.221999999999998865e-02 0.000000000000000000e+00
5.223999999999998090e-02 0.000000000000000000e+00
5.226000000000000090e-02 0.000000000000000000e+00
5.227999999999999314e-02 0.000000000000000000e+00
5.229999999999998539e-02 0.000000000000000000e+00
5.232000000000000539e-02 0.000000000000000000e+00
5.233999999999999764e-02 0.000000000000000000e+00
5.235999999999998988e-02 0.000000000000000000e+00
5.237999999999998213e-02 0.000000000000000000e+00
5.240000000000000213e-02 0.000000000000000000e+00
5.241999999999999438e-02 0.000000000000000000e+00
5.243999999999998662e-02 0.000000000000000000e+00
5.246000000000000663e-02 0.000000000000000000e+00
5.247999999999999887e-02 0.000000000000000000e+00
5.249999999999999112e-02 0.000000000000000000e+00
5.251999999999998336e-02 0.000000000000000000e+00
5.254000000000000337e-02 0.000000000000000000e+00
5.255999999999999561e-02 0.000000000000000000e+00
5.257999999999998786e-02 0.000000000000000000e+00
5.260000000000000786e-02 0.000000000000000000e+00
5.262000000000000011e-02 0.000000000000000000e+00
5.263999999999999235e-02 0.000000000000000000e+00
5.265999999999998460e-02 0.000000000000000000e+00
5.268000000000000460e-02 0.000000000000000000e+00
5.269999999999999685e-02 0.000000000000000000e+00
5.271999999999998909e-02 0.000000000000000000e+00
5.273999999999998134e-02 0.000000000000000000e+00
5.276000000000000134e-02 0.000000000000000000e+00
5.277999999999999359e-02 0.000000000000000000e+00
5.279999999999998583e-02 0.000000000000000000e+00
5.282000000000000584e-02 0.000000000000000000e+00
5.283999999999999808e-02 0.000000000000000000e+00
5.285999999999999033e-02 0.000000000000000000e+00
5.287999999999998257e-02 0.000000000000000000e+00
5.290000000000000258e-02 0.000000000000000000e+00
5.291999999999999482e-02 0.000000000000000000e+00
5.293999999999998707e-02 0.000000000000000000e+00
5.296000000000000707e-02 0.000000000000000000e+00
5.297999999999999932e-02 0.000000000000000000e+00
5.299999999999999156e-02 0.000000000000000000e+00
5.301999999999998381e-02 0.000000000000000000e+00
5.304000000000000381e-02 0.000000000000000000e+00
5.305999999999999606e-02 0.000000000000000000e+00
5.307999999999998830e-02 0.000000000000000000e+00
5.310000000000000830e-02 0.000000000000000000e+00
5.312000000000000055e-02 0.000000000000000000e+00
5.313999999999999280e-02 0.000000000000000000e+00
5.315999999999998504e-02 0.000000000000000000e+00
5.318000000000000504e-02 0.000000000000000000e+00
5.319999999999999729e-02 0.000000000000000000e+00
5.321999999999998954e-02 0.000000000000000000e+00
5.323999999999998178e-02 0.000000000000000000e+00
5.326000000000000179e-02 0.000000000000000000e+00
5.327999999999999403e-02 0.000000000000000000e+00
5.329999999999998628e-02 0.000000000000000000e+00
5.332000000000000628e-02 0.000000000000000000e+00
5.333999999999999853e-02 0.000000000000000000e+00
5.335999999999999077e-02 0.000000000000000000e+00
5.337999999999998302e-02 0.000000000000000000e+00
5.340000000000000302e-02 0.000000000000000000e+00
5.341999999999999527e-02 0.000000000000000000e+00
5.343999999999998751e-02 0.000000000000000000e+00
5.346000000000000751e-02 0.000000000000000000e+00
5.347999999999999976e-02 0.000000000000000000e+00
5.349999999999999201e-02 0.000000000000000000e+00
5.351999999999998425e-02 0.000000000000000000e+00
5.354000000000000425e-02 0.000000000000000000e+00
5.355999999999999650e-02 0.000000000000000000e+00
5.357999999999998875e-02 0.000000000000000000e+00
5.359999999999998099e-02 0.000000000000000000e+00
5.362000000000000099e-02 0.000000000000000000e+00
5.363999999999999324e-02 0.000000000000000000e+00
5.365999999999998549e-02 0.000000000000000000e+00
5.368000000000000549e-02 0.000000000000000000e+00
5.369999999999999774e-02 0.000000000000000000e+00
5.371999999999998998e-02 0.000000000000000000e+00
5.373999999999998223e-02 0.000000000000000000e+00
5.376000000000000223e-02 0.000000000000000000e+00
5.377999999999999448e-02 0.000000000000000000e+00
5.379999999999998672e-02 0.000000000000000000e+00
5.382000000000000672e-02 0.000000000000000000e+00
5.383999999999999897e-02 0.000000000000000000e+00
5.385999999999999122e-02 0.000000000000000000e+00
5.387999999999998346e-02 0.000000000000000000e+00
5.390000000000000346e-02 0.000000000000000000e+00
5.391999999999999571e-02 0.000000000000000000e+00
5.393999999999998796e-02 0.000000000000000000e+00
5.396000000000000796e-02 0.000000000000000000e+00
5.398000000000000020e-02 0.000000000000000000e+00
5.399999999999999245e-02 0.000000000000000000e+00
5.401999999999998470e-02 0.000000000000000000e+00
5.404000000000000470e-02 0.000000000000000000e+00
5.405999999999999694e-02 0.000000000000000000e+00
5.407999999999998919e-02 0.000000000000000000e+00
5.409999999999998144e-02 0.000000000000000000e+00
5.412000000000000144e-02 0.000000000000000000e+00
5.413999999999999369e-02 0.000000000000000000e+00
5.415999999999998593e-02 0.000000000000000000e+00
5.418000000000000593e-02 0.000000000000000000e+00
5.419999999999999818e-02 0.000000000000000000e+00
5.421999999999999043e-02 0.000000000000000000e+00
5.423999999999998267e-02 0.000000000000000000e+00
5.426000000000000267e-02 0.000000000000000000e+00
5.427999999999999492e-02 0.000000000000000000e+00
5.429999999999998717e-02 0.000000000000000000e+00
5.432000000000000717e-02 0.000000000000000000e+00
5.433999999999999941e-02 0.000000000000000000e+00
5.435999999999999166e-02 0.000000000000000000e+00
5.437999999999998391e-02 0.000000000000000000e+00
5.440000000000000391e-02 0.000000000000000000e+00
5.441999999999999615e-02 0.000000000000000000e+00
5.443999999999998840e-02 0.000000000000000000e+00
5.445999999999998065e-02 0.000000000000000000e+00
5.448000000000000065e-02 0.000000000000000000e+00
5.449999999999999289e-02 0.000000000000000000e+00
5.451999999999998514e-02 0.000000000000000000e+00
5.454000000000000514e-02 0.000000000000000000e+00
5.455999999999999739e-02 0.000000000000000000e+00
5.457999999999998963e-02 0.000000000000000000e+00
5.459999999999998188e-02 0.000000000000000000e+00
5.462000000000000188e-02 0.000000000000000000e+00
5.463999999999999413e-02 0.000000000000000000e+00
5.465999999999998638e-02 0.000000000000000000e+00
5.468000000000000638e-02 0.000000000000000000e+00
5.469999999999999862e-02 0.000000000000000000e+00
5.471999999999999087e-02 0.000000000000000000e+00
5.473999999999998312e-02 0.000000000000000000e+00
5.476000000000000312e-02 0.000000000000000000e+00
5.477999999999999536e-02 0.000000000000000000e+00
5.479999999999998761e-02 0.000000000000000000e+00
5.482000000000000761e-02 0.000000000000000000e+00
5.483999999999999986e-02 0.000000000000000000e+00
5.485999999999999210e-02 0.000000000000000000e+00
5.487999999999998435e-02 0.000000000000000000e+00
5.490000000000000435e-02 0.000000000000000000e+00
5.491999999999999660e-02 0.000000000000000000e+00
5.493999999999998884e-02 0.000000000000000000e+00
5.495999999999998109e-02 0.000000000000000000e+00
5.498000000000000109e-02 0.000000000000000000e+00
5.499999999999999334e-02 0.000000000000000000e+00
5.501999999999998558e-02 0.000000000000000000e+00
5.504000000000000559e-02 0.000000000000000000e+00
5.505999999999999783e-02 0.000000000000000000e+00
5.507999999999999008e-02 0.000000000000000000e+00
5.509999999999998233e-02 0.000000000000000000e+00
5.512000000000000233e-02 0.000000000000000000e+00
5.513999999999999457e-02 0.000000000000000000e+00
5.515999999999998682e-02 0.000000000000000000e+00
5.518000000000000682e-02 0.000000000000000000e+00
5.519999999999999907e-02 0.000000000000000000e+00
5.521999999999999131e-02 0.000000000000000000e+00
5.523999999999998356e-02 0.000000000000000000e+00
5.526000000000000356e-02 0.000000000000000000e+00
5.527999999999999581e-02 0.000000000000000000e+00
5.529999999999998805e-02 0.000000000000000000e+00
5.532000000000000806e-02 0.000000000000000000e+00
5.534000000000000030e-02 0.000000000000000000e+00
5.535999999999999255e-02 0.000000000000000000e+00
5.537999999999998479e-02 0.000000000000000000e+00
5.540000000000000480e-02 0.000000000000000000e+00
5.541999999999999704e-02 0.000000000000000000e+00
5.543999999999998929e-02 0.000000000000000000e+00
5.545999999999998153e-02 0.000000000000000000e+00
5.548000000000000154e-02 0.000000000000000000e+00
5.549999999999999378e-02 0.000000000000000000e+00
5.551999999999998603e-02 0.000000000000000000e+00
5.554000000000000603e-02 0.000000000000000000e+00
5.555999999999999828e-02 0.000000000000000000e+00
5.557999999999999052e-02 0.000000000000000000e+00
5.559999999999998277e-02 0.000000000000000000e+00
5.562000000000000277e-02 0.000000000000000000e+00
5.563999999999999502e-02 0.000000000000000000e+00
5.565999999999998726e-02 0.000000000000000000e+00
5.568000000000000727e-02 0.000000000000000000e+00
5.569999999999999951e-02 0.000000000000000000e+00
5.571999999999999176e-02 0.000000000000000000e+00
5.573999999999998400e-02 0.000000000000000000e+00
5.576000000000000401e-02 0.000000000000000000e+00
5.577999999999999625e-02 0.000000000000000000e+00
5.579999999999998850e-02 0.000000000000000000e+00
5.581999999999998074e-02 0.000000000000000000e+00
5.584000000000000075e-02 0.000000000000000000e+00
5.585999999999999299e-02 0.000000000000000000e+00
5.587999999999998524e-02 0.000000000000000000e+00
5.590000000000000524e-02 0.000000000000000000e+00
5.591999999999999749e-02 0.000000000000000000e+00
5.593999999999998973e-02 0.000000000000000000e+00
5.595999999999998198e-02 0.000000000000000000e+00
5.598000000000000198e-02 0.000000000000000000e+00
5.599999999999999423e-02 0.000000000000000000e+00
5.601999999999998647e-02 0.000000000000000000e+00
5.604000000000000647e-02 0.000000000000000000e+00
5.605999999999999872e-02 0.000000000000000000e+00
5.607999999999999097e-02 0.000000000000000000e+00
5.609999999999998321e-02 0.000000000000000000e+00
5.612000000000000322e-02 0.000000000000000000e+00
5.613999999999999546e-02 0.000000000000000000e+00
5.615999999999998771e-02 0.000000000000000000e+00
5.618000000000000771e-02 0.000000000000000000e+00
5.619999999999999996e-02 0.000000000000000000e+00
5.621999999999999220e-02 0.000000000000000000e+00
5.623999999999998445e-02 0.000000000000000000e+00
5.626000000000000445e-02 0.000000000000000000e+00
5.627999999999999670e-02 0.000000000000000000e+00
5.629999999999998894e-02 0.000000000000000000e+00
5.631999999999998119e-02 0.000000000000000000e+00
5.634000000000000119e-02 0.000000000000000000e+00
5.635999999999999344e-02 0.000000000000000000e+00
5.637999999999998568e-02 0.000000000000000000e+00
5.640000000000000568e-02 0.000000000000000000e+00
5.641999999999999793e-02 0.000000000000000000e+00
5.643999999999999018e-02 0.000000000000000000e+00
5.645999999999998242e-02 0.000000000000000000e+00
5.648000000000000242e-02 0.000000000000000000e+00
5.649999999999999467e-02 0.000000000000000000e+00
5.651999999999998692e-02 0.000000000000000000e+00
5.654000000000000692e-02 0.000000000000000000e+00
5.655999999999999917e-02 0.000000000000000000e+00
5.657999999999999141e-02 0.000000000000000000e+00
5.659999999999998366e-02 0.000000000000000000e+00
5.662000000000000366e-02 0.000000000000000000e+00
5.663999999999999591e-02 0.000000000000000000e+00
5.665999999999998815e-02 0.000000000000000000e+00
5.668000000000000815e-02 0.000000000000000000e+00
5.670000000000000040e-02 0.000000000000000000e+00
5.671999999999999265e-02 0.000000000000000000e+00
5.673999999999998489e-02 0.000000000000000000e+00
5.676000000000000489e-02 0.000000000000000000e+00
5.677999999999999714e-02 0.000000000000000000e+00
5.679999999999998939e-02 0.000000000000000000e+00
5.681999999999998163e-02 0.000000000000000000e+00
5.684000000000000163e-02 0.000000000000000000e+00
5.685999999999999388e-02 0.000000000000000000e+00
5.687999999999998613e-02 0.000000000000000000e+00
5.690000000000000613e-02 0.000000000000000000e+00
5.691999999999999837e-02 0.000000000000000000e+00
5.693999999999999062e-02 0.000000000000000000e+00
5.695999999999998287e-02 0.000000000000000000e+00
5.698000000000000287e-02 0.000000000000000000e+00
5.699999999999999512e-02 0.000000000000000000e+00
5.701999999999998736e-02 0.000000000000000000e+00
5.704000000000000736e-02 0.000000000000000000e+00
5.705999999999999961e-02 0.000000000000000000e+00
5.707999999999999186e-02 0.000000000000000000e+00
5.709999999999998410e-02 0.000000000000000000e+00
5.712000000000000410e-02 0.000000000000000000e+00
5.713999999999999635e-02 0.000000000000000000e+00
5.715999999999998860e-02 0.000000000000000000e+00
5.717999999999998084e-02 0.000000000000000000e+00
5.720000000000000084e-02 0.000000000000000000e+00
5.721999999999999309e-02 0.000000000000000000e+00
5.723999999999998534e-02 0.000000000000000000e+00
5.726000000000000534e-02 0.000000000000000000e+00
5.727999999999999758e-02 0.000000000000000000e+00
5.729999999999998983e-02 0.000000000000000000e+00
5.731999999999998208e-02 0.000000000000000000e+00
5.734000000000000208e-02 0.000000000000000000e+00
5.735999999999999432e-02 0.000000000000000000e+00
5.737999999999998657e-02 0.000000000000000000e+00
5.740000000000000657e-02 0.000000000000000000e+00
5.741999999999999882e-02 0.000000000000000000e+00
5.743999999999999106e-02 0.000000000000000000e+00
5.745999999999998331e-02 0.000000000000000000e+00
5.748000000000000331e-02 0.000000000000000000e+00
5.749999999999999556e-02 0.000000000000000000e+00
5.751999999999998781e-02 0.000000000000000000e+00
5.754000000000000781e-02 0.000000000000000000e+00
5.756000000000000005e-02 0.000000000000000000e+00
5.757999999999999230e-02 0.000000000000000000e+00
5.759999999999998455e-02 0.000000000000000000e+00
5.762000000000000455e-02 0.000000000000000000e+00
5.763999999999999679e-02 0.000000000000000000e+00
5.765999999999998904e-02 0.000000000000000000e+00
5.767999999999998129e-02 0.000000000000000000e+00
5.770000000000000129e-02 0.000000000000000000e+00
5.771999999999999353e-02 0.000000000000000000e+00
5.773999999999998578e-02 0.000000000000000000e+00
5.776000000000000578e-02 0.000000000000000000e+00
5.777999999999999803e-02 0.000000000000000000e+00
5.779999999999999027e-02 0.000000000000000000e+00
5.781999999999998252e-02 0.000000000000000000e+00
5.784000000000000252e-02 0.000000000000000000e+00
5.785999999999999477e-02 0.000000000000000000e+00
5.787999999999998701e-02 0.000000000000000000e+00
5.790000000000000702e-02 0.000000000000000000e+00
5.791999999999999926e-02 0.000000000000000000e+00
5.793999999999999151e-02 0.000000000000000000e+00
5.795999999999998376e-02 0.000000000000000000e+00
5.798000000000000376e-02 0.000000000000000000e+00
5.799999999999999600e-02 0.000000000000000000e+00
5.801999999999998825e-02 0.000000000000000000e+00
5.804000000000000825e-02 0.000000000000000000e+00
5.806000000000000050e-02 0.000000000000000000e+00
5.807999999999999274e-02 0.000000000000000000e+00
5.809999999999998499e-02 0.000000000000000000e+00
5.812000000000000499e-02 0.000000000000000000e+00
5.813999999999999724e-02 0.000000000000000000e+00
5.815999999999998948e-02 0.000000000000000000e+00
5.817999999999998173e-02 0.000000000000000000e+00
5.820000000000000173e-02 0.000000000000000000e+00
5.821999999999999398e-02 0.000000000000000000e+00
5.823999999999998622e-02 0.000000000000000000e+00
5.826000000000000623e-02 0.000000000000000000e+00
5.827999999999999847e-02 0.000000000000000000e+00
5.829999999999999072e-02 0.000000000000000000e+00
5.831999999999998296e-02 0.000000000000000000e+00
5.834000000000000297e-02 0.000000000000000000e+00
5.835999999999999521e-02 0.000000000000000000e+00
5.837999999999998746e-02 0.000000000000000000e+00
5.840000000000000746e-02 0.000000000000000000e+00
5.841999999999999971e-02 0.000000000000000000e+00
5.843999999999999195e-02 0.000000000000000000e+00
5.845999999999998420e-02 0.000000000000000000e+00
5.848000000000000420e-02 0.000000000000000000e+00
5.849999999999999645e-02 0.000000000000000000e+00
5.851999999999998869e-02 0.000000000000000000e+00
5.853999999999998094e-02 0.000000000000000000e+00
5.856000000000000094e-02 0.000000000000000000e+00
5.857999999999999319e-02 0.000000000000000000e+00
5.859999999999998543e-02 0.000000000000000000e+00
5.862000000000000544e-02 0.000000000000000000e+00
5.863999999999999768e-02 0.000000000000000000e+00
5.865999999999998993e-02 0.000000000000000000e+00
5.867999999999998217e-02 0.000000000000000000e+00
5.870000000000000218e-02 0.000000000000000000e+00
5.871999999999999442e-02 0.000000000000000000e+00
5.873999999999998667e-02 0.000000000000000000e+00
5.876000000000000667e-02 0.000000000000000000e+00
5.877999999999999892e-02 0.000000000000000000e+00
5.879999999999999116e-02 0.000000000000000000e+00
5.881999999999998341e-02 0.000000000000000000e+00
5.884000000000000341e-02 0.000000000000000000e+00
5.885999999999999566e-02 0.000000000000000000e+00
5.887999999999998790e-02 0.000000000000000000e+00
5.890000000000000790e-02 0.000000000000000000e+00
5.892000000000000015e-02 0.000000000000000000e+00
5.893999999999999240e-02 0.000000000000000000e+00
5.895999999999998464e-02 0.000000000000000000e+00
5.898000000000000465e-02 0.000000000000000000e+00
5.899999999999999689e-02 0.000000000000000000e+00
5.901999999999998914e-02 0.000000000000000000e+00
5.903999999999998138e-02 0.000000000000000000e+00
5.906000000000000139e-02 0.000000000000000000e+00
5.907999999999999363e-02 0.000000000000000000e+00
5.909999999999998588e-02 0.000000000000000000e+00
5.912000000000000588e-02 0.000000000000000000e+00
5.913999999999999813e-02 0.000000000000000000e+00
5.915999999999999037e-02 0.000000000000000000e+00
5.917999999999998262e-02 0.000000000000000000e+00
5.920000000000000262e-02 0.000000000000000000e+00
5.921999999999999487e-02 0.000000000000000000e+00
5.923999999999998711e-02 0.000000000000000000e+00
5.926000000000000711e-02 0.000000000000000000e+00
5.927999999999999936e-02 0.000000000000000000e+00
5.929999999999999161e-02 0.000000000000000000e+00
5.931999999999998385e-02 0.000000000000000000e+00
5.934000000000000385e-02 0.000000000000000000e+00
5.935999999999999610e-02 0.000000000000000000e+00
5.937999999999998835e-02 0.000000000000000000e+00
5.939999999999998059e-02 0.000000000000000000e+00
5.942000000000000060e-02 0.000000000000000000e+00
5.943999999999999284e-02 0.000000000000000000e+00
5.945999999999998509e-02 0.000000000000000000e+00
5.948000000000000509e-02 0.000000000000000000e+00
5.949999999999999734e-02 0.000000000000000000e+00
5.951999999999998958e-02 0.000000000000000000e+00
5.953999999999998183e-02 0.000000000000000000e+00
5.956000000000000183e-02 0.000000000000000000e+00
5.957999999999999408e-02 0.000000000000000000e+00
5.959999999999998632e-02 0.000000000000000000e+00
5.962000000000000632e-02 0.000000000000000000e+00
5.963999999999999857e-02 0.000000000000000000e+00
5.965999999999999082e-02 0.000000000000000000e+00
5.967999999999998306e-02 0.000000000000000000e+00
5.970000000000000306e-02 0.000000000000000000e+00
5.971999999999999531e-02 0.000000000000000000e+00
5.973999999999998756e-02 0.000000000000000000e+00
5.976000000000000756e-02 0.000000000000000000e+00
5.977999999999999980e-02 0.000000000000000000e+00
5.979999999999999205e-02 0.000000000000000000e+00
5.981999999999998430e-02 0.000000000000000000e+00
5.984000000000000430e-02 0.000000000000000000e+00
5.985999999999999654e-02 0.000000000000000000e+00
5.987999999999998879e-02 0.000000000000000000e+00
5.989999999999998104e-02 0.000000000000000000e+00
5.992000000000000104e-02 0.000000000000000000e+00
5.993999999999999329e-02 0.000000000000000000e+00
5.995999999999998553e-02 0.000000000000000000e+00
5.998000000000000553e-02 0.000000000000000000e+00
5.999999999999999778e-02 0.000000000000000000e+00
6.001999999999999003e-02 0.000000000000000000e+00
6.003999999999998227e-02 0.000000000000000000e+00
6.006000000000000227e-02 0.000000000000000000e+00
6.007999999999999452e-02 0.000000000000000000e+00
6.009999999999998677e-02 0.000000000000000000e+00
6.012000000000000677e-02 0.000000000000000000e+00
6.013999999999999901e-02 0.000000000000000000e+00
6.015999999999999126e-02 0.000000000000000000e+00
6.017999999999998351e-02 0.000000000000000000e+00
6.020000000000000351e-02 0.000000000000000000e+00
6.021999999999999575e-02 0.000000000000000000e+00
6.023999999999998800e-02 0.000000000000000000e+00
6.026000000000000800e-02 0.000000000000000000e+00
6.028000000000000025e-02 0.000000000000000000e+00
6.029999999999999249e-02 0.000000000000000000e+00
6.031999999999998474e-02 0.000000000000000000e+00
6.034000000000000474e-02 0.000000000000000000e+00
6.035999999999999699e-02 0.000000000000000000e+00
6.037999999999998924e-02 0.000000000000000000e+00
6.039999999999998148e-02 0.000000000000000000e+00
6.042000000000000148e-02 0.000000000000000000e+00
6.043999999999999373e-02 0.000000000000000000e+00
6.045999999999998598e-02 0.000000000000000000e+00
6.048000000000000598e-02 0.000000000000000000e+00
6.049999999999999822e-02 0.000000000000000000e+00
6.051999999999999047e-02 0.000000000000000000e+00
6.053999999999998272e-02 0.000000000000000000e+00
6.056000000000000272e-02 0.000000000000000000e+00
6.057999999999999496e-02 0.000000000000000000e+00
6.059999999999998721e-02 0.000000000000000000e+00
6.062000000000000721e-02 0.000000000000000000e+00
6.063999999999999946e-02 0.000000000000000000e+00
6.065999999999999170e-02 0.000000000000000000e+00
6.067999999999998395e-02 0.000000000000000000e+00
6.070000000000000395e-02 0.000000000000000000e+00
6.071999999999999620e-02 0.000000000000000000e+00
6.073999999999998844e-02 0.000000000000000000e+00
6.075999999999998069e-02 0.000000000000000000e+00
6.078000000000000069e-02 0.000000000000000000e+00
6.079999999999999294e-02 0.000000000000000000e+00
6.081999999999998519e-02 0.000000000000000000e+00
6.084000000000000519e-02 0.000000000000000000e+00
6.085999999999999743e-02 0.000000000000000000e+00
6.087999999999998968e-02 0.000000000000000000e+00
6.089999999999998193e-02 0.000000000000000000e+00
6.092000000000000193e-02 0.000000000000000000e+00
6.093999999999999417e-02 0.000000000000000000e+00
6.095999999999998642e-02 0.000000000000000000e+00
6.098000000000000642e-02 0.000000000000000000e+00
6.099999999999999867e-02 0.000000000000000000e+00
6.101999999999999091e-02 0.000000000000000000e+00
6.103999999999998316e-02 0.000000000000000000e+00
6.106000000000000316e-02 0.000000000000000000e+00
6.107999999999999541e-02 0.000000000000000000e+00
6.109999999999998765e-02 0.000000000000000000e+00
6.112000000000000766e-02 0.000000000000000000e+00
6.113999999999999990e-02 0.000000000000000000e+00
6.115999999999999215e-02 0.000000000000000000e+00
6.117999999999998439e-02 0.000000000000000000e+00
6.120000000000000440e-02 0.000000000000000000e+00
6.121999999999999664e-02 0.000000000000000000e+00
6.123999999999998889e-02 0.000000000000000000e+00
6.125999999999998114e-02 0.000000000000000000e+00
6.128000000000000114e-02 0.000000000000000000e+00
6.129999999999999338e-02 0.000000000000000000e+00
6.131999999999998563e-02 0.000000000000000000e+00
6.134000000000000563e-02 0.000000000000000000e+00
6.135999999999999788e-02 0.000000000000000000e+00
6.137999999999999012e-02 0.000000000000000000e+00
6.139999999999998237e-02 0.000000000000000000e+00
6.142000000000000237e-02 0.000000000000000000e+00
6.143999999999999462e-02 0.000000000000000000e+00
6.145999999999998686e-02 0.000000000000000000e+00
6.148000000000000687e-02 0.000000000000000000e+00
6.149999999999999911e-02 0.000000000000000000e+00
6.151999999999999136e-02 0.000000000000000000e+00
6.153999999999998360e-02 0.000000000000000000e+00
6.156000000000000361e-02 0.000000000000000000e+00
6.157999999999999585e-02 0.000000000000000000e+00
6.159999999999998810e-02 0.000000000000000000e+00
6.162000000000000810e-02 0.000000000000000000e+00
6.164000000000000035e-02 0.000000000000000000e+00
6.165999999999999259e-02 0.000000000000000000e+00
6.167999999999998484e-02 0.000000000000000000e+00
6.170000000000000484e-02 0.000000000000000000e+00
6.171999999999999709e-02 0.000000000000000000e+00
6.173999999999998933e-02 0.000000000000000000e+00
6.175999999999998158e-02 0.000000000000000000e+00
6.178000000000000158e-02 0.000000000000000000e+00
6.179999999999999383e-02 0.000000000000000000e+00
6.181999999999998607e-02 0.000000000000000000e+00
6.184000000000000608e-02 0.000000000000000000e+00
6.185999999999999832e-02 0.000000000000000000e+00
6.187999999999999057e-02 0.000000000000000000e+00
6.189999999999998281e-02 0.000000000000000000e+00
6.192000000000000282e-02 0.000000000000000000e+00
6.193999999999999506e-02 0.000000000000000000e+00
6.195999999999998731e-02 0.000000000000000000e+00
6.198000000000000731e-02 0.000000000000000000e+00
6.199999999999999956e-02 0.000000000000000000e+00
6.201999999999999180e-02 0.000000000000000000e+00
6.203999999999998405e-02 0.000000000000000000e+00
6.206000000000000405e-02 0.000000000000000000e+00
6.207999999999999630e-02 0.000000000000000000e+00
6.209999999999998854e-02 0.000000000000000000e+00
6.211999999999998079e-02 0.000000000000000000e+00
6.214000000000000079e-02 0.000000000000000000e+00
6.215999999999999304e-02 0.000000000000000000e+00
6.217999999999998528e-02 0.000000000000000000e+00
6.220000000000000528e-02 0.000000000000000000e+00
6.221999999999999753e-02 0.000000000000000000e+00
6.223999999999998978e-02 0.000000000000000000e+00
6.225999999999998202e-02 0.000000000000000000e+00
6.228000000000000203e-02 0.000000000000000000e+00
6.229999999999999427e-02 0.000000000000000000e+00
6.231999999999998652e-02 0.000000000000000000e+00
6.234000000000000652e-02 0.000000000000000000e+00
6.235999999999999877e-02 0.000000000000000000e+00
6.237999999999999101e-02 0.000000000000000000e+00
6.239999999999998326e-02 0.000000000000000000e+00
6.242000000000000326e-02 0.000000000000000000e+00
6.243999999999999551e-02 0.000000000000000000e+00
6.245999999999998775e-02 0.000000000000000000e+00
6.248000000000000775e-02 0.000000000000000000e+00
6.250000000000000000e-02 0.000000000000000000e+00
6.251999999999999225e-02 0.000000000000000000e+00
6.253999999999998449e-02 0.000000000000000000e+00
6.256000000000000449e-02 0.000000000000000000e+00
6.257999999999999674e-02 0.000000000000000000e+00
6.259999999999998899e-02 0.000000000000000000e+00
6.261999999999998123e-02 0.000000000000000000e+00
6.264000000000000123e-02 0.000000000000000000e+00
6.265999999999999348e-02 0.000000000000000000e+00
6.267999999999998573e-02 0.000000000000000000e+00
6.270000000000000573e-02 0.000000000000000000e+00
6.271999999999999797e-02 0.000000000000000000e+00
6.273999999999999022e-02 0.000000000000000000e+00
6.275999999999998247e-02 0.000000000000000000e+00
6.278000000000000247e-02 0.000000000000000000e+00
6.279999999999999472e-02 0.000000000000000000e+00
6.281999999999998696e-02 0.000000000000000000e+00
6.284000000000000696e-02 0.000000000000000000e+00
6.285999999999999921e-02 0.000000000000000000e+00
6.287999999999999146e-02 0.000000000000000000e+00
6.289999999999998370e-02 0.000000000000000000e+00
6.292000000000000370e-02 0.000000000000000000e+00
6.293999999999999595e-02 0.000000000000000000e+00
6.295999999999998820e-02 0.000000000000000000e+00
6.298000000000000820e-02 0.000000000000000000e+00
6.300000000000000044e-02 0.000000000000000000e+00
6.301999999999999269e-02 0.000000000000000000e+00
6.303999999999998494e-02 0.000000000000000000e+00
6.306000000000000494e-02 0.000000000000000000e+00
6.307999999999999718e-02 0.000000000000000000e+00
6.309999999999998943e-02 0.000000000000000000e+00
6.311999999999998168e-02 0.000000000000000000e+00
6.314000000000000168e-02 0.000000000000000000e+00
6.315999999999999392e-02 0.000000000000000000e+00
6.317999999999998617e-02 0.000000000000000000e+00
6.320000000000000617e-02 0.000000000000000000e+00
6.321999999999999842e-02 0.000000000000000000e+00
6.323999999999999067e-02 0.000000000000000000e+00
6.325999999999998291e-02 0.000000000000000000e+00
6.328000000000000291e-02 0.000000000000000000e+00
6.329999999999999516e-02 0.000000000000000000e+00
6.331999999999998741e-02 0.000000000000000000e+00
6.334000000000000741e-02 0.000000000000000000e+00
6.335999999999999965e-02 0.000000000000000000e+00
6.337999999999999190e-02 0.000000000000000000e+00
6.339999999999998415e-02 0.000000000000000000e+00
6.342000000000000415e-02 0.000000000000000000e+00
6.343999999999999639e-02 0.000000000000000000e+00
6.345999999999998864e-02 0.000000000000000000e+00
6.347999999999998089e-02 0.000000000000000000e+00
6.350000000000000089e-02 0.000000000000000000e+00
6.351999999999999313e-02 0.000000000000000000e+00
6.353999999999998538e-02 0.000000000000000000e+00
6.356000000000000538e-02 0.000000000000000000e+00
6.357999999999999763e-02 0.000000000000000000e+00
6.359999999999998987e-02 0.000000000000000000e+00
6.361999999999998212e-02 0.000000000000000000e+00
6.364000000000000212e-02 0.000000000000000000e+00
6.365999999999999437e-02 0.000000000000000000e+00
6.367999999999998662e-02 0.000000000000000000e+00
6.370000000000000662e-02 0.000000000000000000e+00
6.371999999999999886e-02 0.000000000000000000e+00
6.373999999999999111e-02 0.000000000000000000e+00
6.375999999999998336e-02 0.000000000000000000e+00
6.378000000000000336e-02 0.000000000000000000e+00
6.379999999999999560e-02 0.000000000000000000e+00
6.381999999999998785e-02 0.000000000000000000e+00
6.384000000000000785e-02 0.000000000000000000e+00
6.386000000000000010e-02 0.000000000000000000e+00
6.387999999999999234e-02 0.000000000000000000e+00
6.389999999999998459e-02 0.000000000000000000e+00
6.392000000000000459e-02 0.000000000000000000e+00
6.393999999999999684e-02 0.000000000000000000e+00
6.395999999999998908e-02 0.000000000000000000e+00
6.397999999999998133e-02 0.000000000000000000e+00
6.400000000000000133e-02 0.000000000000000000e+00
6.401999999999999358e-02 0.000000000000000000e+00
6.403999999999998582e-02 0.000000000000000000e+00
6.406000000000000583e-02 0.000000000000000000e+00
6.407999999999999807e-02 0.000000000000000000e+00
6.409999999999999032e-02 0.000000000000000000e+00
6.411999999999998257e-02 0.000000000000000000e+00
6.414000000000000257e-02 0.000000000000000000e+00
6.415999999999999481e-02 0.000000000000000000e+00
6.417999999999998706e-02 0.000000000000000000e+00
6.420000000000000706e-02 0.000000000000000000e+00
6.421999999999999931e-02 0.000000000000000000e+00
6.423999999999999155e-02 0.000000000000000000e+00
6.425999999999998380e-02 0.000000000000000000e+00
6.428000000000000380e-02 0.000000000000000000e+00
6.429999999999999605e-02 0.000000000000000000e+00
6.431999999999998829e-02 0.000000000000000000e+00
6.434000000000000830e-02 0.000000000000000000e+00
6.436000000000000054e-02 0.000000000000000000e+00
6.437999999999999279e-02 0.000000000000000000e+00
6.439999999999998503e-02 0.000000000000000000e+00
6.442000000000000504e-02 0.000000000000000000e+00
6.443999999999999728e-02 0.000000000000000000e+00
6.445999999999998953e-02 0.000000000000000000e+00
6.447999999999998177e-02 0.000000000000000000e+00
6.450000000000000178e-02 0.000000000000000000e+00
6.451999999999999402e-02 0.000000000000000000e+00
6.453999999999998627e-02 0.000000000000000000e+00
6.456000000000000627e-02 0.000000000000000000e+00
6.457999999999999852e-02 0.000000000000000000e+00
6.459999999999999076e-02 0.000000000000000000e+00
6.461999999999998301e-02 0.000000000000000000e+00
6.464000000000000301e-02 0.000000000000000000e+00
6.465999999999999526e-02 0.000000000000000000e+00
6.467999999999998750e-02 0.000000000000000000e+00
6.470000000000000751e-02 0.000000000000000000e+00
6.471999999999999975e-02 0.000000000000000000e+00
6.473999999999999200e-02 0.000000000000000000e+00
6.475999999999998424e-02 0.000000000000000000e+00
6.478000000000000425e-02 0.000000000000000000e+00
6.479999999999999649e-02 0.000000000000000000e+00
6.481999999999998874e-02 0.000000000000000000e+00
6.483999999999998098e-02 0.000000000000000000e+00
6.486000000000000099e-02 0.000000000000000000e+00
6.487999999999999323e-02 0.000000000000000000e+00
6.489999999999998548e-02 0.000000000000000000e+00
6.492000000000000548e-02 0.000000000000000000e+00
6.493999999999999773e-02 0.000000000000000000e+00
6.495999999999998997e-02 0.000000000000000000e+00
6.497999999999998222e-02 0.000000000000000000e+00
6.500000000000000222e-02 0.000000000000000000e+00
6.501999999999999447e-02 0.000000000000000000e+00
6.503999999999998671e-02 0.000000000000000000e+00
6.506000000000000671e-02 0.000000000000000000e+00
6.507999999999999896e-02 0.000000000000000000e+00
6.509999999999999121e-02 0.000000000000000000e+00
6.511999999999998345e-02 0.000000000000000000e+00
6.514000000000000346e-02 0.000000000000000000e+00
6.515999999999999570e-02 0.000000000000000000e+00
6.517999999999998795e-02 0.000000000000000000e+00
6.520000000000000795e-02 0.000000000000000000e+00
6.522000000000000020e-02 0.000000000000000000e+00
6.523999999999999244e-02 0.000000000000000000e+00
6.525999999999998469e-02 0.000000000000000000e+00
6.528000000000000469e-02 0.000000000000000000e+00
6.529999999999999694e-02 0.000000000000000000e+00
6.531999999999998918e-02 0.000000000000000000e+00
6.533999999999998143e-02 0.000000000000000000e+00
6.536000000000000143e-02 0.000000000000000000e+00
6.537999999999999368e-02 0.000000000000000000e+00
6.539999999999998592e-02 0.000000000000000000e+00
6.542000000000000592e-02 0.000000000000000000e+00
6.543999999999999817e-02 0.000000000000000000e+00
6.545999999999999042e-02 0.000000000000000000e+00
6.547999999999998266e-02 0.000000000000000000e+00
6.550000000000000266e-02 0.000000000000000000e+00
6.551999999999999491e-02 0.000000000000000000e+00
6.553999999999998716e-02 0.000000000000000000e+00
6.556000000000000716e-02 0.000000000000000000e+00
6.557999999999999940e-02 0.000000000000000000e+00
6.559999999999999165e-02 0.000000000000000000e+00
6.561999999999998390e-02 0.000000000000000000e+00
6.564000000000000390e-02 0.000000000000000000e+00
6.565999999999999615e-02 0.000000000000000000e+00
6.567999999999998839e-02 0.000000000000000000e+00
6.569999999999998064e-02 0.000000000000000000e+00
6.572000000000000064e-02 0.000000000000000000e+00
6.573999999999999289e-02 0.000000000000000000e+00
6.575999999999998513e-02 0.000000000000000000e+00
6.578000000000000513e-02 0.000000000000000000e+00
6.579999999999999738e-02 0.000000000000000000e+00
6.581999999999998963e-02 0.000000000000000000e+00
6.583999999999998187e-02 0.000000000000000000e+00
6.586000000000000187e-02 0.000000000000000000e+00
6.587999999999999412e-02 0.000000000000000000e+00
6.589999999999998637e-02 0.000000000000000000e+00
6.592000000000000637e-02 0.000000000000000000e+00
6.593999999999999861e-02 0.000000000000000000e+00
6.595999999999999086e-02 0.000000000000000000e+00
6.597999999999998311e-02 0.000000000000000000e+00
6.600000000000000311e-02 0.000000000000000000e+00
6.601999999999999535e-02 0.000000000000000000e+00
6.603999999999998760e-02 0.000000000000000000e+00
6.606000000000000760e-02 0.000000000000000000e+00
6.607999999999999985e-02 0.000000000000000000e+00
6.609999999999999210e-02 0.000000000000000000e+00
6.611999999999998434e-02 0.000000000000000000e+00
6.614000000000000434e-02 0.000000000000000000e+00
6.615999999999999659e-02 0.000000000000000000e+00
6.617999999999998884e-02 0.000000000000000000e+00
6.619999999999998108e-02 0.000000000000000000e+00
6.622000000000000108e-02 0.000000000000000000e+00
6.623999999999999333e-02 0.000000000000000000e+00
6.625999999999998558e-02 0.000000000000000000e+00
6.628000000000000558e-02 0.000000000000000000e+00
6.629999999999999782e-02 0.000000000000000000e+00
6.631999999999999007e-02 0.000000000000000000e+00
6.633999999999998232e-02 0.000000000000000000e+00
6.636000000000000232e-02 0.000000000000000000e+00
6.637999999999999456e-02 0.000000000000000000e+00
6.639999999999998681e-02 0.000000000000000000e+00
6.642000000000000681e-02 0.000000000000000000e+00
6.643999999999999906e-02 0.000000000000000000e+00
6.645999999999999130e-02 0.000000000000000000e+00
6.647999999999998355e-02 0.000000000000000000e+00
6.650000000000000355e-02 0.000000000000000000e+00
6.651999999999999580e-02 0.000000000000000000e+00
6.653999999999998805e-02 0.000000000000000000e+00
6.656000000000000805e-02 0.000000000000000000e+00
6.658000000000000029e-02 0.000000000000000000e+00
6.659999999999999254e-02 0.000000000000000000e+00
6.661999999999998479e-02 0.000000000000000000e+00
6.664000000000000479e-02 0.000000000000000000e+00
6.665999999999999703e-02 0.000000000000000000e+00
6.667999999999998928e-02 0.000000000000000000e+00
6.669999999999998153e-02 0.000000000000000000e+00
6.672000000000000153e-02 0.000000000000000000e+00
6.673999999999999377e-02 0.000000000000000000e+00
6.675999999999998602e-02 0.000000000000000000e+00
6.678000000000000602e-02 0.000000000000000000e+00
6.679999999999999827e-02 0.000000000000000000e+00
6.681999999999999051e-02 0.000000000000000000e+00
6.683999999999998276e-02 0.000000000000000000e+00
6.686000000000000276e-02 0.000000000000000000e+00
6.687999999999999501e-02 0.000000000000000000e+00
6.689999999999998725e-02 0.000000000000000000e+00
6.692000000000000726e-02 0.000000000000000000e+00
6.693999999999999950e-02 0.000000000000000000e+00
6.695999999999999175e-02 0.000000000000000000e+00
6.697999999999998400e-02 0.000000000000000000e+00
6.700000000000000400e-02 0.000000000000000000e+00
6.701999999999999624e-02 0.000000000000000000e+00
6.703999999999998849e-02 0.000000000000000000e+00
6.705999999999998074e-02 0.000000000000000000e+00
6.708000000000000074e-02 0.000000000000000000e+00
6.709999999999999298e-02 0.000000000000000000e+00
6.711999999999998523e-02 0.000000000000000000e+00
6.714000000000000523e-02 0.000000000000000000e+00
6.715999999999999748e-02 0.000000000000000000e+00
6.717999999999998972e-02 0.000000000000000000e+00
6.719999999999998197e-02 0.000000000000000000e+00
6.722000000000000197e-02 0.000000000000000000e+00
6.723999999999999422e-02 0.000000000000000000e+00
6.725999999999998646e-02 0.000000000000000000e+00
6.728000000000000647e-02 0.000000000000000000e+00
6.729999999999999871e-02 0.000000000000000000e+00
6.731999999999999096e-02 0.000000000000000000e+00
6.733999999999998320e-02 0.000000000000000000e+00
6.736000000000000321e-02 0.000000000000000000e+00
6.737999999999999545e-02 0.000000000000000000e+00
6.739999999999998770e-02 0.000000000000000000e+00
6.742000000000000770e-02 0.000000000000000000e+00
6.743999999999999995e-02 0.000000000000000000e+00
6.745999999999999219e-02 0.000000000000000000e+00
6.747999999999998444e-02 0.000000000000000000e+00
6.750000000000000444e-02 0.000000000000000000e+00
6.751999999999999669e-02 0.000000000000000000e+00
6.753999999999998893e-02 0.000000000000000000e+00
6.755999999999998118e-02 0.000000000000000000e+00
6.758000000000000118e-02 0.000000000000000000e+00
6.759999999999999343e-02 0.000000000000000000e+00
6.761999999999998567e-02 0.000000000000000000e+00
6.764000000000000568e-02 0.000000000000000000e+00
6.765999999999999792e-02 0.000000000000000000e+00
6.767999999999999017e-02 0.000000000000000000e+00
6.769999999999998241e-02 0.000000000000000000e+00
6.772000000000000242e-02 0.000000000000000000e+00
6.773999999999999466e-02 0.000000000000000000e+00
6.775999999999998691e-02 0.000000000000000000e+00
6.778000000000000691e-02 0.000000000000000000e+00
6.779999999999999916e-02 0.000000000000000000e+00
6.781999999999999140e-02 0.000000000000000000e+00
6.783999999999998365e-02 0.000000000000000000e+00
6.786000000000000365e-02 0.000000000000000000e+00
6.787999999999999590e-02 0.000000000000000000e+00
6.789999999999998814e-02 0.000000000000000000e+00
6.792000000000000814e-02 0.000000000000000000e+00
6.794000000000000039e-02 0.000000000000000000e+00
6.795999999999999264e-02 0.000000000000000000e+00
6.797999999999998488e-02 0.000000000000000000e+00
6.800000000000000488e-02 0.000000000000000000e+00
6.801999999999999713e-02 0.000000000000000000e+00
6.803999999999998938e-02 0.000000000000000000e+00
6.805999999999998162e-02 0.000000000000000000e+00
6.808000000000000163e-02 0.000000000000000000e+00
6.809999999999999387e-02 0.000000000000000000e+00
6.811999999999998612e-02 0.000000000000000000e+00
6.814000000000000612e-02 0.000000000000000000e+00
6.815999999999999837e-02 0.000000000000000000e+00
6.817999999999999061e-02 0.000000000000000000e+00
6.819999999999998286e-02 0.000000000000000000e+00
6.822000000000000286e-02 0.000000000000000000e+00
6.823999999999999511e-02 0.000000000000000000e+00
6.825999999999998735e-02 0.000000000000000000e+00
6.828000000000000735e-02 0.000000000000000000e+00
6.829999999999999960e-02 0.000000000000000000e+00
6.831999999999999185e-02 0.000000000000000000e+00
6.833999999999998409e-02 0.000000000000000000e+00
6.836000000000000409e-02 0.000000000000000000e+00
6.837999999999999634e-02 0.000000000000000000e+00
6.839999999999998859e-02 0.000000000000000000e+00
6.841999999999998083e-02 0.000000000000000000e+00
6.844000000000000083e-02 0.000000000000000000e+00
6.845999999999999308e-02 0.000000000000000000e+00
6.847999999999998533e-02 0.000000000000000000e+00
6.850000000000000533e-02 0.000000000000000000e+00
6.851999999999999758e-02 0.000000000000000000e+00
6.853999999999998982e-02 0.000000000000000000e+00
6.855999999999998207e-02 0.000000000000000000e+00
6.858000000000000207e-02 0.000000000000000000e+00
6.859999999999999432e-02 0.000000000000000000e+00
6.861999999999998656e-02 0.000000000000000000e+00
6.864000000000000656e-02 0.000000000000000000e+00
6.865999999999999881e-02 0.000000000000000000e+00
6.867999999999999106e-02 0.000000000000000000e+00
6.869999999999998330e-02 0.000000000000000000e+00
6.872000000000000330e-02 0.000000000000000000e+00
6.873999999999999555e-02 0.000000000000000000e+00
6.875999999999998780e-02 0.000000000000000000e+00
6.878000000000000780e-02 0.000000000000000000e+00
6.880000000000000004e-02 0.000000000000000000e+00
6.881999999999999229e-02 0.000000000000000000e+00
6.883999999999998454e-02 0.000000000000000000e+00
6.886000000000000454e-02 0.000000000000000000e+00
6.887999999999999678e-02 0.000000000000000000e+00
6.889999999999998903e-02 0.000000000000000000e+00
6.891999999999998128e-02 0.000000000000000000e+00
6.894000000000000128e-02 0.000000000000000000e+00
6.895999999999999353e-02 0.000000000000000000e+00
6.897999999999998577e-02 0.000000000000000000e+00
6.900000000000000577e-02 0.000000000000000000e+00
6.901999999999999802e-02 0.000000000000000000e+00
6.903999999999999027e-02 0.000000000000000000e+00
6.905999999999998251e-02 0.000000000000000000e+00
6.908000000000000251e-02 0.000000000000000000e+00
6.909999999999999476e-02 0.000000000000000000e+00
6.911999999999998701e-02 0.000000000000000000e+00
6.914000000000000701e-02 0.000000000000000000e+00
6.915999999999999925e-02 0.000000000000000000e+00
6.917999999999999150e-02 0.000000000000000000e+00
6.919999999999998375e-02 0.000000000000000000e+00
6.922000000000000375e-02 0.000000000000000000e+00
6.923999999999999599e-02 0.000000000000000000e+00
6.925999999999998824e-02 0.000000000000000000e+00
6.928000000000000824e-02 0.000000000000000000e+00
6.930000000000000049e-02 0.000000000000000000e+00
6.931999999999999273e-02 0.000000000000000000e+00
6.933999999999998498e-02 0.000000000000000000e+00
6.936000000000000498e-02 0.000000000000000000e+00
6.937999999999999723e-02 0.000000000000000000e+00
6.939999999999998948e-02 0.000000000000000000e+00
6.941999999999998172e-02 0.000000000000000000e+00
6.944000000000000172e-02 0.000000000000000000e+00
6.945999999999999397e-02 0.000000000000000000e+00
6.947999999999998622e-02 0.000000000000000000e+00
6.950000000000000622e-02 0.000000000000000000e+00
6.951999999999999846e-02 0.000000000000000000e+00
6.953999999999999071e-02 0.000000000000000000e+00
6.955999999999998296e-02 0.000000000000000000e+00
6.958000000000000296e-02 0.000000000000000000e+00
6.959999999999999520e-02 0.000000000000000000e+00
6.961999999999998745e-02 0.000000000000000000e+00
6.964000000000000745e-02 0.000000000000000000e+00
6.965999999999999970e-02 0.000000000000000000e+00
6.967999999999999194e-02 0.000000000000000000e+00
6.969999999999998419e-02 0.000000000000000000e+00
6.972000000000000419e-02 0.000000000000000000e+00
6.973999999999999644e-02 0.000000000000000000e+00
6.975999999999998868e-02 0.000000000000000000e+00
6.977999999999998093e-02 0.000000000000000000e+00
6.980000000000000093e-02 0.000000000000000000e+00
6.981999999999999318e-02 0.000000000000000000e+00
6.983999999999998542e-02 0.000000000000000000e+00
6.986000000000000543e-02 0.000000000000000000e+00
6.987999999999999767e-02 0.000000000000000000e+00
6.989999999999998992e-02 0.000000000000000000e+00
6.991999999999998217e-02 0.000000000000000000e+00
6.994000000000000217e-02 0.000000000000000000e+00
6.995999999999999441e-02 0.000000000000000000e+00
6.997999999999998666e-02 0.000000000000000000e+00
7.000000000000000666e-02 0.000000000000000000e+00
7.001999999999999891e-02 0.000000000000000000e+00
7.003999999999999115e-02 0.000000000000000000e+00
7.005999999999998340e-02 0.000000000000000000e+00
7.008000000000000340e-02 0.000000000000000000e+00
7.009999999999999565e-02 0.000000000000000000e+00
7.011999999999998789e-02 0.000000000000000000e+00
7.014000000000000790e-02 0.000000000000000000e+00
7.016000000000000014e-02 0.000000000000000000e+00
7.017999999999999239e-02 0.000000000000000000e+00
7.019999999999998463e-02 0.000000000000000000e+00
7.022000000000000464e-02 0.000000000000000000e+00
7.023999999999999688e-02 0.000000000000000000e+00
7.025999999999998913e-02 0.000000000000000000e+00
7.027999999999998137e-02 0.000000000000000000e+00
7.030000000000000138e-02 0.000000000000000000e+00
7.031999999999999362e-02 0.000000000000000000e+00
7.033999999999998587e-02 0.000000000000000000e+00
7.036000000000000587e-02 0.000000000000000000e+00
7.037999999999999812e-02 0.000000000000000000e+00
7.039999999999999036e-02 0.000000000000000000e+00
7.041999999999998261e-02 0.000000000000000000e+00
7.044000000000000261e-02 0.000000000000000000e+00
7.045999999999999486e-02 0.000000000000000000e+00
7.047999999999998710e-02 0.000000000000000000e+00
7.050000000000000711e-02 0.000000000000000000e+00
7.051999999999999935e-02 0.000000000000000000e+00
7.053999999999999160e-02 0.000000000000000000e+00
7.055999999999998384e-02 0.000000000000000000e+00
7.058000000000000385e-02 0.000000000000000000e+00
7.059999999999999609e-02 0.000000000000000000e+00
7.061999999999998834e-02 0.000000000000000000e+00
7.063999999999998058e-02 0.000000000000000000e+00
7.066000000000000059e-02 0.000000000000000000e+00
7.067999999999999283e-02 0.000000000000000000e+00
7.069999999999998508e-02 0.000000000000000000e+00
7.072000000000000508e-02 0.000000000000000000e+00
7.073999999999999733e-02 0.000000000000000000e+00
7.075999999999998957e-02 0.000000000000000000e+00
7.077999999999998182e-02 0.000000000000000000e+00
7.080000000000000182e-02 0.000000000000000000e+00
7.081999999999999407e-02 0.000000000000000000e+00
7.083999999999998631e-02 0.000000000000000000e+00
7.086000000000000631e-02 0.000000000000000000e+00
7.087999999999999856e-02 0.000000000000000000e+00
7.089999999999999081e-02 0.000000000000000000e+00
7.091999999999998305e-02 0.000000000000000000e+00
7.094000000000000306e-02 0.000000000000000000e+00
7.095999999999999530e-02 0.000000000000000000e+00
7.097999999999998755e-02 0.000000000000000000e+00
7.100000000000000755e-02 0.000000000000000000e+00
7.101999999999999980e-02 0.000000000000000000e+00
7.103999999999999204e-02 0.000000000000000000e+00
7.105999999999998429e-02 0.000000000000000000e+00
7.108000000000000429e-02 0.000000000000000000e+00
7.109999999999999654e-02 0.000000000000000000e+00
7.111999999999998878e-02 0.000000000000000000e+00
7.113999999999998103e-02 0.000000000000000000e+00
7.116000000000000103e-02 0.000000000000000000e+00
7.117999999999999328e-02 0.000000000000000000e+00
7.119999999999998552e-02 0.000000000000000000e+00
7.122000000000000552e-02 0.000000000000000000e+00
7.123999999999999777e-02 0.000000000000000000e+00
7.125999999999999002e-02 0.000000000000000000e+00
7.127999999999998226e-02 0.000000000000000000e+00
7.130000000000000226e-02 0.000000000000000000e+00
7.131999999999999451e-02 0.000000000000000000e+00
7.133999999999998676e-02 0.000000000000000000e+00
7.136000000000000676e-02 0.000000000000000000e+00
7.137999999999999901e-02 0.000000000000000000e+00
7.139999999999999125e-02 0.000000000000000000e+00
7.141999999999998350e-02 0.000000000000000000e+00
7.144000000000000350e-02 0.000000000000000000e+00
7.145999999999999575e-02 0.000000000000000000e+00
7.147999999999998799e-02 0.000000000000000000e+00
7.150000000000000799e-02 0.000000000000000000e+00
7.152000000000000024e-02 0.000000000000000000e+00
7.153999999999999249e-02 0.000000000000000000e+00
7.155999999999998473e-02 0.000000000000000000e+00
7.158000000000000473e-02 0.000000000000000000e+00
7.159999999999999698e-02 0.000000000000000000e+00
7.161999999999998923e-02 0.000000000000000000e+00
7.163999999999998147e-02 0.000000000000000000e+00
7.166000000000000147e-02 0.000000000000000000e+00
7.167999999999999372e-02 0.000000000000000000e+00
7.169999999999998597e-02 0.000000000000000000e+00
7.172000000000000597e-02 0.000000000000000000e+00
7.173999999999999821e-02 0.000000000000000000e+00
7.175999999999999046e-02 0.000000000000000000e+00
7.177999999999998271e-02 0.000000000000000000e+00
7.180000000000000271e-02 0.000000000000000000e+00
7.181999999999999496e-02 0.000000000000000000e+00
7.183999999999998720e-02 0.000000000000000000e+00
7.186000000000000720e-02 0.000000000000000000e+00
7.187999999999999945e-02 0.000000000000000000e+00
7.189999999999999170e-02 0.000000000000000000e+00
7.191999999999998394e-02 0.000000000000000000e+00
7.194000000000000394e-02 0.000000000000000000e+00
7.195999999999999619e-02 0.000000000000000000e+00
7.197999999999998844e-02 0.000000000000000000e+00
7.199999999999998068e-02 0.000000000000000000e+00
7.202000000000000068e-02 0.000000000000000000e+00
7.203999999999999293e-02 0.000000000000000000e+00
7.205999999999998518e-02 0.000000000000000000e+00
7.208000000000000518e-02 0.000000000000000000e+00
7.209999999999999742e-02 0.000000000000000000e+00
7.211999999999998967e-02 0.000000000000000000e+00
7.213999999999998192e-02 0.000000000000000000e+00
7.216000000000000192e-02 0.000000000000000000e+00
7.217999999999999416e-02 0.000000000000000000e+00
7.219999999999998641e-02 0.000000000000000000e+00
7.222000000000000641e-02 0.000000000000000000e+00
7.223999999999999866e-02 0.000000000000000000e+00
7.225999999999999091e-02 0.000000000000000000e+00
7.227999999999998315e-02 0.000000000000000000e+00
7.230000000000000315e-02 0.000000000000000000e+00
7.231999999999999540e-02 0.000000000000000000e+00
7.233999999999998765e-02 0.000000000000000000e+00
7.236000000000000765e-02 0.000000000000000000e+00
7.237999999999999989e-02 0.000000000000000000e+00
7.239999999999999214e-02 0.000000000000000000e+00
7.241999999999998439e-02 0.000000000000000000e+00
7.244000000000000439e-02 0.000000000000000000e+00
7.245999999999999663e-02 0.000000000000000000e+00
7.247999999999998888e-02 0.000000000000000000e+00
7.249999999999998113e-02 0.000000000000000000e+00
7.252000000000000113e-02 0.000000000000000000e+00
7.253999999999999337e-02 0.000000000000000000e+00
7.255999999999998562e-02 0.000000000000000000e+00
7.258000000000000562e-02 0.000000000000000000e+00
7.259999999999999787e-02 0.000000000000000000e+00
7.261999999999999011e-02 0.000000000000000000e+00
7.263999999999998236e-02 0.000000000000000000e+00
7.266000000000000236e-02 0.000000000000000000e+00
7.267999999999999461e-02 0.000000000000000000e+00
7.269999999999998685e-02 0.000000000000000000e+00
7.272000000000000686e-02 0.000000000000000000e+00
7.273999999999999910e-02 0.000000000000000000e+00
7.275999999999999135e-02 0.000000000000000000e+00
7.277999999999998360e-02 0.000000000000000000e+00
7.280000000000000360e-02 0.000000000000000000e+00
7.281999999999999584e-02 0.000000000000000000e+00
7.283999999999998809e-02 0.000000000000000000e+00
7.286000000000000809e-02 0.000000000000000000e+00
7.288000000000000034e-02 0.000000000000000000e+00
7.289999999999999258e-02 0.000000000000000000e+00
7.291999999999998483e-02 0.000000000000000000e+00
7.294000000000000483e-02 0.000000000000000000e+00
7.295999999999999708e-02 0.000000000000000000e+00
7.297999999999998932e-02 0.000000000000000000e+00
7.299999999999998157e-02 0.000000000000000000e+00
7.302000000000000157e-02 0.000000000000000000e+00
7.303999999999999382e-02 0.000000000000000000e+00
7.305999999999998606e-02 0.000000000000000000e+00
7.308000000000000607e-02 0.000000000000000000e+00
7.309999999999999831e-02 0.000000000000000000e+00
7.311999999999999056e-02 0.000000000000000000e+00
7.313999999999998280e-02 0.000000000000000000e+00
7.316000000000000281e-02 0.000000000000000000e+00
7.317999999999999505e-02 0.000000000000000000e+00
7.319999999999998730e-02 0.000000000000000000e+00
7.322000000000000730e-02 0.000000000000000000e+00
7.323999999999999955e-02 0.000000000000000000e+00
7.325999999999999179e-02 0.000000000000000000e+00
7.327999999999998404e-02 0.000000000000000000e+00
7.330000000000000404e-02 0.000000000000000000e+00
7.331999999999999629e-02 0.000000000000000000e+00
7.333999999999998853e-02 0.000000000000000000e+00
7.335999999999998078e-02 0.000000000000000000e+00
7.338000000000000078e-02 0.000000000000000000e+00
7.339999999999999303e-02 0.000000000000000000e+00
7.341999999999998527e-02 0.000000000000000000e+00
7.344000000000000528e-02 0.000000000000000000e+00
7.345999999999999752e-02 0.000000000000000000e+00
7.347999999999998977e-02 0.000000000000000000e+00
7.349999999999998201e-02 0.000000000000000000e+00
7.352000000000000202e-02 0.000000000000000000e+00
7.353999999999999426e-02 0.000000000000000000e+00
7.355999999999998651e-02 0.000000000000000000e+00
7.358000000000000651e-02 0.000000000000000000e+00
7.359999999999999876e-02 0.000000000000000000e+00
7.361999999999999100e-02 0.000000000000000000e+00
7.363999999999998325e-02 0.000000000000000000e+00
7.366000000000000325e-02 0.000000000000000000e+00
7.367999999999999550e-02 0.000000000000000000e+00
7.369999999999998774e-02 0.000000000000000000e+00
7.372000000000000774e-02 0.000000000000000000e+00
7.373999999999999999e-02 0.000000000000000000e+00
7.375999999999999224e-02 0.000000000000000000e+00
7.377999999999998448e-02 0.000000000000000000e+00
7.380000000000000449e-02 0.000000000000000000e+00
7.381999999999999673e-02 0.000000000000000000e+00
7.383999999999998898e-02 0.000000000000000000e+00
7.385999999999998122e-02 0.000000000000000000e+00
7.388000000000000123e-02 0.000000000000000000e+00
7.389999999999999347e-02 0.000000000000000000e+00
7.391999999999998572e-02 0.000000000000000000e+00
7.394000000000000572e-02 0.000000000000000000e+00
7.395999999999999797e-02 0.000000000000000000e+00
7.397999999999999021e-02 0.000000000000000000e+00
7.399999999999998246e-02 0.000000000000000000e+00
7.402000000000000246e-02 0.000000000000000000e+00
7.403999999999999471e-02 0.000000000000000000e+00
7.405999999999998695e-02 0.000000000000000000e+00
7.408000000000000695e-02 0.000000000000000000e+00
7.409999999999999920e-02 0.000000000000000000e+00
7.411999999999999145e-02 0.000000000000000000e+00
7.413999999999998369e-02 0.000000000000000000e+00
7.416000000000000369e-02 0.000000000000000000e+00
7.417999999999999594e-02 0.000000000000000000e+00
7.419999999999998819e-02 0.000000000000000000e+00
7.422000000000000819e-02 0.000000000000000000e+00
7.424000000000000044e-02 0.000000000000000000e+00
7.425999999999999268e-02 0.000000000000000000e+00
7.427999999999998493e-02 0.000000000000000000e+00
7.430000000000000493e-02 0.000000000000000000e+00
7.431999999999999718e-02 0.000000000000000000e+00
7.433999999999998942e-02 0.000000000000000000e+00
7.435999999999998167e-02 0.000000000000000000e+00
7.438000000000000167e-02 0.000000000000000000e+00
7.439999999999999392e-02 0.000000000000000000e+00
7.441999999999998616e-02 0.000000000000000000e+00
7.444000000000000616e-02 0.000000000000000000e+00
7.445999999999999841e-02 0.000000000000000000e+00
7.447999999999999066e-02 0.000000000000000000e+00
7.449999999999998290e-02 0.000000000000000000e+00
7.452000000000000290e-02 0.000000000000000000e+00
7.453999999999999515e-02 0.000000000000000000e+00
7.455999999999998740e-02 0.000000000000000000e+00
7.458000000000000740e-02 0.000000000000000000e+00
7.459999999999999964e-02 0.000000000000000000e+00
7.461999999999999189e-02 0.000000000000000000e+00
7.463999999999998414e-02 0.000000000000000000e+00
7.466000000000000414e-02 0.000000000000000000e+00
7.467999999999999639e-02 0.000000000000000000e+00
7.469999999999998863e-02 0.000000000000000000e+00
7.471999999999998088e-02 0.000000000000000000e+00
7.474000000000000088e-02 0.000000000000000000e+00
7.475999999999999313e-02 0.000000000000000000e+00
7.477999999999998537e-02 0.000000000000000000e+00
7.480000000000000537e-02 0.000000000000000000e+00
7.481999999999999762e-02 0.000000000000000000e+00
7.483999999999998987e-02 0.000000000000000000e+00
7.485999999999998211e-02 0.000000000000000000e+00
7.488000000000000211e-02 0.000000000000000000e+00
7.489999999999999436e-02 0.000000000000000000e+00
7.491999999999998661e-02 0.000000000000000000e+00
7.494000000000000661e-02 0.000000000000000000e+00
7.495999999999999885e-02 0.000000000000000000e+00
7.497999999999999110e-02 0.000000000000000000e+00
7.499999999999998335e-02 0.000000000000000000e+00
7.502000000000000335e-02 0.000000000000000000e+00
7.503999999999999559e-02 0.000000000000000000e+00
7.505999999999998784e-02 0.000000000000000000e+00
7.508000000000000784e-02 0.000000000000000000e+00
7.510000000000000009e-02 0.000000000000000000e+00
7.511999999999999234e-02 0.000000000000000000e+00
7.513999999999998458e-02 0.000000000000000000e+00
7.516000000000000458e-02 0.000000000000000000e+00
7.517999999999999683e-02 0.000000000000000000e+00
7.519999999999998908e-02 0.000000000000000000e+00
7.521999999999998132e-02 0.000000000000000000e+00
7.524000000000000132e-02 0.000000000000000000e+00
7.525999999999999357e-02 0.000000000000000000e+00
7.527999999999998582e-02 0.000000000000000000e+00
7.530000000000000582e-02 0.000000000000000000e+00
7.531999999999999806e-02 0.000000000000000000e+00
7.533999999999999031e-02 0.000000000000000000e+00
7.535999999999998256e-02 0.000000000000000000e+00
7.538000000000000256e-02 0.000000000000000000e+00
7.539999999999999480e-02 0.000000000000000000e+00
7.541999999999998705e-02 0.000000000000000000e+00
7.544000000000000705e-02 0.000000000000000000e+00
7.545999999999999930e-02 0.000000000000000000e+00
7.547999999999999154e-02 0.000000000000000000e+00
7.549999999999998379e-02 0.000000000000000000e+00
7.552000000000000379e-02 0.000000000000000000e+00
7.553999999999999604e-02 0.000000000000000000e+00
7.555999999999998828e-02 0.000000000000000000e+00
7.558000000000000829e-02 0.000000000000000000e+00
7.560000000000000053e-02 0.000000000000000000e+00
7.561999999999999278e-02 0.000000000000000000e+00
7.563999999999998503e-02 0.000000000000000000e+00
7.566000000000000503e-02 0.000000000000000000e+00
7.567999999999999727e-02 0.000000000000000000e+00
7.569999999999998952e-02 0.000000000000000000e+00
7.571999999999998177e-02 0.000000000000000000e+00
7.574000000000000177e-02 0.000000000000000000e+00
7.575999999999999401e-02 0.000000000000000000e+00
7.577999999999998626e-02 0.000000000000000000e+00
7.580000000000000626e-02 0.000000000000000000e+00
7.581999999999999851e-02 0.000000000000000000e+00
7.583999999999999075e-02 0.000000000000000000e+00
7.585999999999998300e-02 0.000000000000000000e+00
7.588000000000000300e-02 0.000000000000000000e+00
7.589999999999999525e-02 0.000000000000000000e+00
7.591999999999998749e-02 0.000000000000000000e+00
7.594000000000000750e-02 0.000000000000000000e+00
7.595999999999999974e-02 0.000000000000000000e+00
7.597999999999999199e-02 0.000000000000000000e+00
7.599999999999998423e-02 0.000000000000000000e+00
7.602000000000000424e-02 0.000000000000000000e+00
7.603999999999999648e-02 0.000000000000000000e+00
7.605999999999998873e-02 0.000000000000000000e+00
7.607999999999998098e-02 0.000000000000000000e+00
7.610000000000000098e-02 0.000000000000000000e+00
7.611999999999999322e-02 0.000000000000000000e+00
7.613999999999998547e-02 0.000000000000000000e+00
7.616000000000000547e-02 0.000000000000000000e+00
7.617999999999999772e-02 0.000000000000000000e+00
7.619999999999998996e-02 0.000000000000000000e+00
7.621999999999998221e-02 0.000000000000000000e+00
7.624000000000000221e-02 0.000000000000000000e+00
7.625999999999999446e-02 0.000000000000000000e+00
7.627999999999998670e-02 0.000000000000000000e+00
7.630000000000000671e-02 0.000000000000000000e+00
7.631999999999999895e-02 0.000000000000000000e+00
7.633999999999999120e-02 0.000000000000000000e+00
7.635999999999998344e-02 0.000000000000000000e+00
7.638000000000000345e-02 0.000000000000000000e+00
7.639999999999999569e-02 0.000000000000000000e+00
7.641999999999998794e-02 0.000000000000000000e+00
7.644000000000000794e-02 0.000000000000000000e+00
7.646000000000000019e-02 0.000000000000000000e+00
7.647999999999999243e-02 0.000000000000000000e+00
7.649999999999998468e-02 0.000000000000000000e+00
7.652000000000000468e-02 0.000000000000000000e+00
7.653999999999999693e-02 0.000000000000000000e+00
7.655999999999998917e-02 0.000000000000000000e+00
7.657999999999998142e-02 0.000000000000000000e+00
7.660000000000000142e-02 0.000000000000000000e+00
7.661999999999999367e-02 0.000000000000000000e+00
7.663999999999998591e-02 0.000000000000000000e+00
7.666000000000000592e-02 0.000000000000000000e+00
7.667999999999999816e-02 0.000000000000000000e+00
7.669999999999999041e-02 0.000000000000000000e+00
7.671999999999998265e-02 0.000000000000000000e+00
7.674000000000000266e-02 0.000000000000000000e+00
7.675999999999999490e-02 0.000000000000000000e+00
7.677999999999998715e-02 0.000000000000000000e+00
7.680000000000000715e-02 0.000000000000000000e+00
7.681999999999999940e-02 0.000000000000000000e+00
7.683999999999999164e-02 0.000000000000000000e+00
7.685999999999998389e-02 0.000000000000000000e+00
7.688000000000000389e-02 0.000000000000000000e+00
7.689999999999999614e-02 0.000000000000000000e+00
7.691999999999998838e-02 0.000000000000000000e+00
7.693999999999998063e-02 0.000000000000000000e+00
7.696000000000000063e-02 0.000000000000000000e+00
7.697999999999999288e-02 0.000000000000000000e+00
7.699999999999998512e-02 0.000000000000000000e+00
7.702000000000000512e-02 0.000000000000000000e+00
7.703999999999999737e-02 0.000000000000000000e+00
7.705999999999998962e-02 0.000000000000000000e+00
7.707999999999998186e-02 0.000000000000000000e+00
7.710000000000000187e-02 0.000000000000000000e+00
7.711999999999999411e-02 0.000000000000000000e+00
7.713999999999998636e-02 0.000000000000000000e+00
7.716000000000000636e-02 0.000000000000000000e+00
7.717999999999999861e-02 0.000000000000000000e+00
7.719999999999999085e-02 0.000000000000000000e+00
7.721999999999998310e-02 0.000000000000000000e+00
7.724000000000000310e-02 0.000000000000000000e+00
7.725999999999999535e-02 0.000000000000000000e+00
7.727999999999998759e-02 0.000000000000000000e+00
7.730000000000000759e-02 0.000000000000000000e+00
7.731999999999999984e-02 0.000000000000000000e+00
7.733999999999999209e-02 0.000000000000000000e+00
7.735999999999998433e-02 0.000000000000000000e+00
7.738000000000000433e-02 0.000000000000000000e+00
7.739999999999999658e-02 0.000000000000000000e+00
7.741999999999998883e-02 0.000000000000000000e+00
7.743999999999998107e-02 0.000000000000000000e+00
7.746000000000000107e-02 0.000000000000000000e+00
7.747999999999999332e-02 0.000000000000000000e+00
7.749999999999998557e-02 0.000000000000000000e+00
7.752000000000000557e-02 0.000000000000000000e+00
7.753999999999999782e-02 0.000000000000000000e+00
7.755999999999999006e-02 0.000000000000000000e+00
7.757999999999998231e-02 0.000000000000000000e+00
7.760000000000000231e-02 0.000000000000000000e+00
7.761999999999999456e-02 0.000000000000000000e+00
7.763999999999998680e-02 0.000000000000000000e+00
7.766000000000000680e-02 0.000000000000000000e+00
7.767999999999999905e-02 0.000000000000000000e+00
7.769999999999999130e-02 0.000000000000000000e+00
7.771999999999998354e-02 0.000000000000000000e+00
7.774000000000000354e-02 0.000000000000000000e+00
7.775999999999999579e-02 0.000000000000000000e+00
7.777999999999998804e-02 0.000000000000000000e+00
7.780000000000000804e-02 0.000000000000000000e+00
7.782000000000000028e-02 0.000000000000000000e+00
7.783999999999999253e-02 0.000000000000000000e+00
7.785999999999998478e-02 0.000000000000000000e+00
7.788000000000000478e-02 0.000000000000000000e+00
7.789999999999999702e-02 0.000000000000000000e+00
7.791999999999998927e-02 0.000000000000000000e+00
7.793999999999998152e-02 0.000000000000000000e+00
7.796000000000000152e-02 0.000000000000000000e+00
7.797999999999999376e-02 0.000000000000000000e+00
7.799999999999998601e-02 0.000000000000000000e+00
7.802000000000000601e-02 0.000000000000000000e+00
7.803999999999999826e-02 0.000000000000000000e+00
7.805999999999999051e-02 0.000000000000000000e+00
7.807999999999998275e-02 0.000000000000000000e+00
7.810000000000000275e-02 0.000000000000000000e+00
7.811999999999999500e-02 0.000000000000000000e+00
7.813999999999998725e-02 0.000000000000000000e+00
7.816000000000000725e-02 0.000000000000000000e+00
7.817999999999999949e-02 0.000000000000000000e+00
7.819999999999999174e-02 0.000000000000000000e+00
7.821999999999998399e-02 0.000000000000000000e+00
7.824000000000000399e-02 0.000000000000000000e+00
7.825999999999999623e-02 0.000000000000000000e+00
7.827999999999998848e-02 0.000000000000000000e+00
7.829999999999998073e-02 0.000000000000000000e+00
7.832000000000000073e-02 0.000000000000000000e+00
7.833999999999999297e-02 0.000000000000000000e+00
7.835999999999998522e-02 0.000000000000000000e+00
7.838000000000000522e-02 0.000000000000000000e+00
7.839999999999999747e-02 0.000000000000000000e+00
7.841999999999998971e-02 0.000000000000000000e+00
7.843999999999998196e-02 0.000000000000000000e+00
7.846000000000000196e-02 0.000000000000000000e+00
7.847999999999999421e-02 0.000000000000000000e+00
7.849999999999998646e-02 0.000000000000000000e+00
7.852000000000000646e-02 0.000000000000000000e+00
7.853999999999999870e-02 0.000000000000000000e+00
7.855999999999999095e-02 0.000000000000000000e+00
7.857999999999998320e-02 0.000000000000000000e+00
7.860000000000000320e-02 0.000000000000000000e+00
7.861999999999999544e-02 0.000000000000000000e+00
7.863999999999998769e-02 0.000000000000000000e+00
7.866000000000000769e-02 0.000000000000000000e+00
7.867999999999999994e-02 0.000000000000000000e+00
7.869999999999999218e-02 0.000000000000000000e+00
7.871999999999998443e-02 0.000000000000000000e+00
7.874000000000000443e-02 0.000000000000000000e+00
7.875999999999999668e-02 0.000000000000000000e+00
7.877999999999998892e-02 0.000000000000000000e+00
7.879999999999998117e-02 0.000000000000000000e+00
7.882000000000000117e-02 0.000000000000000000e+00
7.883999999999999342e-02 0.000000000000000000e+00
7.885999999999998566e-02 0.000000000000000000e+00
7.888000000000000567e-02 0.000000000000000000e+00
7.889999999999999791e-02 0.000000000000000000e+00
7.891999999999999016e-02 0.000000000000000000e+00
7.893999999999998241e-02 0.000000000000000000e+00
7.896000000000000241e-02 0.000000000000000000e+00
7.897999999999999465e-02 0.000000000000000000e+00
7.899999999999998690e-02 0.000000000000000000e+00
7.902000000000000690e-02 0.000000000000000000e+00
7.903999999999999915e-02 0.000000000000000000e+00
7.905999999999999139e-02 0.000000000000000000e+00
7.907999999999998364e-02 0.000000000000000000e+00
7.910000000000000364e-02 0.000000000000000000e+00
7.911999999999999589e-02 0.000000000000000000e+00
7.913999999999998813e-02 0.000000000000000000e+00
7.916000000000000814e-02 0.000000000000000000e+00
7.918000000000000038e-02 0.000000000000000000e+00
7.919999999999999263e-02 0.000000000000000000e+00
7.921999999999998487e-02 0.000000000000000000e+00
7.924000000000000488e-02 0.000000000000000000e+00
7.925999999999999712e-02 0.000000000000000000e+00
7.927999999999998937e-02 0.000000000000000000e+00
7.929999999999998161e-02 0.000000000000000000e+00
7.932000000000000162e-02 0.000000000000000000e+00
7.933999999999999386e-02 0.000000000000000000e+00
7.935999999999998611e-02 0.000000000000000000e+00
7.938000000000000611e-02 0.000000000000000000e+00
7.939999999999999836e-02 0.000000000000000000e+00
7.941999999999999060e-02 0.000000000000000000e+00
7.943999999999998285e-02 0.000000000000000000e+00
7.946000000000000285e-02 0.000000000000000000e+00
7.947999999999999510e-02 0.000000000000000000e+00
7.949999999999998734e-02 0.000000000000000000e+00
7.952000000000000735e-02 0.000000000000000000e+00
7.953999999999999959e-02 0.000000000000000000e+00
7.955999999999999184e-02 0.000000000000000000e+00
7.957999999999998408e-02 0.000000000000000000e+00
7.960000000000000409e-02 0.000000000000000000e+00
7.961999999999999633e-02 0.000000000000000000e+00
7.963999999999998858e-02 0.000000000000000000e+00
7.965999999999998082e-02 0.000000000000000000e+00
7.968000000000000083e-02 0.000000000000000000e+00
7.969999999999999307e-02 0.000000000000000000e+00
7.971999999999998532e-02 0.000000000000000000e+00
7.974000000000000532e-02 0.000000000000000000e+00
7.975999999999999757e-02 0.000000000000000000e+00
7.977999999999998981e-02 0.000000000000000000e+00
7.979999999999998206e-02 0.000000000000000000e+00
7.982000000000000206e-02 0.000000000000000000e+00
7.983999999999999431e-02 0.000000000000000000e+00
7.985999999999998655e-02 0.000000000000000000e+00
7.988000000000000655e-02 0.000000000000000000e+00
7.989999999999999880e-02 0.000000000000000000e+00
7.991999999999999105e-02 0.000000000000000000e+00
7.993999999999998329e-02 0.000000000000000000e+00
7.996000000000000330e-02 0.000000000000000000e+00
7.997999999999999554e-02 0.000000000000000000e+00
7.999999999999998779e-02 0.000000000000000000e+00
8.002000000000000779e-02 0.000000000000000000e+00
8.004000000000000004e-02 0.000000000000000000e+00
8.005999999999999228e-02 0.000000000000000000e+00
8.007999999999998453e-02 0.000000000000000000e+00
8.010000000000000453e-02 0.000000000000000000e+00
8.011999999999999678e-02 0.000000000000000000e+00
8.013999999999998902e-02 0.000000000000000000e+00
8.015999999999998127e-02 0.000000000000000000e+00
8.018000000000000127e-02 0.000000000000000000e+00
8.019999999999999352e-02 0.000000000000000000e+00
8.021999999999998576e-02 0.000000000000000000e+00
8.024000000000000576e-02 0.000000000000000000e+00
8.025999999999999801e-02 0.000000000000000000e+00
8.027999999999999026e-02 0.000000000000000000e+00
8.029999999999998250e-02 0.000000000000000000e+00
8.032000000000000250e-02 0.000000000000000000e+00
8.033999999999999475e-02 0.000000000000000000e+00
8.035999999999998700e-02 0.000000000000000000e+00
8.038000000000000700e-02 0.000000000000000000e+00
8.039999999999999925e-02 0.000000000000000000e+00
8.041999999999999149e-02 0.000000000000000000e+00
8.043999999999998374e-02 0.000000000000000000e+00
8.046000000000000374e-02 0.000000000000000000e+00
8.047999999999999599e-02 0.000000000000000000e+00
8.049999999999998823e-02 0.000000000000000000e+00
8.052000000000000823e-02 0.000000000000000000e+00
8.054000000000000048e-02 0.000000000000000000e+00
8.055999999999999273e-02 0.000000000000000000e+00
8.057999999999998497e-02 0.000000000000000000e+00
8.060000000000000497e-02 0.000000000000000000e+00
8.061999999999999722e-02 0.000000000000000000e+00
8.063999999999998947e-02 0.000000000000000000e+00
8.065999999999998171e-02 0.000000000000000000e+00
8.068000000000000171e-02 0.000000000000000000e+00
8.069999999999999396e-02 0.000000000000000000e+00
8.071999999999998621e-02 0.000000000000000000e+00
8.074000000000000621e-02 0.000000000000000000e+00
8.075999999999999845e-02 0.000000000000000000e+00
8.077999999999999070e-02 0.000000000000000000e+00
8.079999999999998295e-02 0.000000000000000000e+00
8.082000000000000295e-02 0.000000000000000000e+00
8.083999999999999519e-02 0.000000000000000000e+00
8.085999999999998744e-02 0.000000000000000000e+00
8.088000000000000744e-02 0.000000000000000000e+00
8.089999999999999969e-02 0.000000000000000000e+00
8.091999999999999194e-02 0.000000000000000000e+00
8.093999999999998418e-02 0.000000000000000000e+00
8.096000000000000418e-02 0.000000000000000000e+00
8.097999999999999643e-02 0.000000000000000000e+00
8.099999999999998868e-02 0.000000000000000000e+00
8.101999999999998092e-02 0.000000000000000000e+00
8.104000000000000092e-02 0.000000000000000000e+00
8.105999999999999317e-02 0.000000000000000000e+00
8.107999999999998542e-02 0.000000000000000000e+00
8.110000000000000542e-02 0.000000000000000000e+00
8.111999999999999766e-02 0.000000000000000000e+00
8.113999999999998991e-02 0.000000000000000000e+00
8.115999999999998216e-02 0.000000000000000000e+00
8.118000000000000216e-02 0.000000000000000000e+00
8.119999999999999440e-02 0.000000000000000000e+00
8.121999999999998665e-02 0.000000000000000000e+00
8.124000000000000665e-02 0.000000000000000000e+00
8.125999999999999890e-02 0.000000000000000000e+00
8.127999999999999114e-02 0.000000000000000000e+00
8.129999999999998339e-02 0.000000000000000000e+00
8.132000000000000339e-02 0.000000000000000000e+00
8.133999999999999564e-02 0.000000000000000000e+00
8.135999999999998789e-02 0.000000000000000000e+00
8.138000000000000789e-02 0.000000000000000000e+00
8.140000000000000013e-02 0.000000000000000000e+00
8.141999999999999238e-02 0.000000000000000000e+00
8.143999999999998463e-02 0.000000000000000000e+00
8.146000000000000463e-02 0.000000000000000000e+00
8.147999999999999687e-02 0.000000000000000000e+00
8.149999999999998912e-02 0.000000000000000000e+00
8.151999999999998137e-02 0.000000000000000000e+00
8.154000000000000137e-02 0.000000000000000000e+00
8.155999999999999361e-02 0.000000000000000000e+00
8.157999999999998586e-02 0.000000000000000000e+00
8.160000000000000586e-02 0.000000000000000000e+00
8.161999999999999811e-02 0.000000000000000000e+00
8.163999999999999035e-02 0.000000000000000000e+00
8.165999999999998260e-02 0.000000000000000000e+00
8.168000000000000260e-02 0.000000000000000000e+00
8.169999999999999485e-02 0.000000000000000000e+00
8.171999999999998709e-02 0.000000000000000000e+00
8.174000000000000710e-02 0.000000000000000000e+00
8.175999999999999934e-02 0.000000000000000000e+00
8.177999999999999159e-02 0.000000000000000000e+00
8.179999999999998384e-02 0.000000000000000000e+00
8.182000000000000384e-02 0.000000000000000000e+00
8.183999999999999608e-02 0.000000000000000000e+00
8.185999999999998833e-02 0.000000000000000000e+00
8.187999999999998058e-02 0.000000000000000000e+00
8.190000000000000058e-02 0.000000000000000000e+00
8.191999999999999282e-02 0.000000000000000000e+00
8.193999999999998507e-02 0.000000000000000000e+00
8.196000000000000507e-02 0.000000000000000000e+00
8.197999999999999732e-02 0.000000000000000000e+00
8.199999999999998956e-02 0.000000000000000000e+00
8.201999999999998181e-02 0.000000000000000000e+00
8.204000000000000181e-02 0.000000000000000000e+00
8.205999999999999406e-02 0.000000000000000000e+00
8.207999999999998630e-02 0.000000000000000000e+00
8.210000000000000631e-02 0.000000000000000000e+00
8.211999999999999855e-02 0.000000000000000000e+00
8.213999999999999080e-02 0.000000000000000000e+00
8.215999999999998304e-02 0.000000000000000000e+00
8.218000000000000305e-02 0.000000000000000000e+00
8.219999999999999529e-02 0.000000000000000000e+00
8.221999999999998754e-02 0.000000000000000000e+00
8.224000000000000754e-02 0.000000000000000000e+00
8.225999999999999979e-02 0.000000000000000000e+00
8.227999999999999203e-02 0.000000000000000000e+00
8.229999999999998428e-02 0.000000000000000000e+00
8.232000000000000428e-02 0.000000000000000000e+00
8.233999999999999653e-02 0.000000000000000000e+00
8.235999999999998877e-02 0.000000000000000000e+00
8.237999999999998102e-02 0.000000000000000000e+00
8.240000000000000102e-02 0.000000000000000000e+00
8.241999999999999327e-02 0.000000000000000000e+00
8.243999999999998551e-02 0.000000000000000000e+00
8.246000000000000552e-02 0.000000000000000000e+00
8.247999999999999776e-02 0.000000000000000000e+00
8.249999999999999001e-02 0.000000000000000000e+00
8.251999999999998225e-02 0.000000000000000000e+00
8.254000000000000226e-02 0.000000000000000000e+00
8.255999999999999450e-02 0.000000000000000000e+00
8.257999999999998675e-02 0.000000000000000000e+00
8.260000000000000675e-02 0.000000000000000000e+00
8.261999999999999900e-02 0.000000000000000000e+00
8.263999999999999124e-02 0.000000000000000000e+00
8.265999999999998349e-02 0.000000000000000000e+00
8.268000000000000349e-02 0.000000000000000000e+00
8.269999999999999574e-02 0.000000000000000000e+00
8.271999999999998798e-02 0.000000000000000000e+00
8.274000000000000798e-02 0.000000000000000000e+00
8.276000000000000023e-02 0.000000000000000000e+00
8.277999999999999248e-02 0.000000000000000000e+00
8.279999999999998472e-02 0.000000000000000000e+00
8.282000000000000473e-02 0.000000000000000000e+00
8.283999999999999697e-02 0.000000000000000000e+00
8.285999999999998922e-02 0.000000000000000000e+00
8.287999999999998146e-02 0.000000000000000000e+00
8.290000000000000147e-02 0.000000000000000000e+00
8.291999999999999371e-02 0.000000000000000000e+00
8.293999999999998596e-02 0.000000000000000000e+00
8.296000000000000596e-02 0.000000000000000000e+00
8.297999999999999821e-02 0.000000000000000000e+00
8.299999999999999045e-02 0.000000000000000000e+00
8.301999999999998270e-02 0.000000000000000000e+00
8.304000000000000270e-02 0.000000000000000000e+00
8.305999999999999495e-02 0.000000000000000000e+00
8.307999999999998719e-02 0.000000000000000000e+00
8.310000000000000719e-02 0.000000000000000000e+00
8.311999999999999944e-02 0.000000000000000000e+00
8.313999999999999169e-02 0.000000000000000000e+00
8.315999999999998393e-02 0.000000000000000000e+00
8.318000000000000393e-02 0.000000000000000000e+00
8.319999999999999618e-02 0.000000000000000000e+00
8.321999999999998843e-02 0.000000000000000000e+00
8.323999999999998067e-02 0.000000000000000000e+00
8.326000000000000068e-02 0.000000000000000000e+00
8.327999999999999292e-02 0.000000000000000000e+00
8.329999999999998517e-02 0.000000000000000000e+00
8.332000000000000517e-02 0.000000000000000000e+00
8.333999999999999742e-02 0.000000000000000000e+00
8.335999999999998966e-02 0.000000000000000000e+00
8.337999999999998191e-02 0.000000000000000000e+00
8.340000000000000191e-02 0.000000000000000000e+00
8.341999999999999416e-02 0.000000000000000000e+00
8.343999999999998640e-02 0.000000000000000000e+00
8.346000000000000640e-02 0.000000000000000000e+00
8.347999999999999865e-02 0.000000000000000000e+00
8.349999999999999090e-02 0.000000000000000000e+00
8.351999999999998314e-02 0.000000000000000000e+00
8.354000000000000314e-02 0.000000000000000000e+00
8.355999999999999539e-02 0.000000000000000000e+00
8.357999999999998764e-02 0.000000000000000000e+00
8.360000000000000764e-02 0.000000000000000000e+00
8.361999999999999988e-02 0.000000000000000000e+00
8.363999999999999213e-02 0.000000000000000000e+00
8.365999999999998438e-02 0.000000000000000000e+00
8.368000000000000438e-02 0.000000000000000000e+00
8.369999999999999662e-02 0.000000000000000000e+00
8.371999999999998887e-02 0.000000000000000000e+00
8.373999999999998112e-02 0.000000000000000000e+00
8.376000000000000112e-02 0.000000000000000000e+00
8.377999999999999337e-02 0.000000000000000000e+00
8.379999999999998561e-02 0.000000000000000000e+00
8.382000000000000561e-02 0.000000000000000000e+00
8.383999999999999786e-02 0.000000000000000000e+00
8.385999999999999011e-02 0.000000000000000000e+00
8.387999999999998235e-02 0.000000000000000000e+00
8.390000000000000235e-02 0.000000000000000000e+00
8.391999999999999460e-02 0.000000000000000000e+00
8.393999999999998685e-02 0.000000000000000000e+00
8.396000000000000685e-02 0.000000000000000000e+00
8.397999999999999909e-02 0.000000000000000000e+00
8.399999999999999134e-02 0.000000000000000000e+00
8.401999999999998359e-02 0.000000000000000000e+00
8.404000000000000359e-02 0.000000000000000000e+00
8.405999999999999583e-02 0.000000000000000000e+00
8.407999999999998808e-02 0.000000000000000000e+00
8.410000000000000808e-02 0.000000000000000000e+00
8.412000000000000033e-02 0.000000000000000000e+00
8.413999999999999257e-02 0.000000000000000000e+00
8.415999999999998482e-02 0.000000000000000000e+00
8.418000000000000482e-02 0.000000000000000000e+00
8.419999999999999707e-02 0.000000000000000000e+00
8.421999999999998932e-02 0.000000000000000000e+00
8.423999999999998156e-02 0.000000000000000000e+00
8.426000000000000156e-02 0.000000000000000000e+00
8.427999999999999381e-02 0.000000000000000000e+00
8.429999999999998606e-02 0.000000000000000000e+00
8.432000000000000606e-02 0.000000000000000000e+00
8.433999999999999830e-02 0.000000000000000000e+00
8.435999999999999055e-02 0.000000000000000000e+00
8.437999999999998280e-02 0.000000000000000000e+00
8.440000000000000280e-02 0.000000000000000000e+00
8.441999999999999504e-02 0.000000000000000000e+00
8.443999999999998729e-02 0.000000000000000000e+00
8.446000000000000729e-02 0.000000000000000000e+00
8.447999999999999954e-02 0.000000000000000000e+00
8.449999999999999178e-02 0.000000000000000000e+00
8.451999999999998403e-02 0.000000000000000000e+00
8.454000000000000403e-02 0.000000000000000000e+00
8.455999999999999628e-02 0.000000000000000000e+00
8.457999999999998852e-02 0.000000000000000000e+00
8.459999999999998077e-02 0.000000000000000000e+00
8.462000000000000077e-02 0.000000000000000000e+00
8.463999999999999302e-02 0.000000000000000000e+00
8.465999999999998527e-02 0.000000000000000000e+00
8.468000000000000527e-02 0.000000000000000000e+00
8.469999999999999751e-02 0.000000000000000000e+00
8.471999999999998976e-02 0.000000000000000000e+00
8.473999999999998201e-02 0.000000000000000000e+00
8.476000000000000201e-02 0.000000000000000000e+00
8.477999999999999425e-02 0.000000000000000000e+00
8.479999999999998650e-02 0.000000000000000000e+00
8.482000000000000650e-02 0.000000000000000000e+00
8.483999999999999875e-02 0.000000000000000000e+00
8.485999999999999099e-02 0.000000000000000000e+00
8.487999999999998324e-02 0.000000000000000000e+00
8.490000000000000324e-02 0.000000000000000000e+00
8.491999999999999549e-02 0.000000000000000000e+00
8.493999999999998773e-02 0.000000000000000000e+00
8.496000000000000774e-02 0.000000000000000000e+00
8.497999999999999998e-02 0.000000000000000000e+00
8.499999999999999223e-02 0.000000000000000000e+00
8.501999999999998447e-02 0.000000000000000000e+00
8.504000000000000448e-02 0.000000000000000000e+00
8.505999999999999672e-02 0.000000000000000000e+00
8.507999999999998897e-02 0.000000000000000000e+00
8.509999999999998122e-02 0.000000000000000000e+00
8.512000000000000122e-02 0.000000000000000000e+00
8.513999999999999346e-02 0.000000000000000000e+00
8.515999999999998571e-02 0.000000000000000000e+00
8.518000000000000571e-02 0.000000000000000000e+00
8.519999999999999796e-02 0.000000000000000000e+00
8.521999999999999020e-02 0.000000000000000000e+00
8.523999999999998245e-02 0.000000000000000000e+00
8.526000000000000245e-02 0.000000000000000000e+00
8.527999999999999470e-02 0.000000000000000000e+00
8.529999999999998694e-02 0.000000000000000000e+00
8.532000000000000695e-02 0.000000000000000000e+00
8.533999999999999919e-02 0.000000000000000000e+00
8.535999999999999144e-02 0.000000000000000000e+00
8.537999999999998368e-02 0.000000000000000000e+00
8.540000000000000369e-02 0.000000000000000000e+00
8.541999999999999593e-02 0.000000000000000000e+00
8.543999999999998818e-02 0.000000000000000000e+00
8.546000000000000818e-02 0.000000000000000000e+00
8.548000000000000043e-02 0.000000000000000000e+00
8.549999999999999267e-02 0.000000000000000000e+00
8.551999999999998492e-02 0.000000000000000000e+00
8.554000000000000492e-02 0.000000000000000000e+00
8.555999999999999717e-02 0.000000000000000000e+00
8.557999999999998941e-02 0.000000000000000000e+00
8.559999999999998166e-02 0.000000000000000000e+00
8.562000000000000166e-02 0.000000000000000000e+00
8.563999999999999391e-02 0.000000000000000000e+00
8.565999999999998615e-02 0.000000000000000000e+00
8.568000000000000616e-02 0.000000000000000000e+00
8.569999999999999840e-02 0.000000000000000000e+00
8.571999999999999065e-02 0.000000000000000000e+00
8.573999999999998289e-02 0.000000000000000000e+00
8.576000000000000290e-02 0.000000000000000000e+00
8.577999999999999514e-02 0.000000000000000000e+00
8.579999999999998739e-02 0.000000000000000000e+00
8.582000000000000739e-02 0.000000000000000000e+00
8.583999999999999964e-02 0.000000000000000000e+00
8.585999999999999188e-02 0.000000000000000000e+00
8.587999999999998413e-02 0.000000000000000000e+00
8.590000000000000413e-02 0.000000000000000000e+00
8.591999999999999638e-02 0.000000000000000000e+00
8.593999999999998862e-02 0.000000000000000000e+00
8.595999999999998087e-02 0.000000000000000000e+00
8.598000000000000087e-02 0.000000000000000000e+00
8.599999999999999312e-02 0.000000000000000000e+00
8.601999999999998536e-02 0.000000000000000000e+00
8.604000000000000536e-02 0.000000000000000000e+00
8.605999999999999761e-02 0.000000000000000000e+00
8.607999999999998986e-02 0.000000000000000000e+00
8.609999999999998210e-02 0.000000000000000000e+00
8.612000000000000210e-02 0.000000000000000000e+00
8.613999999999999435e-02 0.000000000000000000e+00
8.615999999999998660e-02 0.000000000000000000e+00
8.618000000000000660e-02 0.000000000000000000e+00
8.619999999999999885e-02 0.000000000000000000e+00
8.621999999999999109e-02 0.000000000000000000e+00
8.623999999999998334e-02 0.000000000000000000e+00
8.626000000000000334e-02 0.000000000000000000e+00
8.627999999999999559e-02 0.000000000000000000e+00
8.629999999999998783e-02 0.000000000000000000e+00
8.632000000000000783e-02 0.000000000000000000e+00
8.634000000000000008e-02 0.000000000000000000e+00
8.635999999999999233e-02 0.000000000000000000e+00
8.637999999999998457e-02 0.000000000000000000e+00
8.640000000000000457e-02 0.000000000000000000e+00
8.641999999999999682e-02 0.000000000000000000e+00
8.643999999999998907e-02 0.000000000000000000e+00
8.645999999999998131e-02 0.000000000000000000e+00
8.648000000000000131e-02 0.000000000000000000e+00
8.649999999999999356e-02 0.000000000000000000e+00
8.651999999999998581e-02 0.000000000000000000e+00
8.654000000000000581e-02 0.000000000000000000e+00
8.655999999999999805e-02 0.000000000000000000e+00
8.657999999999999030e-02 0.000000000000000000e+00
8.659999999999998255e-02 0.000000000000000000e+00
8.662000000000000255e-02 0.000000000000000000e+00
8.663999999999999480e-02 0.000000000000000000e+00
8.665999999999998704e-02 0.000000000000000000e+00
8.668000000000000704e-02 0.000000000000000000e+00
8.669999999999999929e-02 0.000000000000000000e+00
8.671999999999999154e-02 0.000000000000000000e+00
8.673999999999998378e-02 0.000000000000000000e+00
8.676000000000000378e-02 0.000000000000000000e+00
8.677999999999999603e-02 0.000000000000000000e+00
8.679999999999998828e-02 0.000000000000000000e+00
8.682000000000000828e-02 0.000000000000000000e+00
8.684000000000000052e-02 0.000000000000000000e+00
8.685999999999999277e-02 0.000000000000000000e+00
8.687999999999998502e-02 0.000000000000000000e+00
8.690000000000000502e-02 0.000000000000000000e+00
8.691999999999999726e-02 0.000000000000000000e+00
8.693999999999998951e-02 0.000000000000000000e+00
8.695999999999998176e-02 0.000000000000000000e+00
8.698000000000000176e-02 0.000000000000000000e+00
8.699999999999999400e-02 0.000000000000000000e+00
8.701999999999998625e-02 0.000000000000000000e+00
8.704000000000000625e-02 0.000000000000000000e+00
8.705999999999999850e-02 0.000000000000000000e+00
8.707999999999999075e-02 0.000000000000000000e+00
8.709999999999998299e-02 0.000000000000000000e+00
8.712000000000000299e-02 0.000000000000000000e+00
8.713999999999999524e-02 0.000000000000000000e+00
8.715999999999998749e-02 0.000000000000000000e+00
8.718000000000000749e-02 0.000000000000000000e+00
8.719999999999999973e-02 0.000000000000000000e+00
8.721999999999999198e-02 0.000000000000000000e+00
8.723999999999998423e-02 0.000000000000000000e+00
8.726000000000000423e-02 0.000000000000000000e+00
8.727999999999999647e-02 0.000000000000000000e+00
8.729999999999998872e-02 0.000000000000000000e+00
8.731999999999998097e-02 0.000000000000000000e+00
8.734000000000000097e-02 0.000000000000000000e+00
8.735999999999999321e-02 0.000000000000000000e+00
8.737999999999998546e-02 0.000000000000000000e+00
8.740000000000000546e-02 0.000000000000000000e+00
8.741999999999999771e-02 0.000000000000000000e+00
8.743999999999998995e-02 0.000000000000000000e+00
8.745999999999998220e-02 0.000000000000000000e+00
8.748000000000000220e-02 0.000000000000000000e+00
8.749999999999999445e-02 0.000000000000000000e+00
8.751999999999998670e-02 0.000000000000000000e+00
8.754000000000000670e-02 0.000000000000000000e+00
8.755999999999999894e-02 0.000000000000000000e+00
8.757999999999999119e-02 0.000000000000000000e+00
8.759999999999998344e-02 0.000000000000000000e+00
8.762000000000000344e-02 0.000000000000000000e+00
8.763999999999999568e-02 0.000000000000000000e+00
8.765999999999998793e-02 0.000000000000000000e+00
8.768000000000000793e-02 0.000000000000000000e+00
8.770000000000000018e-02 0.000000000000000000e+00
8.771999999999999242e-02 0.000000000000000000e+00
8.773999999999998467e-02 0.000000000000000000e+00
8.776000000000000467e-02 0.000000000000000000e+00
8.777999999999999692e-02 0.000000000000000000e+00
8.779999999999998916e-02 0.000000000000000000e+00
8.781999999999998141e-02 0.000000000000000000e+00
8.784000000000000141e-02 0.000000000000000000e+00
8.785999999999999366e-02 0.000000000000000000e+00
8.787999999999998590e-02 0.000000000000000000e+00
8.790000000000000591e-02 0.000000000000000000e+00
8.791999999999999815e-02 0.000000000000000000e+00
8.793999999999999040e-02 0.000000000000000000e+00
8.795999999999998264e-02 0.000000000000000000e+00
8.798000000000000265e-02 0.000000000000000000e+00
8.799999999999999489e-02 0.000000000000000000e+00
8.801999999999998714e-02 0.000000000000000000e+00
8.804000000000000714e-02 0.000000000000000000e+00
8.805999999999999939e-02 0.000000000000000000e+00
8.807999999999999163e-02 0.000000000000000000e+00
8.809999999999998388e-02 0.000000000000000000e+00
8.812000000000000388e-02 0.000000000000000000e+00
8.813999999999999613e-02 0.000000000000000000e+00
8.815999999999998837e-02 0.000000000000000000e+00
8.817999999999998062e-02 0.000000000000000000e+00
8.820000000000000062e-02 0.000000000000000000e+00
8.821999999999999287e-02 0.000000000000000000e+00
8.823999999999998511e-02 0.000000000000000000e+00
8.826000000000000512e-02 0.000000000000000000e+00
8.827999999999999736e-02 0.000000000000000000e+00
8.829999999999998961e-02 0.000000000000000000e+00
8.831999999999998185e-02 0.000000000000000000e+00
8.834000000000000186e-02 0.000000000000000000e+00
8.835999999999999410e-02 0.000000000000000000e+00
8.837999999999998635e-02 0.000000000000000000e+00
8.840000000000000635e-02 0.000000000000000000e+00
8.841999999999999860e-02 0.000000000000000000e+00
8.843999999999999084e-02 0.000000000000000000e+00
8.845999999999998309e-02 0.000000000000000000e+00
8.848000000000000309e-02 0.000000000000000000e+00
8.849999999999999534e-02 0.000000000000000000e+00
8.851999999999998758e-02 0.000000000000000000e+00
8.854000000000000759e-02 0.000000000000000000e+00
8.855999999999999983e-02 0.000000000000000000e+00
8.857999999999999208e-02 0.000000000000000000e+00
8.859999999999998432e-02 0.000000000000000000e+00
8.862000000000000433e-02 0.000000000000000000e+00
8.863999999999999657e-02 0.000000000000000000e+00
8.865999999999998882e-02 0.000000000000000000e+00
8.867999999999998106e-02 0.000000000000000000e+00
8.870000000000000107e-02 0.000000000000000000e+00
8.871999999999999331e-02 0.000000000000000000e+00
8.873999999999998556e-02 0.000000000000000000e+00
8.876000000000000556e-02 0.000000000000000000e+00
8.877999999999999781e-02 0.000000000000000000e+00
8.879999999999999005e-02 0.000000000000000000e+00
8.881999999999998230e-02 0.000000000000000000e+00
8.884000000000000230e-02 0.000000000000000000e+00
8.885999999999999455e-02 0.000000000000000000e+00
8.887999999999998679e-02 0.000000000000000000e+00
8.890000000000000679e-02 0.000000000000000000e+00
8.891999999999999904e-02 0.000000000000000000e+00
8.893999999999999129e-02 0.000000000000000000e+00
8.895999999999998353e-02 0.000000000000000000e+00
8.898000000000000353e-02 0.000000000000000000e+00
8.899999999999999578e-02 0.000000000000000000e+00
8.901999999999998803e-02 0.000000000000000000e+00
8.904000000000000803e-02 0.000000000000000000e+00
8.906000000000000028e-02 0.000000000000000000e+00
8.907999999999999252e-02 0.000000000000000000e+00
8.909999999999998477e-02 0.000000000000000000e+00
8.912000000000000477e-02 0.000000000000000000e+00
8.913999999999999702e-02 0.000000000000000000e+00
8.915999999999998926e-02 0.000000000000000000e+00
8.917999999999998151e-02 0.000000000000000000e+00
8.920000000000000151e-02 0.000000000000000000e+00
8.921999999999999376e-02 0.000000000000000000e+00
8.923999999999998600e-02 0.000000000000000000e+00
8.926000000000000600e-02 0.000000000000000000e+00
8.927999999999999825e-02 0.000000000000000000e+00
8.929999999999999050e-02 0.000000000000000000e+00
8.931999999999998274e-02 0.000000000000000000e+00
8.934000000000000274e-02 0.000000000000000000e+00
8.935999999999999499e-02 0.000000000000000000e+00
8.937999999999998724e-02 0.000000000000000000e+00
8.940000000000000724e-02 0.000000000000000000e+00
8.941999999999999948e-02 0.000000000000000000e+00
8.943999999999999173e-02 0.000000000000000000e+00
8.945999999999998398e-02 0.000000000000000000e+00
8.948000000000000398e-02 0.000000000000000000e+00
8.949999999999999623e-02 0.000000000000000000e+00
8.951999999999998847e-02 0.000000000000000000e+00
8.953999999999998072e-02 0.000000000000000000e+00
8.956000000000000072e-02 0.000000000000000000e+00
8.957999999999999297e-02 0.000000000000000000e+00
8.959999999999998521e-02 0.000000000000000000e+00
8.962000000000000521e-02 0.000000000000000000e+00
8.963999999999999746e-02 0.000000000000000000e+00
8.965999999999998971e-02 0.000000000000000000e+00
8.967999999999998195e-02 0.000000000000000000e+00
8.970000000000000195e-02 0.000000000000000000e+00
8.971999999999999420e-02 0.000000000000000000e+00
8.973999999999998645e-02 0.000000000000000000e+00
8.976000000000000645e-02 0.000000000000000000e+00
8.977999999999999869e-02 0.000000000000000000e+00
8.979999999999999094e-02 0.000000000000000000e+00
8.981999999999998319e-02 0.000000000000000000e+00
8.984000000000000319e-02 0.000000000000000000e+00
8.985999999999999543e-02 0.000000000000000000e+00
8.987999999999998768e-02 0.000000000000000000e+00
8.990000000000000768e-02 0.000000000000000000e+00
8.991999999999999993e-02 0.000000000000000000e+00
8.993999999999999218e-02 0.000000000000000000e+00
8.995999999999998442e-02 0.000000000000000000e+00
8.998000000000000442e-02 0.000000000000000000e+00
8.999999999999999667e-02 0.000000000000000000e+00
9.001999999999998892e-02 0.000000000000000000e+00
9.003999999999998116e-02 0.000000000000000000e+00
9.006000000000000116e-02 0.000000000000000000e+00
9.007999999999999341e-02 0.000000000000000000e+00
9.009999999999998566e-02 0.000000000000000000e+00
9.012000000000000566e-02 0.000000000000000000e+00
9.013999999999999790e-02 0.000000000000000000e+00
9.015999999999999015e-02 0.000000000000000000e+00
9.017999999999998240e-02 0.000000000000000000e+00
9.020000000000000240e-02 0.000000000000000000e+00
9.021999999999999464e-02 0.000000000000000000e+00
9.023999999999998689e-02 0.000000000000000000e+00
9.026000000000000689e-02 0.000000000000000000e+00
9.027999999999999914e-02 0.000000000000000000e+00
9.029999999999999138e-02 0.000000000000000000e+00
9.031999999999998363e-02 0.000000000000000000e+00
9.034000000000000363e-02 0.000000000000000000e+00
9.035999999999999588e-02 0.000000000000000000e+00
9.037999999999998813e-02 0.000000000000000000e+00
9.040000000000000813e-02 0.000000000000000000e+00
9.042000000000000037e-02 0.000000000000000000e+00
9.043999999999999262e-02 0.000000000000000000e+00
9.045999999999998487e-02 0.000000000000000000e+00
9.048000000000000487e-02 0.000000000000000000e+00
9.049999999999999711e-02 0.000000000000000000e+00
9.051999999999998936e-02 0.000000000000000000e+00
9.053999999999998161e-02 0.000000000000000000e+00
9.056000000000000161e-02 0.000000000000000000e+00
9.057999999999999385e-02 0.000000000000000000e+00
9.059999999999998610e-02 0.000000000000000000e+00
9.062000000000000610e-02 0.000000000000000000e+00
9.063999999999999835e-02 0.000000000000000000e+00
9.065999999999999059e-02 0.000000000000000000e+00
9.067999999999998284e-02 0.000000000000000000e+00
9.070000000000000284e-02 0.000000000000000000e+00
9.071999999999999509e-02 0.000000000000000000e+00
9.073999999999998733e-02 0.000000000000000000e+00
9.076000000000000734e-02 0.000000000000000000e+00
9.077999999999999958e-02 0.000000000000000000e+00
9.079999999999999183e-02 0.000000000000000000e+00
9.081999999999998407e-02 0.000000000000000000e+00
9.084000000000000408e-02 0.000000000000000000e+00
9.085999999999999632e-02 0.000000000000000000e+00
9.087999999999998857e-02 0.000000000000000000e+00
9.089999999999998082e-02 0.000000000000000000e+00
9.092000000000000082e-02 0.000000000000000000e+00
9.093999999999999306e-02 0.000000000000000000e+00
9.095999999999998531e-02 0.000000000000000000e+00
9.098000000000000531e-02 0.000000000000000000e+00
9.099999999999999756e-02 0.000000000000000000e+00
9.101999999999998980e-02 0.000000000000000000e+00
9.103999999999998205e-02 0.000000000000000000e+00
9.106000000000000205e-02 0.000000000000000000e+00
9.107999999999999430e-02 0.000000000000000000e+00
9.109999999999998654e-02 0.000000000000000000e+00
9.112000000000000655e-02 0.000000000000000000e+00
9.113999999999999879e-02 0.000000000000000000e+00
9.115999999999999104e-02 0.000000000000000000e+00
9.117999999999998328e-02 0.000000000000000000e+00
9.120000000000000329e-02 0.000000000000000000e+00
9.121999999999999553e-02 0.000000000000000000e+00
9.123999999999998778e-02 0.000000000000000000e+00
9.126000000000000778e-02 0.000000000000000000e+00
9.128000000000000003e-02 0.000000000000000000e+00
9.129999999999999227e-02 0.000000000000000000e+00
9.131999999999998452e-02 0.000000000000000000e+00
9.134000000000000452e-02 0.000000000000000000e+00
9.135999999999999677e-02 0.000000000000000000e+00
9.137999999999998901e-02 0.000000000000000000e+00
9.139999999999998126e-02 0.000000000000000000e+00
9.142000000000000126e-02 0.000000000000000000e+00
9.143999999999999351e-02 0.000000000000000000e+00
9.145999999999998575e-02 0.000000000000000000e+00
9.148000000000000576e-02 0.000000000000000000e+00
9.149999999999999800e-02 0.000000000000000000e+00
9.151999999999999025e-02 0.000000000000000000e+00
9.153999999999998249e-02 0.000000000000000000e+00
9.156000000000000250e-02 0.000000000000000000e+00
9.157999999999999474e-02 0.000000000000000000e+00
9.159999999999998699e-02 0.000000000000000000e+00
9.162000000000000699e-02 0.000000000000000000e+00
9.163999999999999924e-02 0.000000000000000000e+00
9.165999999999999148e-02 0.000000000000000000e+00
9.167999999999998373e-02 0.000000000000000000e+00
9.170000000000000373e-02 0.000000000000000000e+00
9.171999999999999598e-02 0.000000000000000000e+00
9.173999999999998822e-02 0.000000000000000000e+00
9.176000000000000822e-02 0.000000000000000000e+00
9.178000000000000047e-02 0.000000000000000000e+00
9.179999999999999272e-02 0.000000000000000000e+00
9.181999999999998496e-02 0.000000000000000000e+00
9.184000000000000496e-02 0.000000000000000000e+00
9.185999999999999721e-02 0.000000000000000000e+00
9.187999999999998946e-02 0.000000000000000000e+00
9.189999999999998170e-02 0.000000000000000000e+00
9.192000000000000171e-02 0.000000000000000000e+00
9.193999999999999395e-02 0.000000000000000000e+00
9.195999999999998620e-02 0.000000000000000000e+00
9.198000000000000620e-02 0.000000000000000000e+00
9.199999999999999845e-02 0.000000000000000000e+00
9.201999999999999069e-02 0.000000000000000000e+00
9.203999999999998294e-02 0.000000000000000000e+00
9.206000000000000294e-02 0.000000000000000000e+00
9.207999999999999519e-02 0.000000000000000000e+00
9.209999999999998743e-02 0.000000000000000000e+00
9.212000000000000743e-02 0.000000000000000000e+00
9.213999999999999968e-02 0.000000000000000000e+00
9.215999999999999193e-02 0.000000000000000000e+00
9.217999999999998417e-02 0.000000000000000000e+00
9.220000000000000417e-02 0.000000000000000000e+00
9.221999999999999642e-02 0.000000000000000000e+00
9.223999999999998867e-02 0.000000000000000000e+00
9.225999999999998091e-02 0.000000000000000000e+00
9.228000000000000091e-02 0.000000000000000000e+00
9.229999999999999316e-02 0.000000000000000000e+00
9.231999999999998541e-02 0.000000000000000000e+00
9.234000000000000541e-02 0.000000000000000000e+00
9.235999999999999766e-02 0.000000000000000000e+00
9.237999999999998990e-02 0.000000000000000000e+00
9.239999999999998215e-02 0.000000000000000000e+00
9.242000000000000215e-02 0.000000000000000000e+00
9.243999999999999440e-02 0.000000000000000000e+00
9.245999999999998664e-02 0.000000000000000000e+00
9.248000000000000664e-02 0.000000000000000000e+00
9.249999999999999889e-02 0.000000000000000000e+00
9.251999999999999114e-02 0.000000000000000000e+00
9.253999999999998338e-02 0.000000000000000000e+00
9.256000000000000338e-02 0.000000000000000000e+00
9.257999999999999563e-02 0.000000000000000000e+00
9.259999999999998788e-02 0.000000000000000000e+00
9.262000000000000788e-02 0.000000000000000000e+00
9.264000000000000012e-02 0.000000000000000000e+00
9.265999999999999237e-02 0.000000000000000000e+00
9.267999999999998462e-02 0.000000000000000000e+00
9.270000000000000462e-02 0.000000000000000000e+00
9.271999999999999686e-02 0.000000000000000000e+00
9.273999999999998911e-02 0.000000000000000000e+00
9.275999999999998136e-02 0.000000000000000000e+00
9.278000000000000136e-02 0.000000000000000000e+00
9.279999999999999361e-02 0.000000000000000000e+00
9.281999999999998585e-02 0.000000000000000000e+00
9.284000000000000585e-02 0.000000000000000000e+00
9.285999999999999810e-02 0.000000000000000000e+00
9.287999999999999035e-02 0.000000000000000000e+00
9.289999999999998259e-02 0.000000000000000000e+00
9.292000000000000259e-02 0.000000000000000000e+00
9.293999999999999484e-02 0.000000000000000000e+00
9.295999999999998709e-02 0.000000000000000000e+00
9.298000000000000709e-02 0.000000000000000000e+00
9.299999999999999933e-02 0.000000000000000000e+00
9.301999999999999158e-02 0.000000000000000000e+00
9.303999999999998383e-02 0.000000000000000000e+00
9.306000000000000383e-02 0.000000000000000000e+00
9.307999999999999607e-02 0.000000000000000000e+00
9.309999999999998832e-02 0.000000000000000000e+00
9.312000000000000832e-02 0.000000000000000000e+00
9.314000000000000057e-02 0.000000000000000000e+00
9.315999999999999281e-02 0.000000000000000000e+00
9.317999999999998506e-02 0.000000000000000000e+00
9.320000000000000506e-02 0.000000000000000000e+00
9.321999999999999731e-02 0.000000000000000000e+00
9.323999999999998956e-02 0.000000000000000000e+00
9.325999999999998180e-02 0.000000000000000000e+00
9.328000000000000180e-02 0.000000000000000000e+00
9.329999999999999405e-02 0.000000000000000000e+00
9.331999999999998630e-02 0.000000000000000000e+00
9.334000000000000630e-02 0.000000000000000000e+00
9.335999999999999854e-02 0.000000000000000000e+00
9.337999999999999079e-02 0.000000000000000000e+00
9.339999999999998304e-02 0.000000000000000000e+00
9.342000000000000304e-02 0.000000000000000000e+00
9.343999999999999528e-02 0.000000000000000000e+00
9.345999999999998753e-02 0.000000000000000000e+00
9.348000000000000753e-02 0.000000000000000000e+00
9.349999999999999978e-02 0.000000000000000000e+00
9.351999999999999202e-02 0.000000000000000000e+00
9.353999999999998427e-02 0.000000000000000000e+00
9.356000000000000427e-02 0.000000000000000000e+00
9.357999999999999652e-02 0.000000000000000000e+00
9.359999999999998876e-02 0.000000000000000000e+00
9.361999999999998101e-02 0.000000000000000000e+00
9.364000000000000101e-02 0.000000000000000000e+00
9.365999999999999326e-02 0.000000000000000000e+00
9.367999999999998550e-02 0.000000000000000000e+00
9.370000000000000551e-02 0.000000000000000000e+00
9.371999999999999775e-02 0.000000000000000000e+00
9.373999999999999000e-02 0.000000000000000000e+00
9.375999999999998225e-02 0.000000000000000000e+00
9.378000000000000225e-02 0.000000000000000000e+00
9.379999999999999449e-02 0.000000000000000000e+00
9.381999999999998674e-02 0.000000000000000000e+00
9.384000000000000674e-02 0.000000000000000000e+00
9.385999999999999899e-02 0.000000000000000000e+00
9.387999999999999123e-02 0.000000000000000000e+00
9.389999999999998348e-02 0.000000000000000000e+00
9.392000000000000348e-02 0.000000000000000000e+00
9.393999999999999573e-02 0.000000000000000000e+00
9.395999999999998797e-02 0.000000000000000000e+00
9.398000000000000798e-02 0.000000000000000000e+00
9.400000000000000022e-02 0.000000000000000000e+00
9.401999999999999247e-02 0.000000000000000000e+00
9.403999999999998471e-02 0.000000000000000000e+00
9.406000000000000472e-02 0.000000000000000000e+00
9.407999999999999696e-02 0.000000000000000000e+00
9.409999999999998921e-02 0.000000000000000000e+00
9.411999999999998145e-02 0.000000000000000000e+00
9.414000000000000146e-02 0.000000000000000000e+00
9.415999999999999370e-02 0.000000000000000000e+00
9.417999999999998595e-02 0.000000000000000000e+00
9.420000000000000595e-02 0.000000000000000000e+00
9.421999999999999820e-02 0.000000000000000000e+00
9.423999999999999044e-02 0.000000000000000000e+00
9.425999999999998269e-02 0.000000000000000000e+00
9.428000000000000269e-02 0.000000000000000000e+00
9.429999999999999494e-02 0.000000000000000000e+00
9.431999999999998718e-02 0.000000000000000000e+00
9.434000000000000719e-02 0.000000000000000000e+00
9.435999999999999943e-02 0.000000000000000000e+00
9.437999999999999168e-02 0.000000000000000000e+00
9.439999999999998392e-02 0.000000000000000000e+00
9.442000000000000393e-02 0.000000000000000000e+00
9.443999999999999617e-02 0.000000000000000000e+00
9.445999999999998842e-02 0.000000000000000000e+00
9.447999999999998066e-02 0.000000000000000000e+00
9.450000000000000067e-02 0.000000000000000000e+00
9.451999999999999291e-02 0.000000000000000000e+00
9.453999999999998516e-02 0.000000000000000000e+00
9.456000000000000516e-02 0.000000000000000000e+00
9.457999999999999741e-02 0.000000000000000000e+00
9.459999999999998965e-02 0.000000000000000000e+00
9.461999999999998190e-02 0.000000000000000000e+00
9.464000000000000190e-02 0.000000000000000000e+00
9.465999999999999415e-02 0.000000000000000000e+00
9.467999999999998639e-02 0.000000000000000000e+00
9.470000000000000639e-02 0.000000000000000000e+00
9.471999999999999864e-02 0.000000000000000000e+00
9.473999999999999089e-02 0.000000000000000000e+00
9.475999999999998313e-02 0.000000000000000000e+00
9.478000000000000314e-02 0.000000000000000000e+00
9.479999999999999538e-02 0.000000000000000000e+00
9.481999999999998763e-02 0.000000000000000000e+00
9.484000000000000763e-02 0.000000000000000000e+00
9.485999999999999988e-02 0.000000000000000000e+00
9.487999999999999212e-02 0.000000000000000000e+00
9.489999999999998437e-02 0.000000000000000000e+00
9.492000000000000437e-02 0.000000000000000000e+00
9.493999999999999662e-02 0.000000000000000000e+00
9.495999999999998886e-02 0.000000000000000000e+00
9.497999999999998111e-02 0.000000000000000000e+00
9.500000000000000111e-02 0.000000000000000000e+00
9.501999999999999336e-02 0.000000000000000000e+00
9.503999999999998560e-02 0.000000000000000000e+00
9.506000000000000560e-02 0.000000000000000000e+00
9.507999999999999785e-02 0.000000000000000000e+00
9.509999999999999010e-02 0.000000000000000000e+00
9.511999999999998234e-02 0.000000000000000000e+00
9.514000000000000234e-02 0.000000000000000000e+00
9.515999999999999459e-02 0.000000000000000000e+00
9.517999999999998684e-02 0.000000000000000000e+00
9.520000000000000684e-02 0.000000000000000000e+00
9.521999999999999909e-02 0.000000000000000000e+00
9.523999999999999133e-02 0.000000000000000000e+00
9.525999999999998358e-02 0.000000000000000000e+00
9.528000000000000358e-02 0.000000000000000000e+00
9.529999999999999583e-02 0.000000000000000000e+00
9.531999999999998807e-02 0.000000000000000000e+00
9.534000000000000807e-02 0.000000000000000000e+00
9.536000000000000032e-02 0.000000000000000000e+00
9.537999999999999257e-02 0.000000000000000000e+00
9.539999999999998481e-02 0.000000000000000000e+00
9.542000000000000481e-02 0.000000000000000000e+00
9.543999999999999706e-02 0.000000000000000000e+00
9.545999999999998931e-02 0.000000000000000000e+00
9.547999999999998155e-02 0.000000000000000000e+00
9.550000000000000155e-02 0.000000000000000000e+00
9.551999999999999380e-02 0.000000000000000000e+00
9.553999999999998605e-02 0.000000000000000000e+00
9.556000000000000605e-02 0.000000000000000000e+00
9.557999999999999829e-02 0.000000000000000000e+00
9.559999999999999054e-02 0.000000000000000000e+00
9.561999999999998279e-02 0.000000000000000000e+00
9.564000000000000279e-02 0.000000000000000000e+00
9.565999999999999504e-02 0.000000000000000000e+00
9.567999999999998728e-02 0.000000000000000000e+00
9.570000000000000728e-02 0.000000000000000000e+00
9.571999999999999953e-02 0.000000000000000000e+00
9.573999999999999178e-02 0.000000000000000000e+00
9.575999999999998402e-02 0.000000000000000000e+00
9.578000000000000402e-02 0.000000000000000000e+00
9.579999999999999627e-02 0.000000000000000000e+00
9.581999999999998852e-02 0.000000000000000000e+00
9.583999999999998076e-02 0.000000000000000000e+00
9.586000000000000076e-02 0.000000000000000000e+00
9.587999999999999301e-02 0.000000000000000000e+00
9.589999999999998526e-02 0.000000000000000000e+00
9.592000000000000526e-02 0.000000000000000000e+00
9.593999999999999750e-02 0.000000000000000000e+00
9.595999999999998975e-02 0.000000000000000000e+00
9.597999999999998200e-02 0.000000000000000000e+00
9.600000000000000200e-02 0.000000000000000000e+00
9.601999999999999424e-02 0.000000000000000000e+00
9.603999999999998649e-02 0.000000000000000000e+00
9.606000000000000649e-02 0.000000000000000000e+00
9.607999999999999874e-02 0.000000000000000000e+00
9.609999999999999098e-02 0.000000000000000000e+00
9.611999999999998323e-02 0.000000000000000000e+00
9.614000000000000323e-02 0.000000000000000000e+00
9.615999999999999548e-02 0.000000000000000000e+00
9.617999999999998773e-02 0.000000000000000000e+00
9.620000000000000773e-02 0.000000000000000000e+00
9.621999999999999997e-02 0.000000000000000000e+00
9.623999999999999222e-02 0.000000000000000000e+00
9.625999999999998447e-02 0.000000000000000000e+00
9.628000000000000447e-02 0.000000000000000000e+00
9.629999999999999671e-02 0.000000000000000000e+00
9.631999999999998896e-02 0.000000000000000000e+00
9.633999999999998121e-02 0.000000000000000000e+00
9.636000000000000121e-02 0.000000000000000000e+00
9.637999999999999345e-02 0.000000000000000000e+00
9.639999999999998570e-02 0.000000000000000000e+00
9.642000000000000570e-02 0.000000000000000000e+00
9.643999999999999795e-02 0.000000000000000000e+00
9.645999999999999019e-02 0.000000000000000000e+00
9.647999999999998244e-02 0.000000000000000000e+00
9.650000000000000244e-02 0.000000000000000000e+00
9.651999999999999469e-02 0.000000000000000000e+00
9.653999999999998693e-02 0.000000000000000000e+00
9.656000000000000694e-02 0.000000000000000000e+00
9.657999999999999918e-02 0.000000000000000000e+00
9.659999999999999143e-02 0.000000000000000000e+00
9.661999999999998368e-02 0.000000000000000000e+00
9.664000000000000368e-02 0.000000000000000000e+00
9.665999999999999592e-02 0.000000000000000000e+00
9.667999999999998817e-02 0.000000000000000000e+00
9.670000000000000817e-02 0.000000000000000000e+00
9.672000000000000042e-02 0.000000000000000000e+00
9.673999999999999266e-02 0.000000000000000000e+00
9.675999999999998491e-02 0.000000000000000000e+00
9.678000000000000491e-02 0.000000000000000000e+00
9.679999999999999716e-02 0.000000000000000000e+00
9.681999999999998940e-02 0.000000000000000000e+00
9.683999999999998165e-02 0.000000000000000000e+00
9.686000000000000165e-02 0.000000000000000000e+00
9.687999999999999390e-02 0.000000000000000000e+00
9.689999999999998614e-02 0.000000000000000000e+00
9.692000000000000615e-02 0.000000000000000000e+00
9.693999999999999839e-02 0.000000000000000000e+00
9.695999999999999064e-02 0.000000000000000000e+00
9.697999999999998288e-02 0.000000000000000000e+00
9.700000000000000289e-02 0.000000000000000000e+00
9.701999999999999513e-02 0.000000000000000000e+00
9.703999999999998738e-02 0.000000000000000000e+00
9.706000000000000738e-02 0.000000000000000000e+00
9.707999999999999963e-02 0.000000000000000000e+00
9.709999999999999187e-02 0.000000000000000000e+00
9.711999999999998412e-02 0.000000000000000000e+00
9.714000000000000412e-02 0.000000000000000000e+00
9.715999999999999637e-02 0.000000000000000000e+00
9.717999999999998861e-02 0.000000000000000000e+00
9.719999999999998086e-02 0.000000000000000000e+00
9.722000000000000086e-02 0.000000000000000000e+00
9.723999999999999311e-02 0.000000000000000000e+00
9.725999999999998535e-02 0.000000000000000000e+00
9.728000000000000536e-02 0.000000000000000000e+00
9.729999999999999760e-02 0.000000000000000000e+00
9.731999999999998985e-02 0.000000000000000000e+00
9.733999999999998209e-02 0.000000000000000000e+00
9.736000000000000210e-02 0.000000000000000000e+00
9.737999999999999434e-02 0.000000000000000000e+00
9.739999999999998659e-02 0.000000000000000000e+00
9.742000000000000659e-02 0.000000000000000000e+00
9.743999999999999884e-02 0.000000000000000000e+00
9.745999999999999108e-02 0.000000000000000000e+00
9.747999999999998333e-02 0.000000000000000000e+00
9.750000000000000333e-02 0.000000000000000000e+00
9.751999999999999558e-02 0.000000000000000000e+00
9.753999999999998782e-02 0.000000000000000000e+00
9.756000000000000782e-02 0.000000000000000000e+00
9.758000000000000007e-02 0.000000000000000000e+00
9.759999999999999232e-02 0.000000000000000000e+00
9.761999999999998456e-02 0.000000000000000000e+00
9.764000000000000457e-02 0.000000000000000000e+00
9.765999999999999681e-02 0.000000000000000000e+00
9.767999999999998906e-02 0.000000000000000000e+00
9.769999999999998130e-02 0.000000000000000000e+00
9.772000000000000131e-02 0.000000000000000000e+00
9.773999999999999355e-02 0.000000000000000000e+00
9.775999999999998580e-02 0.000000000000000000e+00
9.778000000000000580e-02 0.000000000000000000e+00
9.779999999999999805e-02 0.000000000000000000e+00
9.781999999999999029e-02 0.000000000000000000e+00
9.783999999999998254e-02 0.000000000000000000e+00
9.786000000000000254e-02 0.000000000000000000e+00
9.787999999999999479e-02 0.000000000000000000e+00
9.789999999999998703e-02 0.000000000000000000e+00
9.792000000000000703e-02 0.000000000000000000e+00
9.793999999999999928e-02 0.000000000000000000e+00
9.795999999999999153e-02 0.000000000000000000e+00
9.797999999999998377e-02 0.000000000000000000e+00
9.800000000000000377e-02 0.000000000000000000e+00
9.801999999999999602e-02 0.000000000000000000e+00
9.803999999999998827e-02 0.000000000000000000e+00
9.806000000000000827e-02 0.000000000000000000e+00
9.808000000000000052e-02 0.000000000000000000e+00
9.809999999999999276e-02 0.000000000000000000e+00
9.811999999999998501e-02 0.000000000000000000e+00
9.814000000000000501e-02 0.000000000000000000e+00
9.815999999999999726e-02 0.000000000000000000e+00
9.817999999999998950e-02 0.000000000000000000e+00
9.819999999999998175e-02 0.000000000000000000e+00
9.822000000000000175e-02 0.000000000000000000e+00
9.823999999999999400e-02 0.000000000000000000e+00
9.825999999999998624e-02 0.000000000000000000e+00
9.828000000000000624e-02 0.000000000000000000e+00
9.829999999999999849e-02 0.000000000000000000e+00
9.831999999999999074e-02 0.000000000000000000e+00
9.833999999999998298e-02 0.000000000000000000e+00
9.836000000000000298e-02 0.000000000000000000e+00
9.837999999999999523e-02 0.000000000000000000e+00
9.839999999999998748e-02 0.000000000000000000e+00
9.842000000000000748e-02 0.000000000000000000e+00
9.843999999999999972e-02 0.000000000000000000e+00
9.845999999999999197e-02 0.000000000000000000e+00
9.847999999999998422e-02 0.000000000000000000e+00
9.850000000000000422e-02 0.000000000000000000e+00
9.851999999999999647e-02 0.000000000000000000e+00
9.853999999999998871e-02 0.000000000000000000e+00
9.855999999999998096e-02 0.000000000000000000e+00
9.858000000000000096e-02 0.000000000000000000e+00
9.859999999999999321e-02 0.000000000000000000e+00
9.861999999999998545e-02 0.000000000000000000e+00
9.864000000000000545e-02 0.000000000000000000e+00
9.865999999999999770e-02 0.000000000000000000e+00
9.867999999999998995e-02 0.000000000000000000e+00
9.869999999999998219e-02 0.000000000000000000e+00
9.872000000000000219e-02 0.000000000000000000e+00
9.873999999999999444e-02 0.000000000000000000e+00
9.875999999999998669e-02 0.000000000000000000e+00
9.878000000000000669e-02 0.000000000000000000e+00
9.879999999999999893e-02 0.000000000000000000e+00
9.881999999999999118e-02 0.000000000000000000e+00
9.883999999999998343e-02 0.000000000000000000e+00
9.886000000000000343e-02 0.000000000000000000e+00
9.887999999999999567e-02 0.000000000000000000e+00
9.889999999999998792e-02 0.000000000000000000e+00
9.892000000000000792e-02 0.000000000000000000e+00
9.894000000000000017e-02 0.000000000000000000e+00
9.895999999999999241e-02 0.000000000000000000e+00
9.897999999999998466e-02 0.000000000000000000e+00
9.900000000000000466e-02 0.000000000000000000e+00
9.901999999999999691e-02 0.000000000000000000e+00
9.903999999999998916e-02 0.000000000000000000e+00
9.905999999999998140e-02 0.000000000000000000e+00
9.908000000000000140e-02 0.000000000000000000e+00
9.909999999999999365e-02 0.000000000000000000e+00
9.911999999999998590e-02 0.000000000000000000e+00
9.914000000000000590e-02 0.000000000000000000e+00
9.915999999999999814e-02 0.000000000000000000e+00
9.917999999999999039e-02 0.000000000000000000e+00
9.919999999999998264e-02 0.000000000000000000e+00
9.922000000000000264e-02 0.000000000000000000e+00
9.923999999999999488e-02 0.000000000000000000e+00
9.925999999999998713e-02 0.000000000000000000e+00
9.928000000000000713e-02 0.000000000000000000e+00
9.929999999999999938e-02 0.000000000000000000e+00
9.931999999999999162e-02 0.000000000000000000e+00
9.933999999999998387e-02 0.000000000000000000e+00
9.936000000000000387e-02 0.000000000000000000e+00
9.937999999999999612e-02 0.000000000000000000e+00
9.939999999999998836e-02 0.000000000000000000e+00
9.941999999999998061e-02 0.000000000000000000e+00
9.944000000000000061e-02 0.000000000000000000e+00
9.945999999999999286e-02 0.000000000000000000e+00
9.947999999999998511e-02 0.000000000000000000e+00
9.950000000000000511e-02 0.000000000000000000e+00
9.951999999999999735e-02 0.000000000000000000e+00
9.953999999999998960e-02 0.000000000000000000e+00
9.955999999999998185e-02 0.000000000000000000e+00
9.958000000000000185e-02 0.000000000000000000e+00
9.959999999999999409e-02 0.000000000000000000e+00
9.961999999999998634e-02 0.000000000000000000e+00
9.964000000000000634e-02 0.000000000000000000e+00
9.965999999999999859e-02 0.000000000000000000e+00
9.967999999999999083e-02 0.000000000000000000e+00
9.969999999999998308e-02 0.000000000000000000e+00
9.972000000000000308e-02 0.000000000000000000e+00
9.973999999999999533e-02 0.000000000000000000e+00
9.975999999999998757e-02 0.000000000000000000e+00
9.978000000000000758e-02 0.000000000000000000e+00
9.979999999999999982e-02 0.000000000000000000e+00
9.981999999999999207e-02 0.000000000000000000e+00
9.983999999999998431e-02 0.000000000000000000e+00
9.986000000000000432e-02 0.000000000000000000e+00
9.987999999999999656e-02 0.000000000000000000e+00
9.989999999999998881e-02 0.000000000000000000e+00
9.991999999999998106e-02 0.000000000000000000e+00
9.994000000000000106e-02 0.000000000000000000e+00
9.995999999999999330e-02 0.000000000000000000e+00
9.997999999999998555e-02 0.000000000000000000e+00
1.000000000000000056e-01 0.000000000000000000e+00
