-1100.00000 -1100.00000    0.00000
-1077.77778 -1100.00000    0.00000
-1055.55556 -1100.00000    0.00000
-1033.33333 -1100.00000    0.00000
-1011.11111 -1100.00000    0.00000
-988.88889 -1100.00000    0.00000
-966.66667 -1100.00000    0.00000
-944.44444 -1100.00000    0.00000
-922.22222 -1100.00000    0.00000
-900.00000 -1100.00000    0.00000
-877.77778 -1100.00000    0.00000
-855.55556 -1100.00000    0.00000
-833.33333 -1100.00000    0.00000
-811.11111 -1100.00000    0.00000
-788.88889 -1100.00000    0.00000
-766.66667 -1100.00000    0.00000
-744.44444 -1100.00000    0.00000
-722.22222 -1100.00000    0.00000
-700.00000 -1100.00000    0.00000
-677.77778 -1100.00000    0.00000
-655.55556 -1100.00000    0.00000
-633.33333 -1100.00000    0.00000
-611.11111 -1100.00000    0.00000
-588.88889 -1100.00000    0.00000
-566.66667 -1100.00000    0.00000
-544.44444 -1100.00000    0.00000
-522.22222 -1100.00000    0.00000
-500.00000 -1100.00000    0.00000
-477.77778 -1100.00000    0.00000
-455.55556 -1100.00000    0.00000
-433.33333 -1100.00000    0.00000
-411.11111 -1100.00000    0.00000
-388.88889 -1100.00000    0.00000
-366.66667 -1100.00000    0.00000
-344.44444 -1100.00000    0.00000
-322.22222 -1100.00000    0.00000
-300.00000 -1100.00000    0.00000
-277.77778 -1100.00000    0.00000
-255.55556 -1100.00000    0.00000
-233.33333 -1100.00000    0.00000
-211.11111 -1100.00000    0.00000
-188.88889 -1100.00000    0.00000
-166.66667 -1100.00000    0.00000
-144.44444 -1100.00000    0.00000
-122.22222 -1100.00000    0.00000
-100.00000 -1100.00000    0.00000
 -77.77778 -1100.00000    0.00000
 -55.55556 -1100.00000    0.00000
 -33.33333 -1100.00000    0.00000
 -11.11111 -1100.00000    0.00000
  11.11111 -1100.00000    0.00000
  33.33333 -1100.00000    0.00000
  55.55556 -1100.00000    0.00000
  77.77778 -1100.00000    0.00000
 100.00000 -1100.00000    0.00000
 122.22222 -1100.00000    0.00000
 144.44444 -1100.00000    0.00000
 166.66667 -1100.00000    0.00000
 188.88889 -1100.00000    0.00000
 211.11111 -1100.00000    0.00000
 233.33333 -1100.00000    0.00000
 255.55556 -1100.00000    0.00000
 277.77778 -1100.00000    0.00000
 300.00000 -1100.00000    0.00000
 322.22222 -1100.00000    0.00000
 344.44444 -1100.00000    0.00000
 366.66667 -1100.00000    0.00000
 388.88889 -1100.00000    0.00000
 411.11111 -1100.00000    0.00000
 433.33333 -1100.00000    0.00000
 455.55556 -1100.00000    0.00000
 477.77778 -1100.00000    0.00000
 500.00000 -1100.00000    0.00000
 522.22222 -1100.00000    0.00000
 544.44444 -1100.00000    0.00000
 566.66667 -1100.00000    0.00000
 588.88889 -1100.00000    0.00000
 611.11111 -1100.00000    0.00000
 633.33333 -1100.00000    0.00000
 655.55556 -1100.00000    0.00000
 677.77778 -1100.00000    0.00000
 700.00000 -1100.00000    0.00000
 722.22222 -1100.00000    0.00000
 744.44444 -1100.00000    0.00000
 766.66667 -1100.00000    0.00000
 788.88889 -1100.00000    0.00000
 811.11111 -1100.00000    0.00000
 833.33333 -1100.00000    0.00000
 855.55556 -1100.00000    0.00000
 877.77778 -1100.00000    0.00000
 900.00000 -1100.00000    0.00000
 922.22222 -1100.00000    0.00000
 944.44444 -1100.00000    0.00000
 966.66667 -1100.00000    0.00000
 988.88889 -1100.00000    0.00000
1011.11111 -1100.00000    0.00000
1033.33333 -1100.00000    0.00000
1055.55556 -1100.00000    0.00000
1077.77778 -1100.00000    0.00000
1100.00000 -1100.00000    0.00000
-1100.00000 -1077.77778    0.00000
-1077.77778 -1077.77778    0.00000
-1055.55556 -1077.77778    0.00000
-1033.33333 -1077.77778    0.00000
-1011.11111 -1077.77778    0.00000
-988.88889 -1077.77778    0.00000
-966.66667 -1077.77778    0.00000
-944.44444 -1077.77778    0.00000
-922.22222 -1077.77778    0.00000
-900.00000 -1077.77778    0.00000
-877.77778 -1077.77778    0.00000
-855.55556 -1077.77778    0.00000
-833.33333 -1077.77778    0.00000
-811.11111 -1077.77778    0.00000
-788.88889 -1077.77778    0.00000
-766.66667 -1077.77778    0.00000
-744.44444 -1077.77778    0.00000
-722.22222 -1077.77778    0.00000
-700.00000 -1077.77778    0.00000
-677.77778 -1077.77778    0.00000
-655.55556 -1077.77778    0.00000
-633.33333 -1077.77778    0.00000
-611.11111 -1077.77778    0.00000
-588.88889 -1077.77778    0.00000
-566.66667 -1077.77778    0.00000
-544.44444 -1077.77778    0.00000
-522.22222 -1077.77778    0.00000
-500.00000 -1077.77778    0.00000
-477.77778 -1077.77778    0.00000
-455.55556 -1077.77778    0.00000
-433.33333 -1077.77778    0.00000
-411.11111 -1077.77778    0.00000
-388.88889 -1077.77778    0.00000
-366.66667 -1077.77778    0.00000
-344.44444 -1077.77778    0.00000
-322.22222 -1077.77778    0.00000
-300.00000 -1077.77778    0.00000
-277.77778 -1077.77778    0.00000
-255.55556 -1077.77778    0.00000
-233.33333 -1077.77778    0.00000
-211.11111 -1077.77778    0.00000
-188.88889 -1077.77778    0.00000
-166.66667 -1077.77778    0.00000
-144.44444 -1077.77778    0.00000
-122.22222 -1077.77778    0.00000
-100.00000 -1077.77778    0.00000
 -77.77778 -1077.77778    0.00000
 -55.55556 -1077.77778    0.00000
 -33.33333 -1077.77778    0.00000
 -11.11111 -1077.77778    0.00000
  11.11111 -1077.77778    0.00000
  33.33333 -1077.77778    0.00000
  55.55556 -1077.77778    0.00000
  77.77778 -1077.77778    0.00000
 100.00000 -1077.77778    0.00000
 122.22222 -1077.77778    0.00000
 144.44444 -1077.77778    0.00000
 166.66667 -1077.77778    0.00000
 188.88889 -1077.77778    0.00000
 211.11111 -1077.77778    0.00000
 233.33333 -1077.77778    0.00000
 255.55556 -1077.77778    0.00000
 277.77778 -1077.77778    0.00000
 300.00000 -1077.77778    0.00000
 322.22222 -1077.77778    0.00000
 344.44444 -1077.77778    0.00000
 366.66667 -1077.77778    0.00000
 388.88889 -1077.77778    0.00000
 411.11111 -1077.77778    0.00000
 433.33333 -1077.77778    0.00000
 455.55556 -1077.77778    0.00000
 477.77778 -1077.77778    0.00000
 500.00000 -1077.77778    0.00000
 522.22222 -1077.77778    0.00000
 544.44444 -1077.77778    0.00000
 566.66667 -1077.77778    0.00000
 588.88889 -1077.77778    0.00000
 611.11111 -1077.77778    0.00000
 633.33333 -1077.77778    0.00000
 655.55556 -1077.77778    0.00000
 677.77778 -1077.77778    0.00000
 700.00000 -1077.77778    0.00000
 722.22222 -1077.77778    0.00000
 744.44444 -1077.77778    0.00000
 766.66667 -1077.77778    0.00000
 788.88889 -1077.77778    0.00000
 811.11111 -1077.77778    0.00000
 833.33333 -1077.77778    0.00000
 855.55556 -1077.77778    0.00000
 877.77778 -1077.77778    0.00000
 900.00000 -1077.77778    0.00000
 922.22222 -1077.77778    0.00000
 944.44444 -1077.77778    0.00000
 966.66667 -1077.77778    0.00000
 988.88889 -1077.77778    0.00000
1011.11111 -1077.77778    0.00000
1033.33333 -1077.77778    0.00000
1055.55556 -1077.77778    0.00000
1077.77778 -1077.77778    0.00000
1100.00000 -1077.77778    0.00000
-1100.00000 -1055.55556    0.00000
-1077.77778 -1055.55556    0.00000
-1055.55556 -1055.55556    0.00000
-1033.33333 -1055.55556    0.00000
-1011.11111 -1055.55556    0.00000
-988.88889 -1055.55556    0.00000
-966.66667 -1055.55556    0.00000
-944.44444 -1055.55556    0.00000
-922.22222 -1055.55556    0.00000
-900.00000 -1055.55556    0.00000
-877.77778 -1055.55556    0.00000
-855.55556 -1055.55556    0.00000
-833.33333 -1055.55556    0.00000
-811.11111 -1055.55556    0.00000
-788.88889 -1055.55556    0.00000
-766.66667 -1055.55556    0.00000
-744.44444 -1055.55556    0.00000
-722.22222 -1055.55556    0.00000
-700.00000 -1055.55556    0.00000
-677.77778 -1055.55556    0.00000
-655.55556 -1055.55556    0.00000
-633.33333 -1055.55556    0.00000
-611.11111 -1055.55556    0.00000
-588.88889 -1055.55556    0.00000
-566.66667 -1055.55556    0.00000
-544.44444 -1055.55556    0.00000
-522.22222 -1055.55556    0.00000
-500.00000 -1055.55556    0.00000
-477.77778 -1055.55556    0.00000
-455.55556 -1055.55556    0.00000
-433.33333 -1055.55556    0.00000
-411.11111 -1055.55556    0.00000
-388.88889 -1055.55556    0.00000
-366.66667 -1055.55556    0.00000
-344.44444 -1055.55556    0.00000
-322.22222 -1055.55556    0.00000
-300.00000 -1055.55556    0.00000
-277.77778 -1055.55556    0.00000
-255.55556 -1055.55556    0.00000
-233.33333 -1055.55556    0.00000
-211.11111 -1055.55556    0.00000
-188.88889 -1055.55556    0.00000
-166.66667 -1055.55556    0.00000
-144.44444 -1055.55556    0.00000
-122.22222 -1055.55556    0.00000
-100.00000 -1055.55556    0.00000
 -77.77778 -1055.55556    0.00000
 -55.55556 -1055.55556    0.00000
 -33.33333 -1055.55556    0.00000
 -11.11111 -1055.55556    0.00000
  11.11111 -1055.55556    0.00000
  33.33333 -1055.55556    0.00000
  55.55556 -1055.55556    0.00000
  77.77778 -1055.55556    0.00000
 100.00000 -1055.55556    0.00000
 122.22222 -1055.55556    0.00000
 144.44444 -1055.55556    0.00000
 166.66667 -1055.55556    0.00000
 188.88889 -1055.55556    0.00000
 211.11111 -1055.55556    0.00000
 233.33333 -1055.55556    0.00000
 255.55556 -1055.55556    0.00000
 277.77778 -1055.55556    0.00000
 300.00000 -1055.55556    0.00000
 322.22222 -1055.55556    0.00000
 344.44444 -1055.55556    0.00000
 366.66667 -1055.55556    0.00000
 388.88889 -1055.55556    0.00000
 411.11111 -1055.55556    0.00000
 433.33333 -1055.55556    0.00000
 455.55556 -1055.55556    0.00000
 477.77778 -1055.55556    0.00000
 500.00000 -1055.55556    0.00000
 522.22222 -1055.55556    0.00000
 544.44444 -1055.55556    0.00000
 566.66667 -1055.55556    0.00000
 588.88889 -1055.55556    0.00000
 611.11111 -1055.55556    0.00000
 633.33333 -1055.55556    0.00000
 655.55556 -1055.55556    0.00000
 677.77778 -1055.55556    0.00000
 700.00000 -1055.55556    0.00000
 722.22222 -1055.55556    0.00000
 744.44444 -1055.55556    0.00000
 766.66667 -1055.55556    0.00000
 788.88889 -1055.55556    0.00000
 811.11111 -1055.55556    0.00000
 833.33333 -1055.55556    0.00000
 855.55556 -1055.55556    0.00000
 877.77778 -1055.55556    0.00000
 900.00000 -1055.55556    0.00000
 922.22222 -1055.55556    0.00000
 944.44444 -1055.55556    0.00000
 966.66667 -1055.55556    0.00000
 988.88889 -1055.55556    0.00000
1011.11111 -1055.55556    0.00000
1033.33333 -1055.55556    0.00000
1055.55556 -1055.55556    0.00000
1077.77778 -1055.55556    0.00000
1100.00000 -1055.55556    0.00000
-1100.00000 -1033.33333    0.00000
-1077.77778 -1033.33333    0.00000
-1055.55556 -1033.33333    0.00000
-1033.33333 -1033.33333    0.00000
-1011.11111 -1033.33333    0.00000
-988.88889 -1033.33333    0.00000
-966.66667 -1033.33333    0.00000
-944.44444 -1033.33333    0.00000
-922.22222 -1033.33333    0.00000
-900.00000 -1033.33333    0.00000
-877.77778 -1033.33333    0.00000
-855.55556 -1033.33333    0.00000
-833.33333 -1033.33333    0.00000
-811.11111 -1033.33333    0.00000
-788.88889 -1033.33333    0.00000
-766.66667 -1033.33333    0.00000
-744.44444 -1033.33333    0.00000
-722.22222 -1033.33333    0.00000
-700.00000 -1033.33333    0.00000
-677.77778 -1033.33333    0.00000
-655.55556 -1033.33333    0.00000
-633.33333 -1033.33333    0.00000
-611.11111 -1033.33333    0.00000
-588.88889 -1033.33333    0.00000
-566.66667 -1033.33333    0.00000
-544.44444 -1033.33333    0.00000
-522.22222 -1033.33333    0.00000
-500.00000 -1033.33333    0.00000
-477.77778 -1033.33333    0.00000
-455.55556 -1033.33333    0.00000
-433.33333 -1033.33333    0.00000
-411.11111 -1033.33333    0.00000
-388.88889 -1033.33333    0.00000
-366.66667 -1033.33333    0.00000
-344.44444 -1033.33333    0.00000
-322.22222 -1033.33333    0.00000
-300.00000 -1033.33333    0.00000
-277.77778 -1033.33333    0.00000
-255.55556 -1033.33333    0.00000
-233.33333 -1033.33333    0.00000
-211.11111 -1033.33333    0.00000
-188.88889 -1033.33333    0.00000
-166.66667 -1033.33333    0.00000
-144.44444 -1033.33333    0.00000
-122.22222 -1033.33333    0.00000
-100.00000 -1033.33333    0.00000
 -77.77778 -1033.33333    0.00000
 -55.55556 -1033.33333    0.00000
 -33.33333 -1033.33333    0.00000
 -11.11111 -1033.33333    0.00000
  11.11111 -1033.33333    0.00000
  33.33333 -1033.33333    0.00000
  55.55556 -1033.33333    0.00000
  77.77778 -1033.33333    0.00000
 100.00000 -1033.33333    0.00000
 122.22222 -1033.33333    0.00000
 144.44444 -1033.33333    0.00000
 166.66667 -1033.33333    0.00000
 188.88889 -1033.33333    0.00000
 211.11111 -1033.33333    0.00000
 233.33333 -1033.33333    0.00000
 255.55556 -1033.33333    0.00000
 277.77778 -1033.33333    0.00000
 300.00000 -1033.33333    0.00000
 322.22222 -1033.33333    0.00000
 344.44444 -1033.33333    0.00000
 366.66667 -1033.33333    0.00000
 388.88889 -1033.33333    0.00000
 411.11111 -1033.33333    0.00000
 433.33333 -1033.33333    0.00000
 455.55556 -1033.33333    0.00000
 477.77778 -1033.33333    0.00000
 500.00000 -1033.33333    0.00000
 522.22222 -1033.33333    0.00000
 544.44444 -1033.33333    0.00000
 566.66667 -1033.33333    0.00000
 588.88889 -1033.33333    0.00000
 611.11111 -1033.33333    0.00000
 633.33333 -1033.33333    0.00000
 655.55556 -1033.33333    0.00000
 677.77778 -1033.33333    0.00000
 700.00000 -1033.33333    0.00000
 722.22222 -1033.33333    0.00000
 744.44444 -1033.33333    0.00000
 766.66667 -1033.33333    0.00000
 788.88889 -1033.33333    0.00000
 811.11111 -1033.33333    0.00000
 833.33333 -1033.33333    0.00000
 855.55556 -1033.33333    0.00000
 877.77778 -1033.33333    0.00000
 900.00000 -1033.33333    0.00000
 922.22222 -1033.33333    0.00000
 944.44444 -1033.33333    0.00000
 966.66667 -1033.33333    0.00000
 988.88889 -1033.33333    0.00000
1011.11111 -1033.33333    0.00000
1033.33333 -1033.33333    0.00000
1055.55556 -1033.33333    0.00000
1077.77778 -1033.33333    0.00000
1100.00000 -1033.33333    0.00000
-1100.00000 -1011.11111    0.00000
-1077.77778 -1011.11111    0.00000
-1055.55556 -1011.11111    0.00000
-1033.33333 -1011.11111    0.00000
-1011.11111 -1011.11111    0.00000
-988.88889 -1011.11111    0.00000
-966.66667 -1011.11111    0.00000
-944.44444 -1011.11111    0.00000
-922.22222 -1011.11111    0.00000
-900.00000 -1011.11111    0.00000
-877.77778 -1011.11111    0.00000
-855.55556 -1011.11111    0.00000
-833.33333 -1011.11111    0.00000
-811.11111 -1011.11111    0.00000
-788.88889 -1011.11111    0.00000
-766.66667 -1011.11111    0.00000
-744.44444 -1011.11111    0.00000
-722.22222 -1011.11111    0.00000
-700.00000 -1011.11111    0.00000
-677.77778 -1011.11111    0.00000
-655.55556 -1011.11111    0.00000
-633.33333 -1011.11111    0.00000
-611.11111 -1011.11111    0.00000
-588.88889 -1011.11111    0.00000
-566.66667 -1011.11111    0.00000
-544.44444 -1011.11111    0.00000
-522.22222 -1011.11111    0.00000
-500.00000 -1011.11111    0.00000
-477.77778 -1011.11111    0.00000
-455.55556 -1011.11111    0.00000
-433.33333 -1011.11111    0.00000
-411.11111 -1011.11111    0.00000
-388.88889 -1011.11111    0.00000
-366.66667 -1011.11111    0.00000
-344.44444 -1011.11111    0.00000
-322.22222 -1011.11111    0.00000
-300.00000 -1011.11111    0.00000
-277.77778 -1011.11111    0.00000
-255.55556 -1011.11111    0.00000
-233.33333 -1011.11111    0.00000
-211.11111 -1011.11111    0.00000
-188.88889 -1011.11111    0.00000
-166.66667 -1011.11111    0.00000
-144.44444 -1011.11111    0.00000
-122.22222 -1011.11111    0.00000
-100.00000 -1011.11111    0.00000
 -77.77778 -1011.11111    0.00000
 -55.55556 -1011.11111    0.00000
 -33.33333 -1011.11111    0.00000
 -11.11111 -1011.11111    0.00000
  11.11111 -1011.11111    0.00000
  33.33333 -1011.11111    0.00000
  55.55556 -1011.11111    0.00000
  77.77778 -1011.11111    0.00000
 100.00000 -1011.11111    0.00000
 122.22222 -1011.11111    0.00000
 144.44444 -1011.11111    0.00000
 166.66667 -1011.11111    0.00000
 188.88889 -1011.11111    0.00000
 211.11111 -1011.11111    0.00000
 233.33333 -1011.11111    0.00000
 255.55556 -1011.11111    0.00000
 277.77778 -1011.11111    0.00000
 300.00000 -1011.11111    0.00000
 322.22222 -1011.11111    0.00000
 344.44444 -1011.11111    0.00000
 366.66667 -1011.11111    0.00000
 388.88889 -1011.11111    0.00000
 411.11111 -1011.11111    0.00000
 433.33333 -1011.11111    0.00000
 455.55556 -1011.11111    0.00000
 477.77778 -1011.11111    0.00000
 500.00000 -1011.11111    0.00000
 522.22222 -1011.11111    0.00000
 544.44444 -1011.11111    0.00000
 566.66667 -1011.11111    0.00000
 588.88889 -1011.11111    0.00000
 611.11111 -1011.11111    0.00000
 633.33333 -1011.11111    0.00000
 655.55556 -1011.11111    0.00000
 677.77778 -1011.11111    0.00000
 700.00000 -1011.11111    0.00000
 722.22222 -1011.11111    0.00000
 744.44444 -1011.11111    0.00000
 766.66667 -1011.11111    0.00000
 788.88889 -1011.11111    0.00000
 811.11111 -1011.11111    0.00000
 833.33333 -1011.11111    0.00000
 855.55556 -1011.11111    0.00000
 877.77778 -1011.11111    0.00000
 900.00000 -1011.11111    0.00000
 922.22222 -1011.11111    0.00000
 944.44444 -1011.11111    0.00000
 966.66667 -1011.11111    0.00000
 988.88889 -1011.11111    0.00000
1011.11111 -1011.11111    0.00000
1033.33333 -1011.11111    0.00000
1055.55556 -1011.11111    0.00000
1077.77778 -1011.11111    0.00000
1100.00000 -1011.11111    0.00000
-1100.00000 -988.88889    0.00000
-1077.77778 -988.88889    0.00000
-1055.55556 -988.88889    0.00000
-1033.33333 -988.88889    0.00000
-1011.11111 -988.88889    0.00000
-988.88889 -988.88889    0.00000
-966.66667 -988.88889    0.00000
-944.44444 -988.88889    0.00000
-922.22222 -988.88889    0.00000
-900.00000 -988.88889    0.00000
-877.77778 -988.88889    0.00000
-855.55556 -988.88889    0.00000
-833.33333 -988.88889    0.00000
-811.11111 -988.88889    0.00000
-788.88889 -988.88889    0.00000
-766.66667 -988.88889    0.00000
-744.44444 -988.88889    0.00000
-722.22222 -988.88889    0.00000
-700.00000 -988.88889    0.00000
-677.77778 -988.88889    0.00000
-655.55556 -988.88889    0.00000
-633.33333 -988.88889    0.00000
-611.11111 -988.88889    0.00000
-588.88889 -988.88889    0.00000
-566.66667 -988.88889    0.00000
-544.44444 -988.88889    0.00000
-522.22222 -988.88889    0.00000
-500.00000 -988.88889    0.00000
-477.77778 -988.88889    0.00000
-455.55556 -988.88889    0.00000
-433.33333 -988.88889    0.00000
-411.11111 -988.88889    0.00000
-388.88889 -988.88889    0.00000
-366.66667 -988.88889    0.00000
-344.44444 -988.88889    0.00000
-322.22222 -988.88889    0.00000
-300.00000 -988.88889    0.00000
-277.77778 -988.88889    0.00000
-255.55556 -988.88889    0.00000
-233.33333 -988.88889    0.00000
-211.11111 -988.88889    0.00000
-188.88889 -988.88889    0.00000
-166.66667 -988.88889    0.00000
-144.44444 -988.88889    0.00000
-122.22222 -988.88889    0.00000
-100.00000 -988.88889    0.00000
 -77.77778 -988.88889    0.00000
 -55.55556 -988.88889    0.00000
 -33.33333 -988.88889    0.00000
 -11.11111 -988.88889    0.00000
  11.11111 -988.88889    0.00000
  33.33333 -988.88889    0.00000
  55.55556 -988.88889    0.00000
  77.77778 -988.88889    0.00000
 100.00000 -988.88889    0.00000
 122.22222 -988.88889    0.00000
 144.44444 -988.88889    0.00000
 166.66667 -988.88889    0.00000
 188.88889 -988.88889    0.00000
 211.11111 -988.88889    0.00000
 233.33333 -988.88889    0.00000
 255.55556 -988.88889    0.00000
 277.77778 -988.88889    0.00000
 300.00000 -988.88889    0.00000
 322.22222 -988.88889    0.00000
 344.44444 -988.88889    0.00000
 366.66667 -988.88889    0.00000
 388.88889 -988.88889    0.00000
 411.11111 -988.88889    0.00000
 433.33333 -988.88889    0.00000
 455.55556 -988.88889    0.00000
 477.77778 -988.88889    0.00000
 500.00000 -988.88889    0.00000
 522.22222 -988.88889    0.00000
 544.44444 -988.88889    0.00000
 566.66667 -988.88889    0.00000
 588.88889 -988.88889    0.00000
 611.11111 -988.88889    0.00000
 633.33333 -988.88889    0.00000
 655.55556 -988.88889    0.00000
 677.77778 -988.88889    0.00000
 700.00000 -988.88889    0.00000
 722.22222 -988.88889    0.00000
 744.44444 -988.88889    0.00000
 766.66667 -988.88889    0.00000
 788.88889 -988.88889    0.00000
 811.11111 -988.88889    0.00000
 833.33333 -988.88889    0.00000
 855.55556 -988.88889    0.00000
 877.77778 -988.88889    0.00000
 900.00000 -988.88889    0.00000
 922.22222 -988.88889    0.00000
 944.44444 -988.88889    0.00000
 966.66667 -988.88889    0.00000
 988.88889 -988.88889    0.00000
1011.11111 -988.88889    0.00000
1033.33333 -988.88889    0.00000
1055.55556 -988.88889    0.00000
1077.77778 -988.88889    0.00000
1100.00000 -988.88889    0.00000
-1100.00000 -966.66667    0.00000
-1077.77778 -966.66667    0.00000
-1055.55556 -966.66667    0.00000
-1033.33333 -966.66667    0.00000
-1011.11111 -966.66667    0.00000
-988.88889 -966.66667    0.00000
-966.66667 -966.66667    0.00000
-944.44444 -966.66667    0.00000
-922.22222 -966.66667    0.00000
-900.00000 -966.66667    0.00000
-877.77778 -966.66667    0.00000
-855.55556 -966.66667    0.00000
-833.33333 -966.66667    0.00000
-811.11111 -966.66667    0.00000
-788.88889 -966.66667    0.00000
-766.66667 -966.66667    0.00000
-744.44444 -966.66667    0.00000
-722.22222 -966.66667    0.00000
-700.00000 -966.66667    0.00000
-677.77778 -966.66667    0.00000
-655.55556 -966.66667    0.00000
-633.33333 -966.66667    0.00000
-611.11111 -966.66667    0.00000
-588.88889 -966.66667    0.00000
-566.66667 -966.66667    0.00000
-544.44444 -966.66667    0.00000
-522.22222 -966.66667    0.00000
-500.00000 -966.66667    0.00000
-477.77778 -966.66667    0.00000
-455.55556 -966.66667    0.00000
-433.33333 -966.66667    0.00000
-411.11111 -966.66667    0.00000
-388.88889 -966.66667    0.00000
-366.66667 -966.66667    0.00000
-344.44444 -966.66667    0.00000
-322.22222 -966.66667    0.00000
-300.00000 -966.66667    0.00000
-277.77778 -966.66667    0.00000
-255.55556 -966.66667    0.00000
-233.33333 -966.66667    0.00000
-211.11111 -966.66667    0.00000
-188.88889 -966.66667    0.00000
-166.66667 -966.66667    0.00000
-144.44444 -966.66667    0.00000
-122.22222 -966.66667    0.00000
-100.00000 -966.66667    0.00000
 -77.77778 -966.66667    0.00000
 -55.55556 -966.66667    0.00000
 -33.33333 -966.66667    0.00000
 -11.11111 -966.66667    0.00000
  11.11111 -966.66667    0.00000
  33.33333 -966.66667    0.00000
  55.55556 -966.66667    0.00000
  77.77778 -966.66667    0.00000
 100.00000 -966.66667    0.00000
 122.22222 -966.66667    0.00000
 144.44444 -966.66667    0.00000
 166.66667 -966.66667    0.00000
 188.88889 -966.66667    0.00000
 211.11111 -966.66667    0.00000
 233.33333 -966.66667    0.00000
 255.55556 -966.66667    0.00000
 277.77778 -966.66667    0.00000
 300.00000 -966.66667    0.00000
 322.22222 -966.66667    0.00000
 344.44444 -966.66667    0.00000
 366.66667 -966.66667    0.00000
 388.88889 -966.66667    0.00000
 411.11111 -966.66667    0.00000
 433.33333 -966.66667    0.00000
 455.55556 -966.66667    0.00000
 477.77778 -966.66667    0.00000
 500.00000 -966.66667    0.00000
 522.22222 -966.66667    0.00000
 544.44444 -966.66667    0.00000
 566.66667 -966.66667    0.00000
 588.88889 -966.66667    0.00000
 611.11111 -966.66667    0.00000
 633.33333 -966.66667    0.00000
 655.55556 -966.66667    0.00000
 677.77778 -966.66667    0.00000
 700.00000 -966.66667    0.00000
 722.22222 -966.66667    0.00000
 744.44444 -966.66667    0.00000
 766.66667 -966.66667    0.00000
 788.88889 -966.66667    0.00000
 811.11111 -966.66667    0.00000
 833.33333 -966.66667    0.00000
 855.55556 -966.66667    0.00000
 877.77778 -966.66667    0.00000
 900.00000 -966.66667    0.00000
 922.22222 -966.66667    0.00000
 944.44444 -966.66667    0.00000
 966.66667 -966.66667    0.00000
 988.88889 -966.66667    0.00000
1011.11111 -966.66667    0.00000
1033.33333 -966.66667    0.00000
1055.55556 -966.66667    0.00000
1077.77778 -966.66667    0.00000
1100.00000 -966.66667    0.00000
-1100.00000 -944.44444    0.00000
-1077.77778 -944.44444    0.00000
-1055.55556 -944.44444    0.00000
-1033.33333 -944.44444    0.00000
-1011.11111 -944.44444    0.00000
-988.88889 -944.44444    0.00000
-966.66667 -944.44444    0.00000
-944.44444 -944.44444    0.00000
-922.22222 -944.44444    0.00000
-900.00000 -944.44444    0.00000
-877.77778 -944.44444    0.00000
-855.55556 -944.44444    0.00000
-833.33333 -944.44444    0.00000
-811.11111 -944.44444    0.00000
-788.88889 -944.44444    0.00000
-766.66667 -944.44444    0.00000
-744.44444 -944.44444    0.00000
-722.22222 -944.44444    0.00000
-700.00000 -944.44444    0.00000
-677.77778 -944.44444    0.00000
-655.55556 -944.44444    0.00000
-633.33333 -944.44444    0.00000
-611.11111 -944.44444    0.00000
-588.88889 -944.44444    0.00000
-566.66667 -944.44444    0.00000
-544.44444 -944.44444    0.00000
-522.22222 -944.44444    0.00000
-500.00000 -944.44444    0.00000
-477.77778 -944.44444    0.00000
-455.55556 -944.44444    0.00000
-433.33333 -944.44444    0.00000
-411.11111 -944.44444    0.00000
-388.88889 -944.44444    0.00000
-366.66667 -944.44444    0.00000
-344.44444 -944.44444    0.00000
-322.22222 -944.44444    0.00000
-300.00000 -944.44444    0.00000
-277.77778 -944.44444    0.00000
-255.55556 -944.44444    0.00000
-233.33333 -944.44444    0.00000
-211.11111 -944.44444    0.00000
-188.88889 -944.44444    0.00000
-166.66667 -944.44444    0.00000
-144.44444 -944.44444    0.00000
-122.22222 -944.44444    0.00000
-100.00000 -944.44444    0.00000
 -77.77778 -944.44444    0.00000
 -55.55556 -944.44444    0.00000
 -33.33333 -944.44444    0.00000
 -11.11111 -944.44444    0.00000
  11.11111 -944.44444    0.00000
  33.33333 -944.44444    0.00000
  55.55556 -944.44444    0.00000
  77.77778 -944.44444    0.00000
 100.00000 -944.44444    0.00000
 122.22222 -944.44444    0.00000
 144.44444 -944.44444    0.00000
 166.66667 -944.44444    0.00000
 188.88889 -944.44444    0.00000
 211.11111 -944.44444    0.00000
 233.33333 -944.44444    0.00000
 255.55556 -944.44444    0.00000
 277.77778 -944.44444    0.00000
 300.00000 -944.44444    0.00000
 322.22222 -944.44444    0.00000
 344.44444 -944.44444    0.00000
 366.66667 -944.44444    0.00000
 388.88889 -944.44444    0.00000
 411.11111 -944.44444    0.00000
 433.33333 -944.44444    0.00000
 455.55556 -944.44444    0.00000
 477.77778 -944.44444    0.00000
 500.00000 -944.44444    0.00000
 522.22222 -944.44444    0.00000
 544.44444 -944.44444    0.00000
 566.66667 -944.44444    0.00000
 588.88889 -944.44444    0.00000
 611.11111 -944.44444    0.00000
 633.33333 -944.44444    0.00000
 655.55556 -944.44444    0.00000
 677.77778 -944.44444    0.00000
 700.00000 -944.44444    0.00000
 722.22222 -944.44444    0.00000
 744.44444 -944.44444    0.00000
 766.66667 -944.44444    0.00000
 788.88889 -944.44444    0.00000
 811.11111 -944.44444    0.00000
 833.33333 -944.44444    0.00000
 855.55556 -944.44444    0.00000
 877.77778 -944.44444    0.00000
 900.00000 -944.44444    0.00000
 922.22222 -944.44444    0.00000
 944.44444 -944.44444    0.00000
 966.66667 -944.44444    0.00000
 988.88889 -944.44444    0.00000
1011.11111 -944.44444    0.00000
1033.33333 -944.44444    0.00000
1055.55556 -944.44444    0.00000
1077.77778 -944.44444    0.00000
1100.00000 -944.44444    0.00000
-1100.00000 -922.22222    0.00000
-1077.77778 -922.22222    0.00000
-1055.55556 -922.22222    0.00000
-1033.33333 -922.22222    0.00000
-1011.11111 -922.22222    0.00000
-988.88889 -922.22222    0.00000
-966.66667 -922.22222    0.00000
-944.44444 -922.22222    0.00000
-922.22222 -922.22222    0.00000
-900.00000 -922.22222    0.00000
-877.77778 -922.22222    0.00000
-855.55556 -922.22222    0.00000
-833.33333 -922.22222    0.00000
-811.11111 -922.22222    0.00000
-788.88889 -922.22222    0.00000
-766.66667 -922.22222    0.00000
-744.44444 -922.22222    0.00000
-722.22222 -922.22222    0.00000
-700.00000 -922.22222    0.00000
-677.77778 -922.22222    0.00000
-655.55556 -922.22222    0.00000
-633.33333 -922.22222    0.00000
-611.11111 -922.22222    0.00000
-588.88889 -922.22222    0.00000
-566.66667 -922.22222    0.00000
-544.44444 -922.22222    0.00000
-522.22222 -922.22222    0.00000
-500.00000 -922.22222    0.00000
-477.77778 -922.22222    0.00000
-455.55556 -922.22222    0.00000
-433.33333 -922.22222    0.00000
-411.11111 -922.22222    0.00000
-388.88889 -922.22222    0.00000
-366.66667 -922.22222    0.00000
-344.44444 -922.22222    0.00000
-322.22222 -922.22222    0.00000
-300.00000 -922.22222    0.00000
-277.77778 -922.22222    0.00000
-255.55556 -922.22222    0.00000
-233.33333 -922.22222    0.00000
-211.11111 -922.22222    0.00000
-188.88889 -922.22222    0.00000
-166.66667 -922.22222    0.00000
-144.44444 -922.22222    0.00000
-122.22222 -922.22222    0.00000
-100.00000 -922.22222    0.00000
 -77.77778 -922.22222    0.00000
 -55.55556 -922.22222    0.00000
 -33.33333 -922.22222    0.00000
 -11.11111 -922.22222    0.00000
  11.11111 -922.22222    0.00000
  33.33333 -922.22222    0.00000
  55.55556 -922.22222    0.00000
  77.77778 -922.22222    0.00000
 100.00000 -922.22222    0.00000
 122.22222 -922.22222    0.00000
 144.44444 -922.22222    0.00000
 166.66667 -922.22222    0.00000
 188.88889 -922.22222    0.00000
 211.11111 -922.22222    0.00000
 233.33333 -922.22222    0.00000
 255.55556 -922.22222    0.00000
 277.77778 -922.22222    0.00000
 300.00000 -922.22222    0.00000
 322.22222 -922.22222    0.00000
 344.44444 -922.22222    0.00000
 366.66667 -922.22222    0.00000
 388.88889 -922.22222    0.00000
 411.11111 -922.22222    0.00000
 433.33333 -922.22222    0.00000
 455.55556 -922.22222    0.00000
 477.77778 -922.22222    0.00000
 500.00000 -922.22222    0.00000
 522.22222 -922.22222    0.00000
 544.44444 -922.22222    0.00000
 566.66667 -922.22222    0.00000
 588.88889 -922.22222    0.00000
 611.11111 -922.22222    0.00000
 633.33333 -922.22222    0.00000
 655.55556 -922.22222    0.00000
 677.77778 -922.22222    0.00000
 700.00000 -922.22222    0.00000
 722.22222 -922.22222    0.00000
 744.44444 -922.22222    0.00000
 766.66667 -922.22222    0.00000
 788.88889 -922.22222    0.00000
 811.11111 -922.22222    0.00000
 833.33333 -922.22222    0.00000
 855.55556 -922.22222    0.00000
 877.77778 -922.22222    0.00000
 900.00000 -922.22222    0.00000
 922.22222 -922.22222    0.00000
 944.44444 -922.22222    0.00000
 966.66667 -922.22222    0.00000
 988.88889 -922.22222    0.00000
1011.11111 -922.22222    0.00000
1033.33333 -922.22222    0.00000
1055.55556 -922.22222    0.00000
1077.77778 -922.22222    0.00000
1100.00000 -922.22222    0.00000
-1100.00000 -900.00000    0.00000
-1077.77778 -900.00000    0.00000
-1055.55556 -900.00000    0.00000
-1033.33333 -900.00000    0.00000
-1011.11111 -900.00000    0.00000
-988.88889 -900.00000    0.00000
-966.66667 -900.00000    0.00000
-944.44444 -900.00000    0.00000
-922.22222 -900.00000    0.00000
-900.00000 -900.00000    0.00000
-877.77778 -900.00000    0.00000
-855.55556 -900.00000    0.00000
-833.33333 -900.00000    0.00000
-811.11111 -900.00000    0.00000
-788.88889 -900.00000    0.00000
-766.66667 -900.00000    0.00000
-744.44444 -900.00000    0.00000
-722.22222 -900.00000    0.00000
-700.00000 -900.00000    0.00000
-677.77778 -900.00000    0.00000
-655.55556 -900.00000    0.00000
-633.33333 -900.00000    0.00000
-611.11111 -900.00000    0.00000
-588.88889 -900.00000    0.00000
-566.66667 -900.00000    0.00000
-544.44444 -900.00000    0.00000
-522.22222 -900.00000    0.00000
-500.00000 -900.00000    0.00000
-477.77778 -900.00000    0.00000
-455.55556 -900.00000    0.00000
-433.33333 -900.00000    0.00000
-411.11111 -900.00000    0.00000
-388.88889 -900.00000    0.00000
-366.66667 -900.00000    0.00000
-344.44444 -900.00000    0.00000
-322.22222 -900.00000    0.00000
-300.00000 -900.00000    0.00000
-277.77778 -900.00000    0.00000
-255.55556 -900.00000    0.00000
-233.33333 -900.00000    0.00000
-211.11111 -900.00000    0.00000
-188.88889 -900.00000    0.00000
-166.66667 -900.00000    0.00000
-144.44444 -900.00000    0.00000
-122.22222 -900.00000    0.00000
-100.00000 -900.00000    0.00000
 -77.77778 -900.00000    0.00000
 -55.55556 -900.00000    0.00000
 -33.33333 -900.00000    0.00000
 -11.11111 -900.00000    0.00000
  11.11111 -900.00000    0.00000
  33.33333 -900.00000    0.00000
  55.55556 -900.00000    0.00000
  77.77778 -900.00000    0.00000
 100.00000 -900.00000    0.00000
 122.22222 -900.00000    0.00000
 144.44444 -900.00000    0.00000
 166.66667 -900.00000    0.00000
 188.88889 -900.00000    0.00000
 211.11111 -900.00000    0.00000
 233.33333 -900.00000    0.00000
 255.55556 -900.00000    0.00000
 277.77778 -900.00000    0.00000
 300.00000 -900.00000    0.00000
 322.22222 -900.00000    0.00000
 344.44444 -900.00000    0.00000
 366.66667 -900.00000    0.00000
 388.88889 -900.00000    0.00000
 411.11111 -900.00000    0.00000
 433.33333 -900.00000    0.00000
 455.55556 -900.00000    0.00000
 477.77778 -900.00000    0.00000
 500.00000 -900.00000    0.00000
 522.22222 -900.00000    0.00000
 544.44444 -900.00000    0.00000
 566.66667 -900.00000    0.00000
 588.88889 -900.00000    0.00000
 611.11111 -900.00000    0.00000
 633.33333 -900.00000    0.00000
 655.55556 -900.00000    0.00000
 677.77778 -900.00000    0.00000
 700.00000 -900.00000    0.00000
 722.22222 -900.00000    0.00000
 744.44444 -900.00000    0.00000
 766.66667 -900.00000    0.00000
 788.88889 -900.00000    0.00000
 811.11111 -900.00000    0.00000
 833.33333 -900.00000    0.00000
 855.55556 -900.00000    0.00000
 877.77778 -900.00000    0.00000
 900.00000 -900.00000    0.00000
 922.22222 -900.00000    0.00000
 944.44444 -900.00000    0.00000
 966.66667 -900.00000    0.00000
 988.88889 -900.00000    0.00000
1011.11111 -900.00000    0.00000
1033.33333 -900.00000    0.00000
1055.55556 -900.00000    0.00000
1077.77778 -900.00000    0.00000
1100.00000 -900.00000    0.00000
-1100.00000 -877.77778    0.00000
-1077.77778 -877.77778    0.00000
-1055.55556 -877.77778    0.00000
-1033.33333 -877.77778    0.00000
-1011.11111 -877.77778    0.00000
-988.88889 -877.77778    0.00000
-966.66667 -877.77778    0.00000
-944.44444 -877.77778    0.00000
-922.22222 -877.77778    0.00000
-900.00000 -877.77778    0.00000
-877.77778 -877.77778    0.00000
-855.55556 -877.77778    0.00000
-833.33333 -877.77778    0.00000
-811.11111 -877.77778    0.00000
-788.88889 -877.77778    0.00000
-766.66667 -877.77778    0.00000
-744.44444 -877.77778    0.00000
-722.22222 -877.77778    0.00000
-700.00000 -877.77778    0.00000
-677.77778 -877.77778    0.00000
-655.55556 -877.77778    0.00000
-633.33333 -877.77778    0.00000
-611.11111 -877.77778    0.00000
-588.88889 -877.77778    0.00000
-566.66667 -877.77778    0.00000
-544.44444 -877.77778    0.00000
-522.22222 -877.77778    0.00000
-500.00000 -877.77778    0.00000
-477.77778 -877.77778    0.00000
-455.55556 -877.77778    0.00000
-433.33333 -877.77778    0.00000
-411.11111 -877.77778    0.00000
-388.88889 -877.77778    0.00000
-366.66667 -877.77778    0.00000
-344.44444 -877.77778    0.00000
-322.22222 -877.77778    0.00000
-300.00000 -877.77778    0.00000
-277.77778 -877.77778    0.00000
-255.55556 -877.77778    0.00000
-233.33333 -877.77778    0.00000
-211.11111 -877.77778    0.00000
-188.88889 -877.77778    0.00000
-166.66667 -877.77778    0.00000
-144.44444 -877.77778    0.00000
-122.22222 -877.77778    0.00000
-100.00000 -877.77778    0.00000
 -77.77778 -877.77778    0.00000
 -55.55556 -877.77778    0.00000
 -33.33333 -877.77778    0.00000
 -11.11111 -877.77778    0.00000
  11.11111 -877.77778    0.00000
  33.33333 -877.77778    0.00000
  55.55556 -877.77778    0.00000
  77.77778 -877.77778    0.00000
 100.00000 -877.77778    0.00000
 122.22222 -877.77778    0.00000
 144.44444 -877.77778    0.00000
 166.66667 -877.77778    0.00000
 188.88889 -877.77778    0.00000
 211.11111 -877.77778    0.00000
 233.33333 -877.77778    0.00000
 255.55556 -877.77778    0.00000
 277.77778 -877.77778    0.00000
 300.00000 -877.77778    0.00000
 322.22222 -877.77778    0.00000
 344.44444 -877.77778    0.00000
 366.66667 -877.77778    0.00000
 388.88889 -877.77778    0.00000
 411.11111 -877.77778    0.00000
 433.33333 -877.77778    0.00000
 455.55556 -877.77778    0.00000
 477.77778 -877.77778    0.00000
 500.00000 -877.77778    0.00000
 522.22222 -877.77778    0.00000
 544.44444 -877.77778    0.00000
 566.66667 -877.77778    0.00000
 588.88889 -877.77778    0.00000
 611.11111 -877.77778    0.00000
 633.33333 -877.77778    0.00000
 655.55556 -877.77778    0.00000
 677.77778 -877.77778    0.00000
 700.00000 -877.77778    0.00000
 722.22222 -877.77778    0.00000
 744.44444 -877.77778    0.00000
 766.66667 -877.77778    0.00000
 788.88889 -877.77778    0.00000
 811.11111 -877.77778    0.00000
 833.33333 -877.77778    0.00000
 855.55556 -877.77778    0.00000
 877.77778 -877.77778    0.00000
 900.00000 -877.77778    0.00000
 922.22222 -877.77778    0.00000
 944.44444 -877.77778    0.00000
 966.66667 -877.77778    0.00000
 988.88889 -877.77778    0.00000
1011.11111 -877.77778    0.00000
1033.33333 -877.77778    0.00000
1055.55556 -877.77778    0.00000
1077.77778 -877.77778    0.00000
1100.00000 -877.77778    0.00000
-1100.00000 -855.55556    0.00000
-1077.77778 -855.55556    0.00000
-1055.55556 -855.55556    0.00000
-1033.33333 -855.55556    0.00000
-1011.11111 -855.55556    0.00000
-988.88889 -855.55556    0.00000
-966.66667 -855.55556    0.00000
-944.44444 -855.55556    0.00000
-922.22222 -855.55556    0.00000
-900.00000 -855.55556    0.00000
-877.77778 -855.55556    0.00000
-855.55556 -855.55556    0.00000
-833.33333 -855.55556    0.00000
-811.11111 -855.55556    0.00000
-788.88889 -855.55556    0.00000
-766.66667 -855.55556    0.00000
-744.44444 -855.55556    0.00000
-722.22222 -855.55556    0.00000
-700.00000 -855.55556    0.00000
-677.77778 -855.55556    0.00000
-655.55556 -855.55556    0.00000
-633.33333 -855.55556    0.00000
-611.11111 -855.55556    0.00000
-588.88889 -855.55556    0.00000
-566.66667 -855.55556    0.00000
-544.44444 -855.55556    0.00000
-522.22222 -855.55556    0.00000
-500.00000 -855.55556    0.00000
-477.77778 -855.55556    0.00000
-455.55556 -855.55556    0.00000
-433.33333 -855.55556    0.00000
-411.11111 -855.55556    0.00000
-388.88889 -855.55556    0.00000
-366.66667 -855.55556    0.00000
-344.44444 -855.55556    0.00000
-322.22222 -855.55556    0.00000
-300.00000 -855.55556    0.00000
-277.77778 -855.55556    0.00000
-255.55556 -855.55556    0.00000
-233.33333 -855.55556    0.00000
-211.11111 -855.55556    0.00000
-188.88889 -855.55556    0.00000
-166.66667 -855.55556    0.00000
-144.44444 -855.55556    0.00000
-122.22222 -855.55556    0.00000
-100.00000 -855.55556    0.00000
 -77.77778 -855.55556    0.00000
 -55.55556 -855.55556    0.00000
 -33.33333 -855.55556    0.00000
 -11.11111 -855.55556    0.00000
  11.11111 -855.55556    0.00000
  33.33333 -855.55556    0.00000
  55.55556 -855.55556    0.00000
  77.77778 -855.55556    0.00000
 100.00000 -855.55556    0.00000
 122.22222 -855.55556    0.00000
 144.44444 -855.55556    0.00000
 166.66667 -855.55556    0.00000
 188.88889 -855.55556    0.00000
 211.11111 -855.55556    0.00000
 233.33333 -855.55556    0.00000
 255.55556 -855.55556    0.00000
 277.77778 -855.55556    0.00000
 300.00000 -855.55556    0.00000
 322.22222 -855.55556    0.00000
 344.44444 -855.55556    0.00000
 366.66667 -855.55556    0.00000
 388.88889 -855.55556    0.00000
 411.11111 -855.55556    0.00000
 433.33333 -855.55556    0.00000
 455.55556 -855.55556    0.00000
 477.77778 -855.55556    0.00000
 500.00000 -855.55556    0.00000
 522.22222 -855.55556    0.00000
 544.44444 -855.55556    0.00000
 566.66667 -855.55556    0.00000
 588.88889 -855.55556    0.00000
 611.11111 -855.55556    0.00000
 633.33333 -855.55556    0.00000
 655.55556 -855.55556    0.00000
 677.77778 -855.55556    0.00000
 700.00000 -855.55556    0.00000
 722.22222 -855.55556    0.00000
 744.44444 -855.55556    0.00000
 766.66667 -855.55556    0.00000
 788.88889 -855.55556    0.00000
 811.11111 -855.55556    0.00000
 833.33333 -855.55556    0.00000
 855.55556 -855.55556    0.00000
 877.77778 -855.55556    0.00000
 900.00000 -855.55556    0.00000
 922.22222 -855.55556    0.00000
 944.44444 -855.55556    0.00000
 966.66667 -855.55556    0.00000
 988.88889 -855.55556    0.00000
1011.11111 -855.55556    0.00000
1033.33333 -855.55556    0.00000
1055.55556 -855.55556    0.00000
1077.77778 -855.55556    0.00000
1100.00000 -855.55556    0.00000
-1100.00000 -833.33333    0.00000
-1077.77778 -833.33333    0.00000
-1055.55556 -833.33333    0.00000
-1033.33333 -833.33333    0.00000
-1011.11111 -833.33333    0.00000
-988.88889 -833.33333    0.00000
-966.66667 -833.33333    0.00000
-944.44444 -833.33333    0.00000
-922.22222 -833.33333    0.00000
-900.00000 -833.33333    0.00000
-877.77778 -833.33333    0.00000
-855.55556 -833.33333    0.00000
-833.33333 -833.33333    0.00000
-811.11111 -833.33333    0.00000
-788.88889 -833.33333    0.00000
-766.66667 -833.33333    0.00000
-744.44444 -833.33333    0.00000
-722.22222 -833.33333    0.00000
-700.00000 -833.33333    0.00000
-677.77778 -833.33333    0.00000
-655.55556 -833.33333    0.00000
-633.33333 -833.33333    0.00000
-611.11111 -833.33333    0.00000
-588.88889 -833.33333    0.00000
-566.66667 -833.33333    0.00000
-544.44444 -833.33333    0.00000
-522.22222 -833.33333    0.00000
-500.00000 -833.33333    0.00000
-477.77778 -833.33333    0.00000
-455.55556 -833.33333    0.00000
-433.33333 -833.33333    0.00000
-411.11111 -833.33333    0.00000
-388.88889 -833.33333    0.00000
-366.66667 -833.33333    0.00000
-344.44444 -833.33333    0.00000
-322.22222 -833.33333    0.00000
-300.00000 -833.33333    0.00000
-277.77778 -833.33333    0.00000
-255.55556 -833.33333    0.00000
-233.33333 -833.33333    0.00000
-211.11111 -833.33333    0.00000
-188.88889 -833.33333    0.00000
-166.66667 -833.33333    0.00000
-144.44444 -833.33333    0.00000
-122.22222 -833.33333    0.00000
-100.00000 -833.33333    0.00000
 -77.77778 -833.33333    0.00000
 -55.55556 -833.33333    0.00000
 -33.33333 -833.33333    0.00000
 -11.11111 -833.33333    0.00000
  11.11111 -833.33333    0.00000
  33.33333 -833.33333    0.00000
  55.55556 -833.33333    0.00000
  77.77778 -833.33333    0.00000
 100.00000 -833.33333    0.00000
 122.22222 -833.33333    0.00000
 144.44444 -833.33333    0.00000
 166.66667 -833.33333    0.00000
 188.88889 -833.33333    0.00000
 211.11111 -833.33333    0.00000
 233.33333 -833.33333    0.00000
 255.55556 -833.33333    0.00000
 277.77778 -833.33333    0.00000
 300.00000 -833.33333    0.00000
 322.22222 -833.33333    0.00000
 344.44444 -833.33333    0.00000
 366.66667 -833.33333    0.00000
 388.88889 -833.33333    0.00000
 411.11111 -833.33333    0.00000
 433.33333 -833.33333    0.00000
 455.55556 -833.33333    0.00000
 477.77778 -833.33333    0.00000
 500.00000 -833.33333    0.00000
 522.22222 -833.33333    0.00000
 544.44444 -833.33333    0.00000
 566.66667 -833.33333    0.00000
 588.88889 -833.33333    0.00000
 611.11111 -833.33333    0.00000
 633.33333 -833.33333    0.00000
 655.55556 -833.33333    0.00000
 677.77778 -833.33333    0.00000
 700.00000 -833.33333    0.00000
 722.22222 -833.33333    0.00000
 744.44444 -833.33333    0.00000
 766.66667 -833.33333    0.00000
 788.88889 -833.33333    0.00000
 811.11111 -833.33333    0.00000
 833.33333 -833.33333    0.00000
 855.55556 -833.33333    0.00000
 877.77778 -833.33333    0.00000
 900.00000 -833.33333    0.00000
 922.22222 -833.33333    0.00000
 944.44444 -833.33333    0.00000
 966.66667 -833.33333    0.00000
 988.88889 -833.33333    0.00000
1011.11111 -833.33333    0.00000
1033.33333 -833.33333    0.00000
1055.55556 -833.33333    0.00000
1077.77778 -833.33333    0.00000
1100.00000 -833.33333    0.00000
-1100.00000 -811.11111    0.00000
-1077.77778 -811.11111    0.00000
-1055.55556 -811.11111    0.00000
-1033.33333 -811.11111    0.00000
-1011.11111 -811.11111    0.00000
-988.88889 -811.11111    0.00000
-966.66667 -811.11111    0.00000
-944.44444 -811.11111    0.00000
-922.22222 -811.11111    0.00000
-900.00000 -811.11111    0.00000
-877.77778 -811.11111    0.00000
-855.55556 -811.11111    0.00000
-833.33333 -811.11111    0.00000
-811.11111 -811.11111    0.00000
-788.88889 -811.11111    0.00000
-766.66667 -811.11111    0.00000
-744.44444 -811.11111    0.00000
-722.22222 -811.11111    0.00000
-700.00000 -811.11111    0.00000
-677.77778 -811.11111    0.00000
-655.55556 -811.11111    0.00000
-633.33333 -811.11111    0.00000
-611.11111 -811.11111    0.00000
-588.88889 -811.11111    0.00000
-566.66667 -811.11111    0.00000
-544.44444 -811.11111    0.00000
-522.22222 -811.11111    0.00000
-500.00000 -811.11111    0.00000
-477.77778 -811.11111    0.00000
-455.55556 -811.11111    0.00000
-433.33333 -811.11111    0.00000
-411.11111 -811.11111    0.00000
-388.88889 -811.11111    0.00000
-366.66667 -811.11111    0.00000
-344.44444 -811.11111    0.00000
-322.22222 -811.11111    0.00000
-300.00000 -811.11111    0.00000
-277.77778 -811.11111    0.00000
-255.55556 -811.11111    0.00000
-233.33333 -811.11111    0.00000
-211.11111 -811.11111    0.00000
-188.88889 -811.11111    0.00000
-166.66667 -811.11111    0.00000
-144.44444 -811.11111    0.00000
-122.22222 -811.11111    0.00000
-100.00000 -811.11111    0.00000
 -77.77778 -811.11111    0.00000
 -55.55556 -811.11111    0.00000
 -33.33333 -811.11111    0.00000
 -11.11111 -811.11111    0.00000
  11.11111 -811.11111    0.00000
  33.33333 -811.11111    0.00000
  55.55556 -811.11111    0.00000
  77.77778 -811.11111    0.00000
 100.00000 -811.11111    0.00000
 122.22222 -811.11111    0.00000
 144.44444 -811.11111    0.00000
 166.66667 -811.11111    0.00000
 188.88889 -811.11111    0.00000
 211.11111 -811.11111    0.00000
 233.33333 -811.11111    0.00000
 255.55556 -811.11111    0.00000
 277.77778 -811.11111    0.00000
 300.00000 -811.11111    0.00000
 322.22222 -811.11111    0.00000
 344.44444 -811.11111    0.00000
 366.66667 -811.11111    0.00000
 388.88889 -811.11111    0.00000
 411.11111 -811.11111    0.00000
 433.33333 -811.11111    0.00000
 455.55556 -811.11111    0.00000
 477.77778 -811.11111    0.00000
 500.00000 -811.11111    0.00000
 522.22222 -811.11111    0.00000
 544.44444 -811.11111    0.00000
 566.66667 -811.11111    0.00000
 588.88889 -811.11111    0.00000
 611.11111 -811.11111    0.00000
 633.33333 -811.11111    0.00000
 655.55556 -811.11111    0.00000
 677.77778 -811.11111    0.00000
 700.00000 -811.11111    0.00000
 722.22222 -811.11111    0.00000
 744.44444 -811.11111    0.00000
 766.66667 -811.11111    0.00000
 788.88889 -811.11111    0.00000
 811.11111 -811.11111    0.00000
 833.33333 -811.11111    0.00000
 855.55556 -811.11111    0.00000
 877.77778 -811.11111    0.00000
 900.00000 -811.11111    0.00000
 922.22222 -811.11111    0.00000
 944.44444 -811.11111    0.00000
 966.66667 -811.11111    0.00000
 988.88889 -811.11111    0.00000
1011.11111 -811.11111    0.00000
1033.33333 -811.11111    0.00000
1055.55556 -811.11111    0.00000
1077.77778 -811.11111    0.00000
1100.00000 -811.11111    0.00000
-1100.00000 -788.88889    0.00000
-1077.77778 -788.88889    0.00000
-1055.55556 -788.88889    0.00000
-1033.33333 -788.88889    0.00000
-1011.11111 -788.88889    0.00000
-988.88889 -788.88889    0.00000
-966.66667 -788.88889    0.00000
-944.44444 -788.88889    0.00000
-922.22222 -788.88889    0.00000
-900.00000 -788.88889    0.00000
-877.77778 -788.88889    0.00000
-855.55556 -788.88889    0.00000
-833.33333 -788.88889    0.00000
-811.11111 -788.88889    0.00000
-788.88889 -788.88889    0.00000
-766.66667 -788.88889    0.00000
-744.44444 -788.88889    0.00000
-722.22222 -788.88889    0.00000
-700.00000 -788.88889    0.00000
-677.77778 -788.88889    0.00000
-655.55556 -788.88889    0.00000
-633.33333 -788.88889    0.00000
-611.11111 -788.88889    0.00000
-588.88889 -788.88889    0.00000
-566.66667 -788.88889    0.00000
-544.44444 -788.88889    0.00000
-522.22222 -788.88889    0.00000
-500.00000 -788.88889    0.00000
-477.77778 -788.88889    0.00000
-455.55556 -788.88889    0.00000
-433.33333 -788.88889    0.00000
-411.11111 -788.88889    0.00000
-388.88889 -788.88889    0.00000
-366.66667 -788.88889    0.00000
-344.44444 -788.88889    0.00000
-322.22222 -788.88889    0.00000
-300.00000 -788.88889    0.00000
-277.77778 -788.88889    0.00000
-255.55556 -788.88889    0.00000
-233.33333 -788.88889    0.00000
-211.11111 -788.88889    0.00000
-188.88889 -788.88889    0.00000
-166.66667 -788.88889    0.00000
-144.44444 -788.88889    0.00000
-122.22222 -788.88889    0.00000
-100.00000 -788.88889    0.00000
 -77.77778 -788.88889    0.00000
 -55.55556 -788.88889    0.00000
 -33.33333 -788.88889    0.00000
 -11.11111 -788.88889    0.00000
  11.11111 -788.88889    0.00000
  33.33333 -788.88889    0.00000
  55.55556 -788.88889    0.00000
  77.77778 -788.88889    0.00000
 100.00000 -788.88889    0.00000
 122.22222 -788.88889    0.00000
 144.44444 -788.88889    0.00000
 166.66667 -788.88889    0.00000
 188.88889 -788.88889    0.00000
 211.11111 -788.88889    0.00000
 233.33333 -788.88889    0.00000
 255.55556 -788.88889    0.00000
 277.77778 -788.88889    0.00000
 300.00000 -788.88889    0.00000
 322.22222 -788.88889    0.00000
 344.44444 -788.88889    0.00000
 366.66667 -788.88889    0.00000
 388.88889 -788.88889    0.00000
 411.11111 -788.88889    0.00000
 433.33333 -788.88889    0.00000
 455.55556 -788.88889    0.00000
 477.77778 -788.88889    0.00000
 500.00000 -788.88889    0.00000
 522.22222 -788.88889    0.00000
 544.44444 -788.88889    0.00000
 566.66667 -788.88889    0.00000
 588.88889 -788.88889    0.00000
 611.11111 -788.88889    0.00000
 633.33333 -788.88889    0.00000
 655.55556 -788.88889    0.00000
 677.77778 -788.88889    0.00000
 700.00000 -788.88889    0.00000
 722.22222 -788.88889    0.00000
 744.44444 -788.88889    0.00000
 766.66667 -788.88889    0.00000
 788.88889 -788.88889    0.00000
 811.11111 -788.88889    0.00000
 833.33333 -788.88889    0.00000
 855.55556 -788.88889    0.00000
 877.77778 -788.88889    0.00000
 900.00000 -788.88889    0.00000
 922.22222 -788.88889    0.00000
 944.44444 -788.88889    0.00000
 966.66667 -788.88889    0.00000
 988.88889 -788.88889    0.00000
1011.11111 -788.88889    0.00000
1033.33333 -788.88889    0.00000
1055.55556 -788.88889    0.00000
1077.77778 -788.88889    0.00000
1100.00000 -788.88889    0.00000
-1100.00000 -766.66667    0.00000
-1077.77778 -766.66667    0.00000
-1055.55556 -766.66667    0.00000
-1033.33333 -766.66667    0.00000
-1011.11111 -766.66667    0.00000
-988.88889 -766.66667    0.00000
-966.66667 -766.66667    0.00000
-944.44444 -766.66667    0.00000
-922.22222 -766.66667    0.00000
-900.00000 -766.66667    0.00000
-877.77778 -766.66667    0.00000
-855.55556 -766.66667    0.00000
-833.33333 -766.66667    0.00000
-811.11111 -766.66667    0.00000
-788.88889 -766.66667    0.00000
-766.66667 -766.66667    0.00000
-744.44444 -766.66667    0.00000
-722.22222 -766.66667    0.00000
-700.00000 -766.66667    0.00000
-677.77778 -766.66667    0.00000
-655.55556 -766.66667    0.00000
-633.33333 -766.66667    0.00000
-611.11111 -766.66667    0.00000
-588.88889 -766.66667    0.00000
-566.66667 -766.66667    0.00000
-544.44444 -766.66667    0.00000
-522.22222 -766.66667    0.00000
-500.00000 -766.66667    0.00000
-477.77778 -766.66667    0.00000
-455.55556 -766.66667    0.00000
-433.33333 -766.66667    0.00000
-411.11111 -766.66667    0.00000
-388.88889 -766.66667    0.00000
-366.66667 -766.66667    0.00000
-344.44444 -766.66667    0.00000
-322.22222 -766.66667    0.00000
-300.00000 -766.66667    0.00000
-277.77778 -766.66667    0.00000
-255.55556 -766.66667    0.00000
-233.33333 -766.66667    0.00000
-211.11111 -766.66667    0.00000
-188.88889 -766.66667    0.00000
-166.66667 -766.66667    0.00000
-144.44444 -766.66667    0.00000
-122.22222 -766.66667    0.00000
-100.00000 -766.66667    0.00000
 -77.77778 -766.66667    0.00000
 -55.55556 -766.66667    0.00000
 -33.33333 -766.66667    0.00000
 -11.11111 -766.66667    0.00000
  11.11111 -766.66667    0.00000
  33.33333 -766.66667    0.00000
  55.55556 -766.66667    0.00000
  77.77778 -766.66667    0.00000
 100.00000 -766.66667    0.00000
 122.22222 -766.66667    0.00000
 144.44444 -766.66667    0.00000
 166.66667 -766.66667    0.00000
 188.88889 -766.66667    0.00000
 211.11111 -766.66667    0.00000
 233.33333 -766.66667    0.00000
 255.55556 -766.66667    0.00000
 277.77778 -766.66667    0.00000
 300.00000 -766.66667    0.00000
 322.22222 -766.66667    0.00000
 344.44444 -766.66667    0.00000
 366.66667 -766.66667    0.00000
 388.88889 -766.66667    0.00000
 411.11111 -766.66667    0.00000
 433.33333 -766.66667    0.00000
 455.55556 -766.66667    0.00000
 477.77778 -766.66667    0.00000
 500.00000 -766.66667    0.00000
 522.22222 -766.66667    0.00000
 544.44444 -766.66667    0.00000
 566.66667 -766.66667    0.00000
 588.88889 -766.66667    0.00000
 611.11111 -766.66667    0.00000
 633.33333 -766.66667    0.00000
 655.55556 -766.66667    0.00000
 677.77778 -766.66667    0.00000
 700.00000 -766.66667    0.00000
 722.22222 -766.66667    0.00000
 744.44444 -766.66667    0.00000
 766.66667 -766.66667    0.00000
 788.88889 -766.66667    0.00000
 811.11111 -766.66667    0.00000
 833.33333 -766.66667    0.00000
 855.55556 -766.66667    0.00000
 877.77778 -766.66667    0.00000
 900.00000 -766.66667    0.00000
 922.22222 -766.66667    0.00000
 944.44444 -766.66667    0.00000
 966.66667 -766.66667    0.00000
 988.88889 -766.66667    0.00000
1011.11111 -766.66667    0.00000
1033.33333 -766.66667    0.00000
1055.55556 -766.66667    0.00000
1077.77778 -766.66667    0.00000
1100.00000 -766.66667    0.00000
-1100.00000 -744.44444    0.00000
-1077.77778 -744.44444    0.00000
-1055.55556 -744.44444    0.00000
-1033.33333 -744.44444    0.00000
-1011.11111 -744.44444    0.00000
-988.88889 -744.44444    0.00000
-966.66667 -744.44444    0.00000
-944.44444 -744.44444    0.00000
-922.22222 -744.44444    0.00000
-900.00000 -744.44444    0.00000
-877.77778 -744.44444    0.00000
-855.55556 -744.44444    0.00000
-833.33333 -744.44444    0.00000
-811.11111 -744.44444    0.00000
-788.88889 -744.44444    0.00000
-766.66667 -744.44444    0.00000
-744.44444 -744.44444    0.00000
-722.22222 -744.44444    0.00000
-700.00000 -744.44444    0.00000
-677.77778 -744.44444    0.00000
-655.55556 -744.44444    0.00000
-633.33333 -744.44444    0.00000
-611.11111 -744.44444    0.00000
-588.88889 -744.44444    0.00000
-566.66667 -744.44444    0.00000
-544.44444 -744.44444    0.00000
-522.22222 -744.44444    0.00000
-500.00000 -744.44444    0.00000
-477.77778 -744.44444    0.00000
-455.55556 -744.44444    0.00000
-433.33333 -744.44444    0.00000
-411.11111 -744.44444    0.00000
-388.88889 -744.44444    0.00000
-366.66667 -744.44444    0.00000
-344.44444 -744.44444    0.00000
-322.22222 -744.44444    0.00000
-300.00000 -744.44444    0.00000
-277.77778 -744.44444    0.00000
-255.55556 -744.44444    0.00000
-233.33333 -744.44444    0.00000
-211.11111 -744.44444    0.00000
-188.88889 -744.44444    0.00000
-166.66667 -744.44444    0.00000
-144.44444 -744.44444    0.00000
-122.22222 -744.44444    0.00000
-100.00000 -744.44444    0.00000
 -77.77778 -744.44444    0.00000
 -55.55556 -744.44444    0.00000
 -33.33333 -744.44444    0.00000
 -11.11111 -744.44444    0.00000
  11.11111 -744.44444    0.00000
  33.33333 -744.44444    0.00000
  55.55556 -744.44444    0.00000
  77.77778 -744.44444    0.00000
 100.00000 -744.44444    0.00000
 122.22222 -744.44444    0.00000
 144.44444 -744.44444    0.00000
 166.66667 -744.44444    0.00000
 188.88889 -744.44444    0.00000
 211.11111 -744.44444    0.00000
 233.33333 -744.44444    0.00000
 255.55556 -744.44444    0.00000
 277.77778 -744.44444    0.00000
 300.00000 -744.44444    0.00000
 322.22222 -744.44444    0.00000
 344.44444 -744.44444    0.00000
 366.66667 -744.44444    0.00000
 388.88889 -744.44444    0.00000
 411.11111 -744.44444    0.00000
 433.33333 -744.44444    0.00000
 455.55556 -744.44444    0.00000
 477.77778 -744.44444    0.00000
 500.00000 -744.44444    0.00000
 522.22222 -744.44444    0.00000
 544.44444 -744.44444    0.00000
 566.66667 -744.44444    0.00000
 588.88889 -744.44444    0.00000
 611.11111 -744.44444    0.00000
 633.33333 -744.44444    0.00000
 655.55556 -744.44444    0.00000
 677.77778 -744.44444    0.00000
 700.00000 -744.44444    0.00000
 722.22222 -744.44444    0.00000
 744.44444 -744.44444    0.00000
 766.66667 -744.44444    0.00000
 788.88889 -744.44444    0.00000
 811.11111 -744.44444    0.00000
 833.33333 -744.44444    0.00000
 855.55556 -744.44444    0.00000
 877.77778 -744.44444    0.00000
 900.00000 -744.44444    0.00000
 922.22222 -744.44444    0.00000
 944.44444 -744.44444    0.00000
 966.66667 -744.44444    0.00000
 988.88889 -744.44444    0.00000
1011.11111 -744.44444    0.00000
1033.33333 -744.44444    0.00000
1055.55556 -744.44444    0.00000
1077.77778 -744.44444    0.00000
1100.00000 -744.44444    0.00000
-1100.00000 -722.22222    0.00000
-1077.77778 -722.22222    0.00000
-1055.55556 -722.22222    0.00000
-1033.33333 -722.22222    0.00000
-1011.11111 -722.22222    0.00000
-988.88889 -722.22222    0.00000
-966.66667 -722.22222    0.00000
-944.44444 -722.22222    0.00000
-922.22222 -722.22222    0.00000
-900.00000 -722.22222    0.00000
-877.77778 -722.22222    0.00000
-855.55556 -722.22222    0.00000
-833.33333 -722.22222    0.00000
-811.11111 -722.22222    0.00000
-788.88889 -722.22222    0.00000
-766.66667 -722.22222    0.00000
-744.44444 -722.22222    0.00000
-722.22222 -722.22222    0.00000
-700.00000 -722.22222    0.00000
-677.77778 -722.22222    0.00000
-655.55556 -722.22222    0.00000
-633.33333 -722.22222    0.00000
-611.11111 -722.22222    0.00000
-588.88889 -722.22222    0.00000
-566.66667 -722.22222    0.00000
-544.44444 -722.22222    0.00000
-522.22222 -722.22222    0.00000
-500.00000 -722.22222    0.00000
-477.77778 -722.22222    0.00000
-455.55556 -722.22222    0.00000
-433.33333 -722.22222    0.00000
-411.11111 -722.22222    0.00000
-388.88889 -722.22222    0.00000
-366.66667 -722.22222    0.00000
-344.44444 -722.22222    0.00000
-322.22222 -722.22222    0.00000
-300.00000 -722.22222    0.00000
-277.77778 -722.22222    0.00000
-255.55556 -722.22222    0.00000
-233.33333 -722.22222    0.00000
-211.11111 -722.22222    0.00000
-188.88889 -722.22222    0.00000
-166.66667 -722.22222    0.00000
-144.44444 -722.22222    0.00000
-122.22222 -722.22222    0.00000
-100.00000 -722.22222    0.00000
 -77.77778 -722.22222    0.00000
 -55.55556 -722.22222    0.00000
 -33.33333 -722.22222    0.00000
 -11.11111 -722.22222    0.00000
  11.11111 -722.22222    0.00000
  33.33333 -722.22222    0.00000
  55.55556 -722.22222    0.00000
  77.77778 -722.22222    0.00000
 100.00000 -722.22222    0.00000
 122.22222 -722.22222    0.00000
 144.44444 -722.22222    0.00000
 166.66667 -722.22222    0.00000
 188.88889 -722.22222    0.00000
 211.11111 -722.22222    0.00000
 233.33333 -722.22222    0.00000
 255.55556 -722.22222    0.00000
 277.77778 -722.22222    0.00000
 300.00000 -722.22222    0.00000
 322.22222 -722.22222    0.00000
 344.44444 -722.22222    0.00000
 366.66667 -722.22222    0.00000
 388.88889 -722.22222    0.00000
 411.11111 -722.22222    0.00000
 433.33333 -722.22222    0.00000
 455.55556 -722.22222    0.00000
 477.77778 -722.22222    0.00000
 500.00000 -722.22222    0.00000
 522.22222 -722.22222    0.00000
 544.44444 -722.22222    0.00000
 566.66667 -722.22222    0.00000
 588.88889 -722.22222    0.00000
 611.11111 -722.22222    0.00000
 633.33333 -722.22222    0.00000
 655.55556 -722.22222    0.00000
 677.77778 -722.22222    0.00000
 700.00000 -722.22222    0.00000
 722.22222 -722.22222    0.00000
 744.44444 -722.22222    0.00000
 766.66667 -722.22222    0.00000
 788.88889 -722.22222    0.00000
 811.11111 -722.22222    0.00000
 833.33333 -722.22222    0.00000
 855.55556 -722.22222    0.00000
 877.77778 -722.22222    0.00000
 900.00000 -722.22222    0.00000
 922.22222 -722.22222    0.00000
 944.44444 -722.22222    0.00000
 966.66667 -722.22222    0.00000
 988.88889 -722.22222    0.00000
1011.11111 -722.22222    0.00000
1033.33333 -722.22222    0.00000
1055.55556 -722.22222    0.00000
1077.77778 -722.22222    0.00000
1100.00000 -722.22222    0.00000
-1100.00000 -700.00000    0.00000
-1077.77778 -700.00000    0.00000
-1055.55556 -700.00000    0.00000
-1033.33333 -700.00000    0.00000
-1011.11111 -700.00000    0.00000
-988.88889 -700.00000    0.00000
-966.66667 -700.00000    0.00000
-944.44444 -700.00000    0.00000
-922.22222 -700.00000    0.00000
-900.00000 -700.00000    0.00000
-877.77778 -700.00000    0.00000
-855.55556 -700.00000    0.00000
-833.33333 -700.00000    0.00000
-811.11111 -700.00000    0.00000
-788.88889 -700.00000    0.00000
-766.66667 -700.00000    0.00000
-744.44444 -700.00000    0.00000
-722.22222 -700.00000    0.00000
-700.00000 -700.00000    0.00000
-677.77778 -700.00000    0.00000
-655.55556 -700.00000    0.00000
-633.33333 -700.00000    0.00000
-611.11111 -700.00000    0.00000
-588.88889 -700.00000    0.00000
-566.66667 -700.00000    0.00000
-544.44444 -700.00000    0.00000
-522.22222 -700.00000    0.00000
-500.00000 -700.00000    0.00000
-477.77778 -700.00000    0.00000
-455.55556 -700.00000    0.00000
-433.33333 -700.00000    0.00000
-411.11111 -700.00000    0.00000
-388.88889 -700.00000    0.00000
-366.66667 -700.00000    0.00000
-344.44444 -700.00000    0.00000
-322.22222 -700.00000    0.00000
-300.00000 -700.00000    0.00000
-277.77778 -700.00000    0.00000
-255.55556 -700.00000    0.00000
-233.33333 -700.00000    0.00000
-211.11111 -700.00000    0.00000
-188.88889 -700.00000    0.00000
-166.66667 -700.00000    0.00000
-144.44444 -700.00000    0.00000
-122.22222 -700.00000    0.00000
-100.00000 -700.00000    0.00000
 -77.77778 -700.00000    0.00000
 -55.55556 -700.00000    0.00000
 -33.33333 -700.00000    0.00000
 -11.11111 -700.00000    0.00000
  11.11111 -700.00000    0.00000
  33.33333 -700.00000    0.00000
  55.55556 -700.00000    0.00000
  77.77778 -700.00000    0.00000
 100.00000 -700.00000    0.00000
 122.22222 -700.00000    0.00000
 144.44444 -700.00000    0.00000
 166.66667 -700.00000    0.00000
 188.88889 -700.00000    0.00000
 211.11111 -700.00000    0.00000
 233.33333 -700.00000    0.00000
 255.55556 -700.00000    0.00000
 277.77778 -700.00000    0.00000
 300.00000 -700.00000    0.00000
 322.22222 -700.00000    0.00000
 344.44444 -700.00000    0.00000
 366.66667 -700.00000    0.00000
 388.88889 -700.00000    0.00000
 411.11111 -700.00000    0.00000
 433.33333 -700.00000    0.00000
 455.55556 -700.00000    0.00000
 477.77778 -700.00000    0.00000
 500.00000 -700.00000    0.00000
 522.22222 -700.00000    0.00000
 544.44444 -700.00000    0.00000
 566.66667 -700.00000    0.00000
 588.88889 -700.00000    0.00000
 611.11111 -700.00000    0.00000
 633.33333 -700.00000    0.00000
 655.55556 -700.00000    0.00000
 677.77778 -700.00000    0.00000
 700.00000 -700.00000    0.00000
 722.22222 -700.00000    0.00000
 744.44444 -700.00000    0.00000
 766.66667 -700.00000    0.00000
 788.88889 -700.00000    0.00000
 811.11111 -700.00000    0.00000
 833.33333 -700.00000    0.00000
 855.55556 -700.00000    0.00000
 877.77778 -700.00000    0.00000
 900.00000 -700.00000    0.00000
 922.22222 -700.00000    0.00000
 944.44444 -700.00000    0.00000
 966.66667 -700.00000    0.00000
 988.88889 -700.00000    0.00000
1011.11111 -700.00000    0.00000
1033.33333 -700.00000    0.00000
1055.55556 -700.00000    0.00000
1077.77778 -700.00000    0.00000
1100.00000 -700.00000    0.00000
-1100.00000 -677.77778    0.00000
-1077.77778 -677.77778    0.00000
-1055.55556 -677.77778    0.00000
-1033.33333 -677.77778    0.00000
-1011.11111 -677.77778    0.00000
-988.88889 -677.77778    0.00000
-966.66667 -677.77778    0.00000
-944.44444 -677.77778    0.00000
-922.22222 -677.77778    0.00000
-900.00000 -677.77778    0.00000
-877.77778 -677.77778    0.00000
-855.55556 -677.77778    0.00000
-833.33333 -677.77778    0.00000
-811.11111 -677.77778    0.00000
-788.88889 -677.77778    0.00000
-766.66667 -677.77778    0.00000
-744.44444 -677.77778    0.00000
-722.22222 -677.77778    0.00000
-700.00000 -677.77778    0.00000
-677.77778 -677.77778    0.00000
-655.55556 -677.77778    0.00000
-633.33333 -677.77778    0.00000
-611.11111 -677.77778    0.00000
-588.88889 -677.77778    0.00000
-566.66667 -677.77778    0.00000
-544.44444 -677.77778    0.00000
-522.22222 -677.77778    0.00000
-500.00000 -677.77778    0.00000
-477.77778 -677.77778    0.00000
-455.55556 -677.77778    0.00000
-433.33333 -677.77778    0.00000
-411.11111 -677.77778    0.00000
-388.88889 -677.77778    0.00000
-366.66667 -677.77778    0.00000
-344.44444 -677.77778    0.00000
-322.22222 -677.77778    0.00000
-300.00000 -677.77778    0.00000
-277.77778 -677.77778    0.00000
-255.55556 -677.77778    0.00000
-233.33333 -677.77778    0.00000
-211.11111 -677.77778    0.00000
-188.88889 -677.77778    0.00000
-166.66667 -677.77778    0.00000
-144.44444 -677.77778    0.00000
-122.22222 -677.77778    0.00000
-100.00000 -677.77778    0.00000
 -77.77778 -677.77778    0.00000
 -55.55556 -677.77778    0.00000
 -33.33333 -677.77778    0.00000
 -11.11111 -677.77778    0.00000
  11.11111 -677.77778    0.00000
  33.33333 -677.77778    0.00000
  55.55556 -677.77778    0.00000
  77.77778 -677.77778    0.00000
 100.00000 -677.77778    0.00000
 122.22222 -677.77778    0.00000
 144.44444 -677.77778    0.00000
 166.66667 -677.77778    0.00000
 188.88889 -677.77778    0.00000
 211.11111 -677.77778    0.00000
 233.33333 -677.77778    0.00000
 255.55556 -677.77778    0.00000
 277.77778 -677.77778    0.00000
 300.00000 -677.77778    0.00000
 322.22222 -677.77778    0.00000
 344.44444 -677.77778    0.00000
 366.66667 -677.77778    0.00000
 388.88889 -677.77778    0.00000
 411.11111 -677.77778    0.00000
 433.33333 -677.77778    0.00000
 455.55556 -677.77778    0.00000
 477.77778 -677.77778    0.00000
 500.00000 -677.77778    0.00000
 522.22222 -677.77778    0.00000
 544.44444 -677.77778    0.00000
 566.66667 -677.77778    0.00000
 588.88889 -677.77778    0.00000
 611.11111 -677.77778    0.00000
 633.33333 -677.77778    0.00000
 655.55556 -677.77778    0.00000
 677.77778 -677.77778    0.00000
 700.00000 -677.77778    0.00000
 722.22222 -677.77778    0.00000
 744.44444 -677.77778    0.00000
 766.66667 -677.77778    0.00000
 788.88889 -677.77778    0.00000
 811.11111 -677.77778    0.00000
 833.33333 -677.77778    0.00000
 855.55556 -677.77778    0.00000
 877.77778 -677.77778    0.00000
 900.00000 -677.77778    0.00000
 922.22222 -677.77778    0.00000
 944.44444 -677.77778    0.00000
 966.66667 -677.77778    0.00000
 988.88889 -677.77778    0.00000
1011.11111 -677.77778    0.00000
1033.33333 -677.77778    0.00000
1055.55556 -677.77778    0.00000
1077.77778 -677.77778    0.00000
1100.00000 -677.77778    0.00000
-1100.00000 -655.55556    0.00000
-1077.77778 -655.55556    0.00000
-1055.55556 -655.55556    0.00000
-1033.33333 -655.55556    0.00000
-1011.11111 -655.55556    0.00000
-988.88889 -655.55556    0.00000
-966.66667 -655.55556    0.00000
-944.44444 -655.55556    0.00000
-922.22222 -655.55556    0.00000
-900.00000 -655.55556    0.00000
-877.77778 -655.55556    0.00000
-855.55556 -655.55556    0.00000
-833.33333 -655.55556    0.00000
-811.11111 -655.55556    0.00000
-788.88889 -655.55556    0.00000
-766.66667 -655.55556    0.00000
-744.44444 -655.55556    0.00000
-722.22222 -655.55556    0.00000
-700.00000 -655.55556    0.00000
-677.77778 -655.55556    0.00000
-655.55556 -655.55556    0.00000
-633.33333 -655.55556    0.00000
-611.11111 -655.55556    0.00000
-588.88889 -655.55556    0.00000
-566.66667 -655.55556    0.00000
-544.44444 -655.55556    0.00000
-522.22222 -655.55556    0.00000
-500.00000 -655.55556    0.00000
-477.77778 -655.55556    0.00000
-455.55556 -655.55556    0.00000
-433.33333 -655.55556    0.00000
-411.11111 -655.55556    0.00000
-388.88889 -655.55556    0.00000
-366.66667 -655.55556    0.00000
-344.44444 -655.55556    0.00000
-322.22222 -655.55556    0.00000
-300.00000 -655.55556    0.00000
-277.77778 -655.55556    0.00000
-255.55556 -655.55556    0.00000
-233.33333 -655.55556    0.00000
-211.11111 -655.55556    0.00000
-188.88889 -655.55556    0.00000
-166.66667 -655.55556    0.00000
-144.44444 -655.55556    0.00000
-122.22222 -655.55556    0.00000
-100.00000 -655.55556    0.00000
 -77.77778 -655.55556    0.00000
 -55.55556 -655.55556    0.00000
 -33.33333 -655.55556    0.00000
 -11.11111 -655.55556    0.00000
  11.11111 -655.55556    0.00000
  33.33333 -655.55556    0.00000
  55.55556 -655.55556    0.00000
  77.77778 -655.55556    0.00000
 100.00000 -655.55556    0.00000
 122.22222 -655.55556    0.00000
 144.44444 -655.55556    0.00000
 166.66667 -655.55556    0.00000
 188.88889 -655.55556    0.00000
 211.11111 -655.55556    0.00000
 233.33333 -655.55556    0.00000
 255.55556 -655.55556    0.00000
 277.77778 -655.55556    0.00000
 300.00000 -655.55556    0.00000
 322.22222 -655.55556    0.00000
 344.44444 -655.55556    0.00000
 366.66667 -655.55556    0.00000
 388.88889 -655.55556    0.00000
 411.11111 -655.55556    0.00000
 433.33333 -655.55556    0.00000
 455.55556 -655.55556    0.00000
 477.77778 -655.55556    0.00000
 500.00000 -655.55556    0.00000
 522.22222 -655.55556    0.00000
 544.44444 -655.55556    0.00000
 566.66667 -655.55556    0.00000
 588.88889 -655.55556    0.00000
 611.11111 -655.55556    0.00000
 633.33333 -655.55556    0.00000
 655.55556 -655.55556    0.00000
 677.77778 -655.55556    0.00000
 700.00000 -655.55556    0.00000
 722.22222 -655.55556    0.00000
 744.44444 -655.55556    0.00000
 766.66667 -655.55556    0.00000
 788.88889 -655.55556    0.00000
 811.11111 -655.55556    0.00000
 833.33333 -655.55556    0.00000
 855.55556 -655.55556    0.00000
 877.77778 -655.55556    0.00000
 900.00000 -655.55556    0.00000
 922.22222 -655.55556    0.00000
 944.44444 -655.55556    0.00000
 966.66667 -655.55556    0.00000
 988.88889 -655.55556    0.00000
1011.11111 -655.55556    0.00000
1033.33333 -655.55556    0.00000
1055.55556 -655.55556    0.00000
1077.77778 -655.55556    0.00000
1100.00000 -655.55556    0.00000
-1100.00000 -633.33333    0.00000
-1077.77778 -633.33333    0.00000
-1055.55556 -633.33333    0.00000
-1033.33333 -633.33333    0.00000
-1011.11111 -633.33333    0.00000
-988.88889 -633.33333    0.00000
-966.66667 -633.33333    0.00000
-944.44444 -633.33333    0.00000
-922.22222 -633.33333    0.00000
-900.00000 -633.33333    0.00000
-877.77778 -633.33333    0.00000
-855.55556 -633.33333    0.00000
-833.33333 -633.33333    0.00000
-811.11111 -633.33333    0.00000
-788.88889 -633.33333    0.00000
-766.66667 -633.33333    0.00000
-744.44444 -633.33333    0.00000
-722.22222 -633.33333    0.00000
-700.00000 -633.33333    0.00000
-677.77778 -633.33333    0.00000
-655.55556 -633.33333    0.00000
-633.33333 -633.33333    0.00000
-611.11111 -633.33333    0.00000
-588.88889 -633.33333    0.00000
-566.66667 -633.33333    0.00000
-544.44444 -633.33333    0.00000
-522.22222 -633.33333    0.00000
-500.00000 -633.33333    0.00000
-477.77778 -633.33333    0.00000
-455.55556 -633.33333    0.00000
-433.33333 -633.33333    0.00000
-411.11111 -633.33333    0.00000
-388.88889 -633.33333    0.00000
-366.66667 -633.33333    0.00000
-344.44444 -633.33333    0.00000
-322.22222 -633.33333    0.00000
-300.00000 -633.33333    0.00000
-277.77778 -633.33333    0.00000
-255.55556 -633.33333    0.00000
-233.33333 -633.33333    0.00000
-211.11111 -633.33333    0.00000
-188.88889 -633.33333    0.00000
-166.66667 -633.33333    0.00000
-144.44444 -633.33333    0.00000
-122.22222 -633.33333    0.00000
-100.00000 -633.33333    0.00000
 -77.77778 -633.33333    0.00000
 -55.55556 -633.33333    0.00000
 -33.33333 -633.33333    0.00000
 -11.11111 -633.33333    0.00000
  11.11111 -633.33333    0.00000
  33.33333 -633.33333    0.00000
  55.55556 -633.33333    0.00000
  77.77778 -633.33333    0.00000
 100.00000 -633.33333    0.00000
 122.22222 -633.33333    0.00000
 144.44444 -633.33333    0.00000
 166.66667 -633.33333    0.00000
 188.88889 -633.33333    0.00000
 211.11111 -633.33333    0.00000
 233.33333 -633.33333    0.00000
 255.55556 -633.33333    0.00000
 277.77778 -633.33333    0.00000
 300.00000 -633.33333    0.00000
 322.22222 -633.33333    0.00000
 344.44444 -633.33333    0.00000
 366.66667 -633.33333    0.00000
 388.88889 -633.33333    0.00000
 411.11111 -633.33333    0.00000
 433.33333 -633.33333    0.00000
 455.55556 -633.33333    0.00000
 477.77778 -633.33333    0.00000
 500.00000 -633.33333    0.00000
 522.22222 -633.33333    0.00000
 544.44444 -633.33333    0.00000
 566.66667 -633.33333    0.00000
 588.88889 -633.33333    0.00000
 611.11111 -633.33333    0.00000
 633.33333 -633.33333    0.00000
 655.55556 -633.33333    0.00000
 677.77778 -633.33333    0.00000
 700.00000 -633.33333    0.00000
 722.22222 -633.33333    0.00000
 744.44444 -633.33333    0.00000
 766.66667 -633.33333    0.00000
 788.88889 -633.33333    0.00000
 811.11111 -633.33333    0.00000
 833.33333 -633.33333    0.00000
 855.55556 -633.33333    0.00000
 877.77778 -633.33333    0.00000
 900.00000 -633.33333    0.00000
 922.22222 -633.33333    0.00000
 944.44444 -633.33333    0.00000
 966.66667 -633.33333    0.00000
 988.88889 -633.33333    0.00000
1011.11111 -633.33333    0.00000
1033.33333 -633.33333    0.00000
1055.55556 -633.33333    0.00000
1077.77778 -633.33333    0.00000
1100.00000 -633.33333    0.00000
-1100.00000 -611.11111    0.00000
-1077.77778 -611.11111    0.00000
-1055.55556 -611.11111    0.00000
-1033.33333 -611.11111    0.00000
-1011.11111 -611.11111    0.00000
-988.88889 -611.11111    0.00000
-966.66667 -611.11111    0.00000
-944.44444 -611.11111    0.00000
-922.22222 -611.11111    0.00000
-900.00000 -611.11111    0.00000
-877.77778 -611.11111    0.00000
-855.55556 -611.11111    0.00000
-833.33333 -611.11111    0.00000
-811.11111 -611.11111    0.00000
-788.88889 -611.11111    0.00000
-766.66667 -611.11111    0.00000
-744.44444 -611.11111    0.00000
-722.22222 -611.11111    0.00000
-700.00000 -611.11111    0.00000
-677.77778 -611.11111    0.00000
-655.55556 -611.11111    0.00000
-633.33333 -611.11111    0.00000
-611.11111 -611.11111    0.00000
-588.88889 -611.11111    0.00000
-566.66667 -611.11111    0.00000
-544.44444 -611.11111    0.00000
-522.22222 -611.11111    0.00000
-500.00000 -611.11111    0.00000
-477.77778 -611.11111    0.00000
-455.55556 -611.11111    0.00000
-433.33333 -611.11111    0.00000
-411.11111 -611.11111    0.00000
-388.88889 -611.11111    0.00000
-366.66667 -611.11111    0.00000
-344.44444 -611.11111    0.00000
-322.22222 -611.11111    0.00000
-300.00000 -611.11111    0.00000
-277.77778 -611.11111    0.00000
-255.55556 -611.11111    0.00000
-233.33333 -611.11111    0.00000
-211.11111 -611.11111    0.00000
-188.88889 -611.11111    0.00000
-166.66667 -611.11111    0.00000
-144.44444 -611.11111    0.00000
-122.22222 -611.11111    0.00000
-100.00000 -611.11111    0.00000
 -77.77778 -611.11111    0.00000
 -55.55556 -611.11111    0.00000
 -33.33333 -611.11111    0.00000
 -11.11111 -611.11111    0.00000
  11.11111 -611.11111    0.00000
  33.33333 -611.11111    0.00000
  55.55556 -611.11111    0.00000
  77.77778 -611.11111    0.00000
 100.00000 -611.11111    0.00000
 122.22222 -611.11111    0.00000
 144.44444 -611.11111    0.00000
 166.66667 -611.11111    0.00000
 188.88889 -611.11111    0.00000
 211.11111 -611.11111    0.00000
 233.33333 -611.11111    0.00000
 255.55556 -611.11111    0.00000
 277.77778 -611.11111    0.00000
 300.00000 -611.11111    0.00000
 322.22222 -611.11111    0.00000
 344.44444 -611.11111    0.00000
 366.66667 -611.11111    0.00000
 388.88889 -611.11111    0.00000
 411.11111 -611.11111    0.00000
 433.33333 -611.11111    0.00000
 455.55556 -611.11111    0.00000
 477.77778 -611.11111    0.00000
 500.00000 -611.11111    0.00000
 522.22222 -611.11111    0.00000
 544.44444 -611.11111    0.00000
 566.66667 -611.11111    0.00000
 588.88889 -611.11111    0.00000
 611.11111 -611.11111    0.00000
 633.33333 -611.11111    0.00000
 655.55556 -611.11111    0.00000
 677.77778 -611.11111    0.00000
 700.00000 -611.11111    0.00000
 722.22222 -611.11111    0.00000
 744.44444 -611.11111    0.00000
 766.66667 -611.11111    0.00000
 788.88889 -611.11111    0.00000
 811.11111 -611.11111    0.00000
 833.33333 -611.11111    0.00000
 855.55556 -611.11111    0.00000
 877.77778 -611.11111    0.00000
 900.00000 -611.11111    0.00000
 922.22222 -611.11111    0.00000
 944.44444 -611.11111    0.00000
 966.66667 -611.11111    0.00000
 988.88889 -611.11111    0.00000
1011.11111 -611.11111    0.00000
1033.33333 -611.11111    0.00000
1055.55556 -611.11111    0.00000
1077.77778 -611.11111    0.00000
1100.00000 -611.11111    0.00000
-1100.00000 -588.88889    0.00000
-1077.77778 -588.88889    0.00000
-1055.55556 -588.88889    0.00000
-1033.33333 -588.88889    0.00000
-1011.11111 -588.88889    0.00000
-988.88889 -588.88889    0.00000
-966.66667 -588.88889    0.00000
-944.44444 -588.88889    0.00000
-922.22222 -588.88889    0.00000
-900.00000 -588.88889    0.00000
-877.77778 -588.88889    0.00000
-855.55556 -588.88889    0.00000
-833.33333 -588.88889    0.00000
-811.11111 -588.88889    0.00000
-788.88889 -588.88889    0.00000
-766.66667 -588.88889    0.00000
-744.44444 -588.88889    0.00000
-722.22222 -588.88889    0.00000
-700.00000 -588.88889    0.00000
-677.77778 -588.88889    0.00000
-655.55556 -588.88889    0.00000
-633.33333 -588.88889    0.00000
-611.11111 -588.88889    0.00000
-588.88889 -588.88889    0.00000
-566.66667 -588.88889    0.00000
-544.44444 -588.88889    0.00000
-522.22222 -588.88889    0.00000
-500.00000 -588.88889    0.00000
-477.77778 -588.88889    0.00000
-455.55556 -588.88889    0.00000
-433.33333 -588.88889    0.00000
-411.11111 -588.88889    0.00000
-388.88889 -588.88889    0.00000
-366.66667 -588.88889    0.00000
-344.44444 -588.88889    0.00000
-322.22222 -588.88889    0.00000
-300.00000 -588.88889    0.00000
-277.77778 -588.88889    0.00000
-255.55556 -588.88889    0.00000
-233.33333 -588.88889    0.00000
-211.11111 -588.88889    0.00000
-188.88889 -588.88889    0.00000
-166.66667 -588.88889    0.00000
-144.44444 -588.88889    0.00000
-122.22222 -588.88889    0.00000
-100.00000 -588.88889    0.00000
 -77.77778 -588.88889    0.00000
 -55.55556 -588.88889    0.00000
 -33.33333 -588.88889    0.00000
 -11.11111 -588.88889    0.00000
  11.11111 -588.88889    0.00000
  33.33333 -588.88889    0.00000
  55.55556 -588.88889    0.00000
  77.77778 -588.88889    0.00000
 100.00000 -588.88889    0.00000
 122.22222 -588.88889    0.00000
 144.44444 -588.88889    0.00000
 166.66667 -588.88889    0.00000
 188.88889 -588.88889    0.00000
 211.11111 -588.88889    0.00000
 233.33333 -588.88889    0.00000
 255.55556 -588.88889    0.00000
 277.77778 -588.88889    0.00000
 300.00000 -588.88889    0.00000
 322.22222 -588.88889    0.00000
 344.44444 -588.88889    0.00000
 366.66667 -588.88889    0.00000
 388.88889 -588.88889    0.00000
 411.11111 -588.88889    0.00000
 433.33333 -588.88889    0.00000
 455.55556 -588.88889    0.00000
 477.77778 -588.88889    0.00000
 500.00000 -588.88889    0.00000
 522.22222 -588.88889    0.00000
 544.44444 -588.88889    0.00000
 566.66667 -588.88889    0.00000
 588.88889 -588.88889    0.00000
 611.11111 -588.88889    0.00000
 633.33333 -588.88889    0.00000
 655.55556 -588.88889    0.00000
 677.77778 -588.88889    0.00000
 700.00000 -588.88889    0.00000
 722.22222 -588.88889    0.00000
 744.44444 -588.88889    0.00000
 766.66667 -588.88889    0.00000
 788.88889 -588.88889    0.00000
 811.11111 -588.88889    0.00000
 833.33333 -588.88889    0.00000
 855.55556 -588.88889    0.00000
 877.77778 -588.88889    0.00000
 900.00000 -588.88889    0.00000
 922.22222 -588.88889    0.00000
 944.44444 -588.88889    0.00000
 966.66667 -588.88889    0.00000
 988.88889 -588.88889    0.00000
1011.11111 -588.88889    0.00000
1033.33333 -588.88889    0.00000
1055.55556 -588.88889    0.00000
1077.77778 -588.88889    0.00000
1100.00000 -588.88889    0.00000
-1100.00000 -566.66667    0.00000
-1077.77778 -566.66667    0.00000
-1055.55556 -566.66667    0.00000
-1033.33333 -566.66667    0.00000
-1011.11111 -566.66667    0.00000
-988.88889 -566.66667    0.00000
-966.66667 -566.66667    0.00000
-944.44444 -566.66667    0.00000
-922.22222 -566.66667    0.00000
-900.00000 -566.66667    0.00000
-877.77778 -566.66667    0.00000
-855.55556 -566.66667    0.00000
-833.33333 -566.66667    0.00000
-811.11111 -566.66667    0.00000
-788.88889 -566.66667    0.00000
-766.66667 -566.66667    0.00000
-744.44444 -566.66667    0.00000
-722.22222 -566.66667    0.00000
-700.00000 -566.66667    0.00000
-677.77778 -566.66667    0.00000
-655.55556 -566.66667    0.00000
-633.33333 -566.66667    0.00000
-611.11111 -566.66667    0.00000
-588.88889 -566.66667    0.00000
-566.66667 -566.66667    0.00000
-544.44444 -566.66667    0.00000
-522.22222 -566.66667    0.00000
-500.00000 -566.66667    0.00000
-477.77778 -566.66667    0.00000
-455.55556 -566.66667    0.00000
-433.33333 -566.66667    0.00000
-411.11111 -566.66667    0.00000
-388.88889 -566.66667    0.00000
-366.66667 -566.66667    0.00000
-344.44444 -566.66667    0.00000
-322.22222 -566.66667    0.00000
-300.00000 -566.66667    0.00000
-277.77778 -566.66667    0.00000
-255.55556 -566.66667    0.00000
-233.33333 -566.66667    0.00000
-211.11111 -566.66667    0.00000
-188.88889 -566.66667    0.00000
-166.66667 -566.66667    0.00000
-144.44444 -566.66667    0.00000
-122.22222 -566.66667    0.00000
-100.00000 -566.66667    0.00000
 -77.77778 -566.66667    0.00000
 -55.55556 -566.66667    0.00000
 -33.33333 -566.66667    0.00000
 -11.11111 -566.66667    0.00000
  11.11111 -566.66667    0.00000
  33.33333 -566.66667    0.00000
  55.55556 -566.66667    0.00000
  77.77778 -566.66667    0.00000
 100.00000 -566.66667    0.00000
 122.22222 -566.66667    0.00000
 144.44444 -566.66667    0.00000
 166.66667 -566.66667    0.00000
 188.88889 -566.66667    0.00000
 211.11111 -566.66667    0.00000
 233.33333 -566.66667    0.00000
 255.55556 -566.66667    0.00000
 277.77778 -566.66667    0.00000
 300.00000 -566.66667    0.00000
 322.22222 -566.66667    0.00000
 344.44444 -566.66667    0.00000
 366.66667 -566.66667    0.00000
 388.88889 -566.66667    0.00000
 411.11111 -566.66667    0.00000
 433.33333 -566.66667    0.00000
 455.55556 -566.66667    0.00000
 477.77778 -566.66667    0.00000
 500.00000 -566.66667    0.00000
 522.22222 -566.66667    0.00000
 544.44444 -566.66667    0.00000
 566.66667 -566.66667    0.00000
 588.88889 -566.66667    0.00000
 611.11111 -566.66667    0.00000
 633.33333 -566.66667    0.00000
 655.55556 -566.66667    0.00000
 677.77778 -566.66667    0.00000
 700.00000 -566.66667    0.00000
 722.22222 -566.66667    0.00000
 744.44444 -566.66667    0.00000
 766.66667 -566.66667    0.00000
 788.88889 -566.66667    0.00000
 811.11111 -566.66667    0.00000
 833.33333 -566.66667    0.00000
 855.55556 -566.66667    0.00000
 877.77778 -566.66667    0.00000
 900.00000 -566.66667    0.00000
 922.22222 -566.66667    0.00000
 944.44444 -566.66667    0.00000
 966.66667 -566.66667    0.00000
 988.88889 -566.66667    0.00000
1011.11111 -566.66667    0.00000
1033.33333 -566.66667    0.00000
1055.55556 -566.66667    0.00000
1077.77778 -566.66667    0.00000
1100.00000 -566.66667    0.00000
-1100.00000 -544.44444    0.00000
-1077.77778 -544.44444    0.00000
-1055.55556 -544.44444    0.00000
-1033.33333 -544.44444    0.00000
-1011.11111 -544.44444    0.00000
-988.88889 -544.44444    0.00000
-966.66667 -544.44444    0.00000
-944.44444 -544.44444    0.00000
-922.22222 -544.44444    0.00000
-900.00000 -544.44444    0.00000
-877.77778 -544.44444    0.00000
-855.55556 -544.44444    0.00000
-833.33333 -544.44444    0.00000
-811.11111 -544.44444    0.00000
-788.88889 -544.44444    0.00000
-766.66667 -544.44444    0.00000
-744.44444 -544.44444    0.00000
-722.22222 -544.44444    0.00000
-700.00000 -544.44444    0.00000
-677.77778 -544.44444    0.00000
-655.55556 -544.44444    0.00000
-633.33333 -544.44444    0.00000
-611.11111 -544.44444    0.00000
-588.88889 -544.44444    0.00000
-566.66667 -544.44444    0.00000
-544.44444 -544.44444    0.00000
-522.22222 -544.44444    0.00000
-500.00000 -544.44444    0.00000
-477.77778 -544.44444    0.00000
-455.55556 -544.44444    0.00000
-433.33333 -544.44444    0.00000
-411.11111 -544.44444    0.00000
-388.88889 -544.44444    0.00000
-366.66667 -544.44444    0.00000
-344.44444 -544.44444    0.00000
-322.22222 -544.44444    0.00000
-300.00000 -544.44444    0.00000
-277.77778 -544.44444    0.00000
-255.55556 -544.44444    0.00000
-233.33333 -544.44444    0.00000
-211.11111 -544.44444    0.00000
-188.88889 -544.44444    0.00000
-166.66667 -544.44444    0.00000
-144.44444 -544.44444    0.00000
-122.22222 -544.44444    0.00000
-100.00000 -544.44444    0.00000
 -77.77778 -544.44444    0.00000
 -55.55556 -544.44444    0.00000
 -33.33333 -544.44444    0.00000
 -11.11111 -544.44444    0.00000
  11.11111 -544.44444    0.00000
  33.33333 -544.44444    0.00000
  55.55556 -544.44444    0.00000
  77.77778 -544.44444    0.00000
 100.00000 -544.44444    0.00000
 122.22222 -544.44444    0.00000
 144.44444 -544.44444    0.00000
 166.66667 -544.44444    0.00000
 188.88889 -544.44444    0.00000
 211.11111 -544.44444    0.00000
 233.33333 -544.44444    0.00000
 255.55556 -544.44444    0.00000
 277.77778 -544.44444    0.00000
 300.00000 -544.44444    0.00000
 322.22222 -544.44444    0.00000
 344.44444 -544.44444    0.00000
 366.66667 -544.44444    0.00000
 388.88889 -544.44444    0.00000
 411.11111 -544.44444    0.00000
 433.33333 -544.44444    0.00000
 455.55556 -544.44444    0.00000
 477.77778 -544.44444    0.00000
 500.00000 -544.44444    0.00000
 522.22222 -544.44444    0.00000
 544.44444 -544.44444    0.00000
 566.66667 -544.44444    0.00000
 588.88889 -544.44444    0.00000
 611.11111 -544.44444    0.00000
 633.33333 -544.44444    0.00000
 655.55556 -544.44444    0.00000
 677.77778 -544.44444    0.00000
 700.00000 -544.44444    0.00000
 722.22222 -544.44444    0.00000
 744.44444 -544.44444    0.00000
 766.66667 -544.44444    0.00000
 788.88889 -544.44444    0.00000
 811.11111 -544.44444    0.00000
 833.33333 -544.44444    0.00000
 855.55556 -544.44444    0.00000
 877.77778 -544.44444    0.00000
 900.00000 -544.44444    0.00000
 922.22222 -544.44444    0.00000
 944.44444 -544.44444    0.00000
 966.66667 -544.44444    0.00000
 988.88889 -544.44444    0.00000
1011.11111 -544.44444    0.00000
1033.33333 -544.44444    0.00000
1055.55556 -544.44444    0.00000
1077.77778 -544.44444    0.00000
1100.00000 -544.44444    0.00000
-1100.00000 -522.22222    0.00000
-1077.77778 -522.22222    0.00000
-1055.55556 -522.22222    0.00000
-1033.33333 -522.22222    0.00000
-1011.11111 -522.22222    0.00000
-988.88889 -522.22222    0.00000
-966.66667 -522.22222    0.00000
-944.44444 -522.22222    0.00000
-922.22222 -522.22222    0.00000
-900.00000 -522.22222    0.00000
-877.77778 -522.22222    0.00000
-855.55556 -522.22222    0.00000
-833.33333 -522.22222    0.00000
-811.11111 -522.22222    0.00000
-788.88889 -522.22222    0.00000
-766.66667 -522.22222    0.00000
-744.44444 -522.22222    0.00000
-722.22222 -522.22222    0.00000
-700.00000 -522.22222    0.00000
-677.77778 -522.22222    0.00000
-655.55556 -522.22222    0.00000
-633.33333 -522.22222    0.00000
-611.11111 -522.22222    0.00000
-588.88889 -522.22222    0.00000
-566.66667 -522.22222    0.00000
-544.44444 -522.22222    0.00000
-522.22222 -522.22222    0.00000
-500.00000 -522.22222    0.00000
-477.77778 -522.22222    0.00000
-455.55556 -522.22222    0.00000
-433.33333 -522.22222    0.00000
-411.11111 -522.22222    0.00000
-388.88889 -522.22222    0.00000
-366.66667 -522.22222    0.00000
-344.44444 -522.22222    0.00000
-322.22222 -522.22222    0.00000
-300.00000 -522.22222    0.00000
-277.77778 -522.22222    0.00000
-255.55556 -522.22222    0.00000
-233.33333 -522.22222    0.00000
-211.11111 -522.22222    0.00000
-188.88889 -522.22222    0.00000
-166.66667 -522.22222    0.00000
-144.44444 -522.22222    0.00000
-122.22222 -522.22222    0.00000
-100.00000 -522.22222    0.00000
 -77.77778 -522.22222    0.00000
 -55.55556 -522.22222    0.00000
 -33.33333 -522.22222    0.00000
 -11.11111 -522.22222    0.00000
  11.11111 -522.22222    0.00000
  33.33333 -522.22222    0.00000
  55.55556 -522.22222    0.00000
  77.77778 -522.22222    0.00000
 100.00000 -522.22222    0.00000
 122.22222 -522.22222    0.00000
 144.44444 -522.22222    0.00000
 166.66667 -522.22222    0.00000
 188.88889 -522.22222    0.00000
 211.11111 -522.22222    0.00000
 233.33333 -522.22222    0.00000
 255.55556 -522.22222    0.00000
 277.77778 -522.22222    0.00000
 300.00000 -522.22222    0.00000
 322.22222 -522.22222    0.00000
 344.44444 -522.22222    0.00000
 366.66667 -522.22222    0.00000
 388.88889 -522.22222    0.00000
 411.11111 -522.22222    0.00000
 433.33333 -522.22222    0.00000
 455.55556 -522.22222    0.00000
 477.77778 -522.22222    0.00000
 500.00000 -522.22222    0.00000
 522.22222 -522.22222    0.00000
 544.44444 -522.22222    0.00000
 566.66667 -522.22222    0.00000
 588.88889 -522.22222    0.00000
 611.11111 -522.22222    0.00000
 633.33333 -522.22222    0.00000
 655.55556 -522.22222    0.00000
 677.77778 -522.22222    0.00000
 700.00000 -522.22222    0.00000
 722.22222 -522.22222    0.00000
 744.44444 -522.22222    0.00000
 766.66667 -522.22222    0.00000
 788.88889 -522.22222    0.00000
 811.11111 -522.22222    0.00000
 833.33333 -522.22222    0.00000
 855.55556 -522.22222    0.00000
 877.77778 -522.22222    0.00000
 900.00000 -522.22222    0.00000
 922.22222 -522.22222    0.00000
 944.44444 -522.22222    0.00000
 966.66667 -522.22222    0.00000
 988.88889 -522.22222    0.00000
1011.11111 -522.22222    0.00000
1033.33333 -522.22222    0.00000
1055.55556 -522.22222    0.00000
1077.77778 -522.22222    0.00000
1100.00000 -522.22222    0.00000
-1100.00000 -500.00000    0.00000
-1077.77778 -500.00000    0.00000
-1055.55556 -500.00000    0.00000
-1033.33333 -500.00000    0.00000
-1011.11111 -500.00000    0.00000
-988.88889 -500.00000    0.00000
-966.66667 -500.00000    0.00000
-944.44444 -500.00000    0.00000
-922.22222 -500.00000    0.00000
-900.00000 -500.00000    0.00000
-877.77778 -500.00000    0.00000
-855.55556 -500.00000    0.00000
-833.33333 -500.00000    0.00000
-811.11111 -500.00000    0.00000
-788.88889 -500.00000    0.00000
-766.66667 -500.00000    0.00000
-744.44444 -500.00000    0.00000
-722.22222 -500.00000    0.00000
-700.00000 -500.00000    0.00000
-677.77778 -500.00000    0.00000
-655.55556 -500.00000    0.00000
-633.33333 -500.00000    0.00000
-611.11111 -500.00000    0.00000
-588.88889 -500.00000    0.00000
-566.66667 -500.00000    0.00000
-544.44444 -500.00000    0.00000
-522.22222 -500.00000    0.00000
-500.00000 -500.00000    0.00000
-477.77778 -500.00000    0.00000
-455.55556 -500.00000    0.00000
-433.33333 -500.00000    0.00000
-411.11111 -500.00000    0.00000
-388.88889 -500.00000    0.00000
-366.66667 -500.00000    0.00000
-344.44444 -500.00000    0.00000
-322.22222 -500.00000    0.00000
-300.00000 -500.00000    0.00000
-277.77778 -500.00000    0.00000
-255.55556 -500.00000    0.00000
-233.33333 -500.00000    0.00000
-211.11111 -500.00000    0.00000
-188.88889 -500.00000    0.00000
-166.66667 -500.00000    0.00000
-144.44444 -500.00000    0.00000
-122.22222 -500.00000    0.00000
-100.00000 -500.00000    0.00000
 -77.77778 -500.00000    0.00000
 -55.55556 -500.00000    0.00000
 -33.33333 -500.00000    0.00000
 -11.11111 -500.00000    0.00000
  11.11111 -500.00000    0.00000
  33.33333 -500.00000    0.00000
  55.55556 -500.00000    0.00000
  77.77778 -500.00000    0.00000
 100.00000 -500.00000    0.00000
 122.22222 -500.00000    0.00000
 144.44444 -500.00000    0.00000
 166.66667 -500.00000    0.00000
 188.88889 -500.00000    0.00000
 211.11111 -500.00000    0.00000
 233.33333 -500.00000    0.00000
 255.55556 -500.00000    0.00000
 277.77778 -500.00000    0.00000
 300.00000 -500.00000    0.00000
 322.22222 -500.00000    0.00000
 344.44444 -500.00000    0.00000
 366.66667 -500.00000    0.00000
 388.88889 -500.00000    0.00000
 411.11111 -500.00000    0.00000
 433.33333 -500.00000    0.00000
 455.55556 -500.00000    0.00000
 477.77778 -500.00000    0.00000
 500.00000 -500.00000    0.00000
 522.22222 -500.00000    0.00000
 544.44444 -500.00000    0.00000
 566.66667 -500.00000    0.00000
 588.88889 -500.00000    0.00000
 611.11111 -500.00000    0.00000
 633.33333 -500.00000    0.00000
 655.55556 -500.00000    0.00000
 677.77778 -500.00000    0.00000
 700.00000 -500.00000    0.00000
 722.22222 -500.00000    0.00000
 744.44444 -500.00000    0.00000
 766.66667 -500.00000    0.00000
 788.88889 -500.00000    0.00000
 811.11111 -500.00000    0.00000
 833.33333 -500.00000    0.00000
 855.55556 -500.00000    0.00000
 877.77778 -500.00000    0.00000
 900.00000 -500.00000    0.00000
 922.22222 -500.00000    0.00000
 944.44444 -500.00000    0.00000
 966.66667 -500.00000    0.00000
 988.88889 -500.00000    0.00000
1011.11111 -500.00000    0.00000
1033.33333 -500.00000    0.00000
1055.55556 -500.00000    0.00000
1077.77778 -500.00000    0.00000
1100.00000 -500.00000    0.00000
-1100.00000 -477.77778    0.00000
-1077.77778 -477.77778    0.00000
-1055.55556 -477.77778    0.00000
-1033.33333 -477.77778    0.00000
-1011.11111 -477.77778    0.00000
-988.88889 -477.77778    0.00000
-966.66667 -477.77778    0.00000
-944.44444 -477.77778    0.00000
-922.22222 -477.77778    0.00000
-900.00000 -477.77778    0.00000
-877.77778 -477.77778    0.00000
-855.55556 -477.77778    0.00000
-833.33333 -477.77778    0.00000
-811.11111 -477.77778    0.00000
-788.88889 -477.77778    0.00000
-766.66667 -477.77778    0.00000
-744.44444 -477.77778    0.00000
-722.22222 -477.77778    0.00000
-700.00000 -477.77778    0.00000
-677.77778 -477.77778    0.00000
-655.55556 -477.77778    0.00000
-633.33333 -477.77778    0.00000
-611.11111 -477.77778    0.00000
-588.88889 -477.77778    0.00000
-566.66667 -477.77778    0.00000
-544.44444 -477.77778    0.00000
-522.22222 -477.77778    0.00000
-500.00000 -477.77778    0.00000
-477.77778 -477.77778    0.00000
-455.55556 -477.77778    0.00000
-433.33333 -477.77778    0.00000
-411.11111 -477.77778    0.00000
-388.88889 -477.77778    0.00000
-366.66667 -477.77778    0.00000
-344.44444 -477.77778    0.00000
-322.22222 -477.77778    0.00000
-300.00000 -477.77778    0.00000
-277.77778 -477.77778    0.00000
-255.55556 -477.77778    0.00000
-233.33333 -477.77778    0.00000
-211.11111 -477.77778    0.00000
-188.88889 -477.77778    0.00000
-166.66667 -477.77778    0.00000
-144.44444 -477.77778    0.00000
-122.22222 -477.77778    0.00000
-100.00000 -477.77778    0.00000
 -77.77778 -477.77778    0.00000
 -55.55556 -477.77778    0.00000
 -33.33333 -477.77778    0.00000
 -11.11111 -477.77778    0.00000
  11.11111 -477.77778    0.00000
  33.33333 -477.77778    0.00000
  55.55556 -477.77778    0.00000
  77.77778 -477.77778    0.00000
 100.00000 -477.77778    0.00000
 122.22222 -477.77778    0.00000
 144.44444 -477.77778    0.00000
 166.66667 -477.77778    0.00000
 188.88889 -477.77778    0.00000
 211.11111 -477.77778    0.00000
 233.33333 -477.77778    0.00000
 255.55556 -477.77778    0.00000
 277.77778 -477.77778    0.00000
 300.00000 -477.77778    0.00000
 322.22222 -477.77778    0.00000
 344.44444 -477.77778    0.00000
 366.66667 -477.77778    0.00000
 388.88889 -477.77778    0.00000
 411.11111 -477.77778    0.00000
 433.33333 -477.77778    0.00000
 455.55556 -477.77778    0.00000
 477.77778 -477.77778    0.00000
 500.00000 -477.77778    0.00000
 522.22222 -477.77778    0.00000
 544.44444 -477.77778    0.00000
 566.66667 -477.77778    0.00000
 588.88889 -477.77778    0.00000
 611.11111 -477.77778    0.00000
 633.33333 -477.77778    0.00000
 655.55556 -477.77778    0.00000
 677.77778 -477.77778    0.00000
 700.00000 -477.77778    0.00000
 722.22222 -477.77778    0.00000
 744.44444 -477.77778    0.00000
 766.66667 -477.77778    0.00000
 788.88889 -477.77778    0.00000
 811.11111 -477.77778    0.00000
 833.33333 -477.77778    0.00000
 855.55556 -477.77778    0.00000
 877.77778 -477.77778    0.00000
 900.00000 -477.77778    0.00000
 922.22222 -477.77778    0.00000
 944.44444 -477.77778    0.00000
 966.66667 -477.77778    0.00000
 988.88889 -477.77778    0.00000
1011.11111 -477.77778    0.00000
1033.33333 -477.77778    0.00000
1055.55556 -477.77778    0.00000
1077.77778 -477.77778    0.00000
1100.00000 -477.77778    0.00000
-1100.00000 -455.55556    0.00000
-1077.77778 -455.55556    0.00000
-1055.55556 -455.55556    0.00000
-1033.33333 -455.55556    0.00000
-1011.11111 -455.55556    0.00000
-988.88889 -455.55556    0.00000
-966.66667 -455.55556    0.00000
-944.44444 -455.55556    0.00000
-922.22222 -455.55556    0.00000
-900.00000 -455.55556    0.00000
-877.77778 -455.55556    0.00000
-855.55556 -455.55556    0.00000
-833.33333 -455.55556    0.00000
-811.11111 -455.55556    0.00000
-788.88889 -455.55556    0.00000
-766.66667 -455.55556    0.00000
-744.44444 -455.55556    0.00000
-722.22222 -455.55556    0.00000
-700.00000 -455.55556    0.00000
-677.77778 -455.55556    0.00000
-655.55556 -455.55556    0.00000
-633.33333 -455.55556    0.00000
-611.11111 -455.55556    0.00000
-588.88889 -455.55556    0.00000
-566.66667 -455.55556    0.00000
-544.44444 -455.55556    0.00000
-522.22222 -455.55556    0.00000
-500.00000 -455.55556    0.00000
-477.77778 -455.55556    0.00000
-455.55556 -455.55556    0.00000
-433.33333 -455.55556    0.00000
-411.11111 -455.55556    0.00000
-388.88889 -455.55556    0.00000
-366.66667 -455.55556    0.00000
-344.44444 -455.55556    0.00000
-322.22222 -455.55556    0.00000
-300.00000 -455.55556    0.00000
-277.77778 -455.55556    0.00000
-255.55556 -455.55556    0.00000
-233.33333 -455.55556    0.00000
-211.11111 -455.55556    0.00000
-188.88889 -455.55556    0.00000
-166.66667 -455.55556    0.00000
-144.44444 -455.55556    0.00000
-122.22222 -455.55556    0.00000
-100.00000 -455.55556    0.00000
 -77.77778 -455.55556    0.00000
 -55.55556 -455.55556    0.00000
 -33.33333 -455.55556    0.00000
 -11.11111 -455.55556    0.00000
  11.11111 -455.55556    0.00000
  33.33333 -455.55556    0.00000
  55.55556 -455.55556    0.00000
  77.77778 -455.55556    0.00000
 100.00000 -455.55556    0.00000
 122.22222 -455.55556    0.00000
 144.44444 -455.55556    0.00000
 166.66667 -455.55556    0.00000
 188.88889 -455.55556    0.00000
 211.11111 -455.55556    0.00000
 233.33333 -455.55556    0.00000
 255.55556 -455.55556    0.00000
 277.77778 -455.55556    0.00000
 300.00000 -455.55556    0.00000
 322.22222 -455.55556    0.00000
 344.44444 -455.55556    0.00000
 366.66667 -455.55556    0.00000
 388.88889 -455.55556    0.00000
 411.11111 -455.55556    0.00000
 433.33333 -455.55556    0.00000
 455.55556 -455.55556    0.00000
 477.77778 -455.55556    0.00000
 500.00000 -455.55556    0.00000
 522.22222 -455.55556    0.00000
 544.44444 -455.55556    0.00000
 566.66667 -455.55556    0.00000
 588.88889 -455.55556    0.00000
 611.11111 -455.55556    0.00000
 633.33333 -455.55556    0.00000
 655.55556 -455.55556    0.00000
 677.77778 -455.55556    0.00000
 700.00000 -455.55556    0.00000
 722.22222 -455.55556    0.00000
 744.44444 -455.55556    0.00000
 766.66667 -455.55556    0.00000
 788.88889 -455.55556    0.00000
 811.11111 -455.55556    0.00000
 833.33333 -455.55556    0.00000
 855.55556 -455.55556    0.00000
 877.77778 -455.55556    0.00000
 900.00000 -455.55556    0.00000
 922.22222 -455.55556    0.00000
 944.44444 -455.55556    0.00000
 966.66667 -455.55556    0.00000
 988.88889 -455.55556    0.00000
1011.11111 -455.55556    0.00000
1033.33333 -455.55556    0.00000
1055.55556 -455.55556    0.00000
1077.77778 -455.55556    0.00000
1100.00000 -455.55556    0.00000
-1100.00000 -433.33333    0.00000
-1077.77778 -433.33333    0.00000
-1055.55556 -433.33333    0.00000
-1033.33333 -433.33333    0.00000
-1011.11111 -433.33333    0.00000
-988.88889 -433.33333    0.00000
-966.66667 -433.33333    0.00000
-944.44444 -433.33333    0.00000
-922.22222 -433.33333    0.00000
-900.00000 -433.33333    0.00000
-877.77778 -433.33333    0.00000
-855.55556 -433.33333    0.00000
-833.33333 -433.33333    0.00000
-811.11111 -433.33333    0.00000
-788.88889 -433.33333    0.00000
-766.66667 -433.33333    0.00000
-744.44444 -433.33333    0.00000
-722.22222 -433.33333    0.00000
-700.00000 -433.33333    0.00000
-677.77778 -433.33333    0.00000
-655.55556 -433.33333    0.00000
-633.33333 -433.33333    0.00000
-611.11111 -433.33333    0.00000
-588.88889 -433.33333    0.00000
-566.66667 -433.33333    0.00000
-544.44444 -433.33333    0.00000
-522.22222 -433.33333    0.00000
-500.00000 -433.33333    0.00000
-477.77778 -433.33333    0.00000
-455.55556 -433.33333    0.00000
-433.33333 -433.33333    0.00000
-411.11111 -433.33333    0.00000
-388.88889 -433.33333    0.00000
-366.66667 -433.33333    0.00000
-344.44444 -433.33333    0.00000
-322.22222 -433.33333    0.00000
-300.00000 -433.33333    0.00000
-277.77778 -433.33333    0.00000
-255.55556 -433.33333    0.00000
-233.33333 -433.33333    0.00000
-211.11111 -433.33333    0.00000
-188.88889 -433.33333    0.00000
-166.66667 -433.33333    0.00000
-144.44444 -433.33333    0.00000
-122.22222 -433.33333    0.00000
-100.00000 -433.33333    0.00000
 -77.77778 -433.33333    0.00000
 -55.55556 -433.33333    0.00000
 -33.33333 -433.33333    0.00000
 -11.11111 -433.33333    0.00000
  11.11111 -433.33333    0.00000
  33.33333 -433.33333    0.00000
  55.55556 -433.33333    0.00000
  77.77778 -433.33333    0.00000
 100.00000 -433.33333    0.00000
 122.22222 -433.33333    0.00000
 144.44444 -433.33333    0.00000
 166.66667 -433.33333    0.00000
 188.88889 -433.33333    0.00000
 211.11111 -433.33333    0.00000
 233.33333 -433.33333    0.00000
 255.55556 -433.33333    0.00000
 277.77778 -433.33333    0.00000
 300.00000 -433.33333    0.00000
 322.22222 -433.33333    0.00000
 344.44444 -433.33333    0.00000
 366.66667 -433.33333    0.00000
 388.88889 -433.33333    0.00000
 411.11111 -433.33333    0.00000
 433.33333 -433.33333    0.00000
 455.55556 -433.33333    0.00000
 477.77778 -433.33333    0.00000
 500.00000 -433.33333    0.00000
 522.22222 -433.33333    0.00000
 544.44444 -433.33333    0.00000
 566.66667 -433.33333    0.00000
 588.88889 -433.33333    0.00000
 611.11111 -433.33333    0.00000
 633.33333 -433.33333    0.00000
 655.55556 -433.33333    0.00000
 677.77778 -433.33333    0.00000
 700.00000 -433.33333    0.00000
 722.22222 -433.33333    0.00000
 744.44444 -433.33333    0.00000
 766.66667 -433.33333    0.00000
 788.88889 -433.33333    0.00000
 811.11111 -433.33333    0.00000
 833.33333 -433.33333    0.00000
 855.55556 -433.33333    0.00000
 877.77778 -433.33333    0.00000
 900.00000 -433.33333    0.00000
 922.22222 -433.33333    0.00000
 944.44444 -433.33333    0.00000
 966.66667 -433.33333    0.00000
 988.88889 -433.33333    0.00000
1011.11111 -433.33333    0.00000
1033.33333 -433.33333    0.00000
1055.55556 -433.33333    0.00000
1077.77778 -433.33333    0.00000
1100.00000 -433.33333    0.00000
-1100.00000 -411.11111    0.00000
-1077.77778 -411.11111    0.00000
-1055.55556 -411.11111    0.00000
-1033.33333 -411.11111    0.00000
-1011.11111 -411.11111    0.00000
-988.88889 -411.11111    0.00000
-966.66667 -411.11111    0.00000
-944.44444 -411.11111    0.00000
-922.22222 -411.11111    0.00000
-900.00000 -411.11111    0.00000
-877.77778 -411.11111    0.00000
-855.55556 -411.11111    0.00000
-833.33333 -411.11111    0.00000
-811.11111 -411.11111    0.00000
-788.88889 -411.11111    0.00000
-766.66667 -411.11111    0.00000
-744.44444 -411.11111    0.00000
-722.22222 -411.11111    0.00000
-700.00000 -411.11111    0.00000
-677.77778 -411.11111    0.00000
-655.55556 -411.11111    0.00000
-633.33333 -411.11111    0.00000
-611.11111 -411.11111    0.00000
-588.88889 -411.11111    0.00000
-566.66667 -411.11111    0.00000
-544.44444 -411.11111    0.00000
-522.22222 -411.11111    0.00000
-500.00000 -411.11111    0.00000
-477.77778 -411.11111    0.00000
-455.55556 -411.11111    0.00000
-433.33333 -411.11111    0.00000
-411.11111 -411.11111    0.00000
-388.88889 -411.11111    0.00000
-366.66667 -411.11111    0.00000
-344.44444 -411.11111    0.00000
-322.22222 -411.11111    0.00000
-300.00000 -411.11111    0.00000
-277.77778 -411.11111    0.00000
-255.55556 -411.11111    0.00000
-233.33333 -411.11111    0.00000
-211.11111 -411.11111    0.00000
-188.88889 -411.11111    0.00000
-166.66667 -411.11111    0.00000
-144.44444 -411.11111    0.00000
-122.22222 -411.11111    0.00000
-100.00000 -411.11111    0.00000
 -77.77778 -411.11111    0.00000
 -55.55556 -411.11111    0.00000
 -33.33333 -411.11111    0.00000
 -11.11111 -411.11111    0.00000
  11.11111 -411.11111    0.00000
  33.33333 -411.11111    0.00000
  55.55556 -411.11111    0.00000
  77.77778 -411.11111    0.00000
 100.00000 -411.11111    0.00000
 122.22222 -411.11111    0.00000
 144.44444 -411.11111    0.00000
 166.66667 -411.11111    0.00000
 188.88889 -411.11111    0.00000
 211.11111 -411.11111    0.00000
 233.33333 -411.11111    0.00000
 255.55556 -411.11111    0.00000
 277.77778 -411.11111    0.00000
 300.00000 -411.11111    0.00000
 322.22222 -411.11111    0.00000
 344.44444 -411.11111    0.00000
 366.66667 -411.11111    0.00000
 388.88889 -411.11111    0.00000
 411.11111 -411.11111    0.00000
 433.33333 -411.11111    0.00000
 455.55556 -411.11111    0.00000
 477.77778 -411.11111    0.00000
 500.00000 -411.11111    0.00000
 522.22222 -411.11111    0.00000
 544.44444 -411.11111    0.00000
 566.66667 -411.11111    0.00000
 588.88889 -411.11111    0.00000
 611.11111 -411.11111    0.00000
 633.33333 -411.11111    0.00000
 655.55556 -411.11111    0.00000
 677.77778 -411.11111    0.00000
 700.00000 -411.11111    0.00000
 722.22222 -411.11111    0.00000
 744.44444 -411.11111    0.00000
 766.66667 -411.11111    0.00000
 788.88889 -411.11111    0.00000
 811.11111 -411.11111    0.00000
 833.33333 -411.11111    0.00000
 855.55556 -411.11111    0.00000
 877.77778 -411.11111    0.00000
 900.00000 -411.11111    0.00000
 922.22222 -411.11111    0.00000
 944.44444 -411.11111    0.00000
 966.66667 -411.11111    0.00000
 988.88889 -411.11111    0.00000
1011.11111 -411.11111    0.00000
1033.33333 -411.11111    0.00000
1055.55556 -411.11111    0.00000
1077.77778 -411.11111    0.00000
1100.00000 -411.11111    0.00000
-1100.00000 -388.88889    0.00000
-1077.77778 -388.88889    0.00000
-1055.55556 -388.88889    0.00000
-1033.33333 -388.88889    0.00000
-1011.11111 -388.88889    0.00000
-988.88889 -388.88889    0.00000
-966.66667 -388.88889    0.00000
-944.44444 -388.88889    0.00000
-922.22222 -388.88889    0.00000
-900.00000 -388.88889    0.00000
-877.77778 -388.88889    0.00000
-855.55556 -388.88889    0.00000
-833.33333 -388.88889    0.00000
-811.11111 -388.88889    0.00000
-788.88889 -388.88889    0.00000
-766.66667 -388.88889    0.00000
-744.44444 -388.88889    0.00000
-722.22222 -388.88889    0.00000
-700.00000 -388.88889    0.00000
-677.77778 -388.88889    0.00000
-655.55556 -388.88889    0.00000
-633.33333 -388.88889    0.00000
-611.11111 -388.88889    0.00000
-588.88889 -388.88889    0.00000
-566.66667 -388.88889    0.00000
-544.44444 -388.88889    0.00000
-522.22222 -388.88889    0.00000
-500.00000 -388.88889    0.00000
-477.77778 -388.88889    0.00000
-455.55556 -388.88889    0.00000
-433.33333 -388.88889    0.00000
-411.11111 -388.88889    0.00000
-388.88889 -388.88889    0.00000
-366.66667 -388.88889    0.00000
-344.44444 -388.88889    0.00000
-322.22222 -388.88889    0.00000
-300.00000 -388.88889    0.00000
-277.77778 -388.88889    0.00000
-255.55556 -388.88889    0.00000
-233.33333 -388.88889    0.00000
-211.11111 -388.88889    0.00000
-188.88889 -388.88889    0.00000
-166.66667 -388.88889    0.00000
-144.44444 -388.88889    0.00000
-122.22222 -388.88889    0.00000
-100.00000 -388.88889    0.00000
 -77.77778 -388.88889    0.00000
 -55.55556 -388.88889    0.00000
 -33.33333 -388.88889    0.00000
 -11.11111 -388.88889    0.00000
  11.11111 -388.88889    0.00000
  33.33333 -388.88889    0.00000
  55.55556 -388.88889    0.00000
  77.77778 -388.88889    0.00000
 100.00000 -388.88889    0.00000
 122.22222 -388.88889    0.00000
 144.44444 -388.88889    0.00000
 166.66667 -388.88889    0.00000
 188.88889 -388.88889    0.00000
 211.11111 -388.88889    0.00000
 233.33333 -388.88889    0.00000
 255.55556 -388.88889    0.00000
 277.77778 -388.88889    0.00000
 300.00000 -388.88889    0.00000
 322.22222 -388.88889    0.00000
 344.44444 -388.88889    0.00000
 366.66667 -388.88889    0.00000
 388.88889 -388.88889    0.00000
 411.11111 -388.88889    0.00000
 433.33333 -388.88889    0.00000
 455.55556 -388.88889    0.00000
 477.77778 -388.88889    0.00000
 500.00000 -388.88889    0.00000
 522.22222 -388.88889    0.00000
 544.44444 -388.88889    0.00000
 566.66667 -388.88889    0.00000
 588.88889 -388.88889    0.00000
 611.11111 -388.88889    0.00000
 633.33333 -388.88889    0.00000
 655.55556 -388.88889    0.00000
 677.77778 -388.88889    0.00000
 700.00000 -388.88889    0.00000
 722.22222 -388.88889    0.00000
 744.44444 -388.88889    0.00000
 766.66667 -388.88889    0.00000
 788.88889 -388.88889    0.00000
 811.11111 -388.88889    0.00000
 833.33333 -388.88889    0.00000
 855.55556 -388.88889    0.00000
 877.77778 -388.88889    0.00000
 900.00000 -388.88889    0.00000
 922.22222 -388.88889    0.00000
 944.44444 -388.88889    0.00000
 966.66667 -388.88889    0.00000
 988.88889 -388.88889    0.00000
1011.11111 -388.88889    0.00000
1033.33333 -388.88889    0.00000
1055.55556 -388.88889    0.00000
1077.77778 -388.88889    0.00000
1100.00000 -388.88889    0.00000
-1100.00000 -366.66667    0.00000
-1077.77778 -366.66667    0.00000
-1055.55556 -366.66667    0.00000
-1033.33333 -366.66667    0.00000
-1011.11111 -366.66667    0.00000
-988.88889 -366.66667    0.00000
-966.66667 -366.66667    0.00000
-944.44444 -366.66667    0.00000
-922.22222 -366.66667    0.00000
-900.00000 -366.66667    0.00000
-877.77778 -366.66667    0.00000
-855.55556 -366.66667    0.00000
-833.33333 -366.66667    0.00000
-811.11111 -366.66667    0.00000
-788.88889 -366.66667    0.00000
-766.66667 -366.66667    0.00000
-744.44444 -366.66667    0.00000
-722.22222 -366.66667    0.00000
-700.00000 -366.66667    0.00000
-677.77778 -366.66667    0.00000
-655.55556 -366.66667    0.00000
-633.33333 -366.66667    0.00000
-611.11111 -366.66667    0.00000
-588.88889 -366.66667    0.00000
-566.66667 -366.66667    0.00000
-544.44444 -366.66667    0.00000
-522.22222 -366.66667    0.00000
-500.00000 -366.66667    0.00000
-477.77778 -366.66667    0.00000
-455.55556 -366.66667    0.00000
-433.33333 -366.66667    0.00000
-411.11111 -366.66667    0.00000
-388.88889 -366.66667    0.00000
-366.66667 -366.66667    0.00000
-344.44444 -366.66667    0.00000
-322.22222 -366.66667    0.00000
-300.00000 -366.66667    0.00000
-277.77778 -366.66667    0.00000
-255.55556 -366.66667    0.00000
-233.33333 -366.66667    0.00000
-211.11111 -366.66667    0.00000
-188.88889 -366.66667    0.00000
-166.66667 -366.66667    0.00000
-144.44444 -366.66667    0.00000
-122.22222 -366.66667    0.00000
-100.00000 -366.66667    0.00000
 -77.77778 -366.66667    0.00000
 -55.55556 -366.66667    0.00000
 -33.33333 -366.66667    0.00000
 -11.11111 -366.66667    0.00000
  11.11111 -366.66667    0.00000
  33.33333 -366.66667    0.00000
  55.55556 -366.66667    0.00000
  77.77778 -366.66667    0.00000
 100.00000 -366.66667    0.00000
 122.22222 -366.66667    0.00000
 144.44444 -366.66667    0.00000
 166.66667 -366.66667    0.00000
 188.88889 -366.66667    0.00000
 211.11111 -366.66667    0.00000
 233.33333 -366.66667    0.00000
 255.55556 -366.66667    0.00000
 277.77778 -366.66667    0.00000
 300.00000 -366.66667    0.00000
 322.22222 -366.66667    0.00000
 344.44444 -366.66667    0.00000
 366.66667 -366.66667    0.00000
 388.88889 -366.66667    0.00000
 411.11111 -366.66667    0.00000
 433.33333 -366.66667    0.00000
 455.55556 -366.66667    0.00000
 477.77778 -366.66667    0.00000
 500.00000 -366.66667    0.00000
 522.22222 -366.66667    0.00000
 544.44444 -366.66667    0.00000
 566.66667 -366.66667    0.00000
 588.88889 -366.66667    0.00000
 611.11111 -366.66667    0.00000
 633.33333 -366.66667    0.00000
 655.55556 -366.66667    0.00000
 677.77778 -366.66667    0.00000
 700.00000 -366.66667    0.00000
 722.22222 -366.66667    0.00000
 744.44444 -366.66667    0.00000
 766.66667 -366.66667    0.00000
 788.88889 -366.66667    0.00000
 811.11111 -366.66667    0.00000
 833.33333 -366.66667    0.00000
 855.55556 -366.66667    0.00000
 877.77778 -366.66667    0.00000
 900.00000 -366.66667    0.00000
 922.22222 -366.66667    0.00000
 944.44444 -366.66667    0.00000
 966.66667 -366.66667    0.00000
 988.88889 -366.66667    0.00000
1011.11111 -366.66667    0.00000
1033.33333 -366.66667    0.00000
1055.55556 -366.66667    0.00000
1077.77778 -366.66667    0.00000
1100.00000 -366.66667    0.00000
-1100.00000 -344.44444    0.00000
-1077.77778 -344.44444    0.00000
-1055.55556 -344.44444    0.00000
-1033.33333 -344.44444    0.00000
-1011.11111 -344.44444    0.00000
-988.88889 -344.44444    0.00000
-966.66667 -344.44444    0.00000
-944.44444 -344.44444    0.00000
-922.22222 -344.44444    0.00000
-900.00000 -344.44444    0.00000
-877.77778 -344.44444    0.00000
-855.55556 -344.44444    0.00000
-833.33333 -344.44444    0.00000
-811.11111 -344.44444    0.00000
-788.88889 -344.44444    0.00000
-766.66667 -344.44444    0.00000
-744.44444 -344.44444    0.00000
-722.22222 -344.44444    0.00000
-700.00000 -344.44444    0.00000
-677.77778 -344.44444    0.00000
-655.55556 -344.44444    0.00000
-633.33333 -344.44444    0.00000
-611.11111 -344.44444    0.00000
-588.88889 -344.44444    0.00000
-566.66667 -344.44444    0.00000
-544.44444 -344.44444    0.00000
-522.22222 -344.44444    0.00000
-500.00000 -344.44444    0.00000
-477.77778 -344.44444    0.00000
-455.55556 -344.44444    0.00000
-433.33333 -344.44444    0.00000
-411.11111 -344.44444    0.00000
-388.88889 -344.44444    0.00000
-366.66667 -344.44444    0.00000
-344.44444 -344.44444    0.00000
-322.22222 -344.44444    0.00000
-300.00000 -344.44444    0.00000
-277.77778 -344.44444    0.00000
-255.55556 -344.44444    0.00000
-233.33333 -344.44444    0.00000
-211.11111 -344.44444    0.00000
-188.88889 -344.44444    0.00000
-166.66667 -344.44444    0.00000
-144.44444 -344.44444    0.00000
-122.22222 -344.44444    0.00000
-100.00000 -344.44444    0.00000
 -77.77778 -344.44444    0.00000
 -55.55556 -344.44444    0.00000
 -33.33333 -344.44444    0.00000
 -11.11111 -344.44444    0.00000
  11.11111 -344.44444    0.00000
  33.33333 -344.44444    0.00000
  55.55556 -344.44444    0.00000
  77.77778 -344.44444    0.00000
 100.00000 -344.44444    0.00000
 122.22222 -344.44444    0.00000
 144.44444 -344.44444    0.00000
 166.66667 -344.44444    0.00000
 188.88889 -344.44444    0.00000
 211.11111 -344.44444    0.00000
 233.33333 -344.44444    0.00000
 255.55556 -344.44444    0.00000
 277.77778 -344.44444    0.00000
 300.00000 -344.44444    0.00000
 322.22222 -344.44444    0.00000
 344.44444 -344.44444    0.00000
 366.66667 -344.44444    0.00000
 388.88889 -344.44444    0.00000
 411.11111 -344.44444    0.00000
 433.33333 -344.44444    0.00000
 455.55556 -344.44444    0.00000
 477.77778 -344.44444    0.00000
 500.00000 -344.44444    0.00000
 522.22222 -344.44444    0.00000
 544.44444 -344.44444    0.00000
 566.66667 -344.44444    0.00000
 588.88889 -344.44444    0.00000
 611.11111 -344.44444    0.00000
 633.33333 -344.44444    0.00000
 655.55556 -344.44444    0.00000
 677.77778 -344.44444    0.00000
 700.00000 -344.44444    0.00000
 722.22222 -344.44444    0.00000
 744.44444 -344.44444    0.00000
 766.66667 -344.44444    0.00000
 788.88889 -344.44444    0.00000
 811.11111 -344.44444    0.00000
 833.33333 -344.44444    0.00000
 855.55556 -344.44444    0.00000
 877.77778 -344.44444    0.00000
 900.00000 -344.44444    0.00000
 922.22222 -344.44444    0.00000
 944.44444 -344.44444    0.00000
 966.66667 -344.44444    0.00000
 988.88889 -344.44444    0.00000
1011.11111 -344.44444    0.00000
1033.33333 -344.44444    0.00000
1055.55556 -344.44444    0.00000
1077.77778 -344.44444    0.00000
1100.00000 -344.44444    0.00000
-1100.00000 -322.22222    0.00000
-1077.77778 -322.22222    0.00000
-1055.55556 -322.22222    0.00000
-1033.33333 -322.22222    0.00000
-1011.11111 -322.22222    0.00000
-988.88889 -322.22222    0.00000
-966.66667 -322.22222    0.00000
-944.44444 -322.22222    0.00000
-922.22222 -322.22222    0.00000
-900.00000 -322.22222    0.00000
-877.77778 -322.22222    0.00000
-855.55556 -322.22222    0.00000
-833.33333 -322.22222    0.00000
-811.11111 -322.22222    0.00000
-788.88889 -322.22222    0.00000
-766.66667 -322.22222    0.00000
-744.44444 -322.22222    0.00000
-722.22222 -322.22222    0.00000
-700.00000 -322.22222    0.00000
-677.77778 -322.22222    0.00000
-655.55556 -322.22222    0.00000
-633.33333 -322.22222    0.00000
-611.11111 -322.22222    0.00000
-588.88889 -322.22222    0.00000
-566.66667 -322.22222    0.00000
-544.44444 -322.22222    0.00000
-522.22222 -322.22222    0.00000
-500.00000 -322.22222    0.00000
-477.77778 -322.22222    0.00000
-455.55556 -322.22222    0.00000
-433.33333 -322.22222    0.00000
-411.11111 -322.22222    0.00000
-388.88889 -322.22222    0.00000
-366.66667 -322.22222    0.00000
-344.44444 -322.22222    0.00000
-322.22222 -322.22222    0.00000
-300.00000 -322.22222    0.00000
-277.77778 -322.22222    0.00000
-255.55556 -322.22222    0.00000
-233.33333 -322.22222    0.00000
-211.11111 -322.22222    0.00000
-188.88889 -322.22222    0.00000
-166.66667 -322.22222    0.00000
-144.44444 -322.22222    0.00000
-122.22222 -322.22222    0.00000
-100.00000 -322.22222    0.00000
 -77.77778 -322.22222    0.00000
 -55.55556 -322.22222    0.00000
 -33.33333 -322.22222    0.00000
 -11.11111 -322.22222    0.00000
  11.11111 -322.22222    0.00000
  33.33333 -322.22222    0.00000
  55.55556 -322.22222    0.00000
  77.77778 -322.22222    0.00000
 100.00000 -322.22222    0.00000
 122.22222 -322.22222    0.00000
 144.44444 -322.22222    0.00000
 166.66667 -322.22222    0.00000
 188.88889 -322.22222    0.00000
 211.11111 -322.22222    0.00000
 233.33333 -322.22222    0.00000
 255.55556 -322.22222    0.00000
 277.77778 -322.22222    0.00000
 300.00000 -322.22222    0.00000
 322.22222 -322.22222    0.00000
 344.44444 -322.22222    0.00000
 366.66667 -322.22222    0.00000
 388.88889 -322.22222    0.00000
 411.11111 -322.22222    0.00000
 433.33333 -322.22222    0.00000
 455.55556 -322.22222    0.00000
 477.77778 -322.22222    0.00000
 500.00000 -322.22222    0.00000
 522.22222 -322.22222    0.00000
 544.44444 -322.22222    0.00000
 566.66667 -322.22222    0.00000
 588.88889 -322.22222    0.00000
 611.11111 -322.22222    0.00000
 633.33333 -322.22222    0.00000
 655.55556 -322.22222    0.00000
 677.77778 -322.22222    0.00000
 700.00000 -322.22222    0.00000
 722.22222 -322.22222    0.00000
 744.44444 -322.22222    0.00000
 766.66667 -322.22222    0.00000
 788.88889 -322.22222    0.00000
 811.11111 -322.22222    0.00000
 833.33333 -322.22222    0.00000
 855.55556 -322.22222    0.00000
 877.77778 -322.22222    0.00000
 900.00000 -322.22222    0.00000
 922.22222 -322.22222    0.00000
 944.44444 -322.22222    0.00000
 966.66667 -322.22222    0.00000
 988.88889 -322.22222    0.00000
1011.11111 -322.22222    0.00000
1033.33333 -322.22222    0.00000
1055.55556 -322.22222    0.00000
1077.77778 -322.22222    0.00000
1100.00000 -322.22222    0.00000
-1100.00000 -300.00000    0.00000
-1077.77778 -300.00000    0.00000
-1055.55556 -300.00000    0.00000
-1033.33333 -300.00000    0.00000
-1011.11111 -300.00000    0.00000
-988.88889 -300.00000    0.00000
-966.66667 -300.00000    0.00000
-944.44444 -300.00000    0.00000
-922.22222 -300.00000    0.00000
-900.00000 -300.00000    0.00000
-877.77778 -300.00000    0.00000
-855.55556 -300.00000    0.00000
-833.33333 -300.00000    0.00000
-811.11111 -300.00000    0.00000
-788.88889 -300.00000    0.00000
-766.66667 -300.00000    0.00000
-744.44444 -300.00000    0.00000
-722.22222 -300.00000    0.00000
-700.00000 -300.00000    0.00000
-677.77778 -300.00000    0.00000
-655.55556 -300.00000    0.00000
-633.33333 -300.00000    0.00000
-611.11111 -300.00000    0.00000
-588.88889 -300.00000    0.00000
-566.66667 -300.00000    0.00000
-544.44444 -300.00000    0.00000
-522.22222 -300.00000    0.00000
-500.00000 -300.00000    0.00000
-477.77778 -300.00000    0.00000
-455.55556 -300.00000    0.00000
-433.33333 -300.00000    0.00000
-411.11111 -300.00000    0.00000
-388.88889 -300.00000    0.00000
-366.66667 -300.00000    0.00000
-344.44444 -300.00000    0.00000
-322.22222 -300.00000    0.00000
-300.00000 -300.00000    0.00000
-277.77778 -300.00000    0.00000
-255.55556 -300.00000    0.00000
-233.33333 -300.00000    0.00000
-211.11111 -300.00000    0.00000
-188.88889 -300.00000    0.00000
-166.66667 -300.00000    0.00000
-144.44444 -300.00000    0.00000
-122.22222 -300.00000    0.00000
-100.00000 -300.00000    0.00000
 -77.77778 -300.00000    0.00000
 -55.55556 -300.00000    0.00000
 -33.33333 -300.00000    0.00000
 -11.11111 -300.00000    0.00000
  11.11111 -300.00000    0.00000
  33.33333 -300.00000    0.00000
  55.55556 -300.00000    0.00000
  77.77778 -300.00000    0.00000
 100.00000 -300.00000    0.00000
 122.22222 -300.00000    0.00000
 144.44444 -300.00000    0.00000
 166.66667 -300.00000    0.00000
 188.88889 -300.00000    0.00000
 211.11111 -300.00000    0.00000
 233.33333 -300.00000    0.00000
 255.55556 -300.00000    0.00000
 277.77778 -300.00000    0.00000
 300.00000 -300.00000    0.00000
 322.22222 -300.00000    0.00000
 344.44444 -300.00000    0.00000
 366.66667 -300.00000    0.00000
 388.88889 -300.00000    0.00000
 411.11111 -300.00000    0.00000
 433.33333 -300.00000    0.00000
 455.55556 -300.00000    0.00000
 477.77778 -300.00000    0.00000
 500.00000 -300.00000    0.00000
 522.22222 -300.00000    0.00000
 544.44444 -300.00000    0.00000
 566.66667 -300.00000    0.00000
 588.88889 -300.00000    0.00000
 611.11111 -300.00000    0.00000
 633.33333 -300.00000    0.00000
 655.55556 -300.00000    0.00000
 677.77778 -300.00000    0.00000
 700.00000 -300.00000    0.00000
 722.22222 -300.00000    0.00000
 744.44444 -300.00000    0.00000
 766.66667 -300.00000    0.00000
 788.88889 -300.00000    0.00000
 811.11111 -300.00000    0.00000
 833.33333 -300.00000    0.00000
 855.55556 -300.00000    0.00000
 877.77778 -300.00000    0.00000
 900.00000 -300.00000    0.00000
 922.22222 -300.00000    0.00000
 944.44444 -300.00000    0.00000
 966.66667 -300.00000    0.00000
 988.88889 -300.00000    0.00000
1011.11111 -300.00000    0.00000
1033.33333 -300.00000    0.00000
1055.55556 -300.00000    0.00000
1077.77778 -300.00000    0.00000
1100.00000 -300.00000    0.00000
-1100.00000 -277.77778    0.00000
-1077.77778 -277.77778    0.00000
-1055.55556 -277.77778    0.00000
-1033.33333 -277.77778    0.00000
-1011.11111 -277.77778    0.00000
-988.88889 -277.77778    0.00000
-966.66667 -277.77778    0.00000
-944.44444 -277.77778    0.00000
-922.22222 -277.77778    0.00000
-900.00000 -277.77778    0.00000
-877.77778 -277.77778    0.00000
-855.55556 -277.77778    0.00000
-833.33333 -277.77778    0.00000
-811.11111 -277.77778    0.00000
-788.88889 -277.77778    0.00000
-766.66667 -277.77778    0.00000
-744.44444 -277.77778    0.00000
-722.22222 -277.77778    0.00000
-700.00000 -277.77778    0.00000
-677.77778 -277.77778    0.00000
-655.55556 -277.77778    0.00000
-633.33333 -277.77778    0.00000
-611.11111 -277.77778    0.00000
-588.88889 -277.77778    0.00000
-566.66667 -277.77778    0.00000
-544.44444 -277.77778    0.00000
-522.22222 -277.77778    0.00000
-500.00000 -277.77778    0.00000
-477.77778 -277.77778    0.00000
-455.55556 -277.77778    0.00000
-433.33333 -277.77778    0.00000
-411.11111 -277.77778    0.00000
-388.88889 -277.77778    0.00000
-366.66667 -277.77778    0.00000
-344.44444 -277.77778    0.00000
-322.22222 -277.77778    0.00000
-300.00000 -277.77778    0.00000
-277.77778 -277.77778    0.00000
-255.55556 -277.77778    0.00000
-233.33333 -277.77778    0.00000
-211.11111 -277.77778    0.00000
-188.88889 -277.77778    0.00000
-166.66667 -277.77778    0.00000
-144.44444 -277.77778    0.00000
-122.22222 -277.77778    0.00000
-100.00000 -277.77778    0.00000
 -77.77778 -277.77778    0.00000
 -55.55556 -277.77778    0.00000
 -33.33333 -277.77778    0.00000
 -11.11111 -277.77778    0.00000
  11.11111 -277.77778    0.00000
  33.33333 -277.77778    0.00000
  55.55556 -277.77778    0.00000
  77.77778 -277.77778    0.00000
 100.00000 -277.77778    0.00000
 122.22222 -277.77778    0.00000
 144.44444 -277.77778    0.00000
 166.66667 -277.77778    0.00000
 188.88889 -277.77778    0.00000
 211.11111 -277.77778    0.00000
 233.33333 -277.77778    0.00000
 255.55556 -277.77778    0.00000
 277.77778 -277.77778    0.00000
 300.00000 -277.77778    0.00000
 322.22222 -277.77778    0.00000
 344.44444 -277.77778    0.00000
 366.66667 -277.77778    0.00000
 388.88889 -277.77778    0.00000
 411.11111 -277.77778    0.00000
 433.33333 -277.77778    0.00000
 455.55556 -277.77778    0.00000
 477.77778 -277.77778    0.00000
 500.00000 -277.77778    0.00000
 522.22222 -277.77778    0.00000
 544.44444 -277.77778    0.00000
 566.66667 -277.77778    0.00000
 588.88889 -277.77778    0.00000
 611.11111 -277.77778    0.00000
 633.33333 -277.77778    0.00000
 655.55556 -277.77778    0.00000
 677.77778 -277.77778    0.00000
 700.00000 -277.77778    0.00000
 722.22222 -277.77778    0.00000
 744.44444 -277.77778    0.00000
 766.66667 -277.77778    0.00000
 788.88889 -277.77778    0.00000
 811.11111 -277.77778    0.00000
 833.33333 -277.77778    0.00000
 855.55556 -277.77778    0.00000
 877.77778 -277.77778    0.00000
 900.00000 -277.77778    0.00000
 922.22222 -277.77778    0.00000
 944.44444 -277.77778    0.00000
 966.66667 -277.77778    0.00000
 988.88889 -277.77778    0.00000
1011.11111 -277.77778    0.00000
1033.33333 -277.77778    0.00000
1055.55556 -277.77778    0.00000
1077.77778 -277.77778    0.00000
1100.00000 -277.77778    0.00000
-1100.00000 -255.55556    0.00000
-1077.77778 -255.55556    0.00000
-1055.55556 -255.55556    0.00000
-1033.33333 -255.55556    0.00000
-1011.11111 -255.55556    0.00000
-988.88889 -255.55556    0.00000
-966.66667 -255.55556    0.00000
-944.44444 -255.55556    0.00000
-922.22222 -255.55556    0.00000
-900.00000 -255.55556    0.00000
-877.77778 -255.55556    0.00000
-855.55556 -255.55556    0.00000
-833.33333 -255.55556    0.00000
-811.11111 -255.55556    0.00000
-788.88889 -255.55556    0.00000
-766.66667 -255.55556    0.00000
-744.44444 -255.55556    0.00000
-722.22222 -255.55556    0.00000
-700.00000 -255.55556    0.00000
-677.77778 -255.55556    0.00000
-655.55556 -255.55556    0.00000
-633.33333 -255.55556    0.00000
-611.11111 -255.55556    0.00000
-588.88889 -255.55556    0.00000
-566.66667 -255.55556    0.00000
-544.44444 -255.55556    0.00000
-522.22222 -255.55556    0.00000
-500.00000 -255.55556    0.00000
-477.77778 -255.55556    0.00000
-455.55556 -255.55556    0.00000
-433.33333 -255.55556    0.00000
-411.11111 -255.55556    0.00000
-388.88889 -255.55556    0.00000
-366.66667 -255.55556    0.00000
-344.44444 -255.55556    0.00000
-322.22222 -255.55556    0.00000
-300.00000 -255.55556    0.00000
-277.77778 -255.55556    0.00000
-255.55556 -255.55556    0.00000
-233.33333 -255.55556    0.00000
-211.11111 -255.55556    0.00000
-188.88889 -255.55556    0.00000
-166.66667 -255.55556    0.00000
-144.44444 -255.55556    0.00000
-122.22222 -255.55556    0.00000
-100.00000 -255.55556    0.00000
 -77.77778 -255.55556    0.00000
 -55.55556 -255.55556    0.00000
 -33.33333 -255.55556    0.00000
 -11.11111 -255.55556    0.00000
  11.11111 -255.55556    0.00000
  33.33333 -255.55556    0.00000
  55.55556 -255.55556    0.00000
  77.77778 -255.55556    0.00000
 100.00000 -255.55556    0.00000
 122.22222 -255.55556    0.00000
 144.44444 -255.55556    0.00000
 166.66667 -255.55556    0.00000
 188.88889 -255.55556    0.00000
 211.11111 -255.55556    0.00000
 233.33333 -255.55556    0.00000
 255.55556 -255.55556    0.00000
 277.77778 -255.55556    0.00000
 300.00000 -255.55556    0.00000
 322.22222 -255.55556    0.00000
 344.44444 -255.55556    0.00000
 366.66667 -255.55556    0.00000
 388.88889 -255.55556    0.00000
 411.11111 -255.55556    0.00000
 433.33333 -255.55556    0.00000
 455.55556 -255.55556    0.00000
 477.77778 -255.55556    0.00000
 500.00000 -255.55556    0.00000
 522.22222 -255.55556    0.00000
 544.44444 -255.55556    0.00000
 566.66667 -255.55556    0.00000
 588.88889 -255.55556    0.00000
 611.11111 -255.55556    0.00000
 633.33333 -255.55556    0.00000
 655.55556 -255.55556    0.00000
 677.77778 -255.55556    0.00000
 700.00000 -255.55556    0.00000
 722.22222 -255.55556    0.00000
 744.44444 -255.55556    0.00000
 766.66667 -255.55556    0.00000
 788.88889 -255.55556    0.00000
 811.11111 -255.55556    0.00000
 833.33333 -255.55556    0.00000
 855.55556 -255.55556    0.00000
 877.77778 -255.55556    0.00000
 900.00000 -255.55556    0.00000
 922.22222 -255.55556    0.00000
 944.44444 -255.55556    0.00000
 966.66667 -255.55556    0.00000
 988.88889 -255.55556    0.00000
1011.11111 -255.55556    0.00000
1033.33333 -255.55556    0.00000
1055.55556 -255.55556    0.00000
1077.77778 -255.55556    0.00000
1100.00000 -255.55556    0.00000
-1100.00000 -233.33333    0.00000
-1077.77778 -233.33333    0.00000
-1055.55556 -233.33333    0.00000
-1033.33333 -233.33333    0.00000
-1011.11111 -233.33333    0.00000
-988.88889 -233.33333    0.00000
-966.66667 -233.33333    0.00000
-944.44444 -233.33333    0.00000
-922.22222 -233.33333    0.00000
-900.00000 -233.33333    0.00000
-877.77778 -233.33333    0.00000
-855.55556 -233.33333    0.00000
-833.33333 -233.33333    0.00000
-811.11111 -233.33333    0.00000
-788.88889 -233.33333    0.00000
-766.66667 -233.33333    0.00000
-744.44444 -233.33333    0.00000
-722.22222 -233.33333    0.00000
-700.00000 -233.33333    0.00000
-677.77778 -233.33333    0.00000
-655.55556 -233.33333    0.00000
-633.33333 -233.33333    0.00000
-611.11111 -233.33333    0.00000
-588.88889 -233.33333    0.00000
-566.66667 -233.33333    0.00000
-544.44444 -233.33333    0.00000
-522.22222 -233.33333    0.00000
-500.00000 -233.33333    0.00000
-477.77778 -233.33333    0.00000
-455.55556 -233.33333    0.00000
-433.33333 -233.33333    0.00000
-411.11111 -233.33333    0.00000
-388.88889 -233.33333    0.00000
-366.66667 -233.33333    0.00000
-344.44444 -233.33333    0.00000
-322.22222 -233.33333    0.00000
-300.00000 -233.33333    0.00000
-277.77778 -233.33333    0.00000
-255.55556 -233.33333    0.00000
-233.33333 -233.33333    0.00000
-211.11111 -233.33333    0.00000
-188.88889 -233.33333    0.00000
-166.66667 -233.33333    0.00000
-144.44444 -233.33333    0.00000
-122.22222 -233.33333    0.00000
-100.00000 -233.33333    0.00000
 -77.77778 -233.33333    0.00000
 -55.55556 -233.33333    0.00000
 -33.33333 -233.33333    0.00000
 -11.11111 -233.33333    0.00000
  11.11111 -233.33333    0.00000
  33.33333 -233.33333    0.00000
  55.55556 -233.33333    0.00000
  77.77778 -233.33333    0.00000
 100.00000 -233.33333    0.00000
 122.22222 -233.33333    0.00000
 144.44444 -233.33333    0.00000
 166.66667 -233.33333    0.00000
 188.88889 -233.33333    0.00000
 211.11111 -233.33333    0.00000
 233.33333 -233.33333    0.00000
 255.55556 -233.33333    0.00000
 277.77778 -233.33333    0.00000
 300.00000 -233.33333    0.00000
 322.22222 -233.33333    0.00000
 344.44444 -233.33333    0.00000
 366.66667 -233.33333    0.00000
 388.88889 -233.33333    0.00000
 411.11111 -233.33333    0.00000
 433.33333 -233.33333    0.00000
 455.55556 -233.33333    0.00000
 477.77778 -233.33333    0.00000
 500.00000 -233.33333    0.00000
 522.22222 -233.33333    0.00000
 544.44444 -233.33333    0.00000
 566.66667 -233.33333    0.00000
 588.88889 -233.33333    0.00000
 611.11111 -233.33333    0.00000
 633.33333 -233.33333    0.00000
 655.55556 -233.33333    0.00000
 677.77778 -233.33333    0.00000
 700.00000 -233.33333    0.00000
 722.22222 -233.33333    0.00000
 744.44444 -233.33333    0.00000
 766.66667 -233.33333    0.00000
 788.88889 -233.33333    0.00000
 811.11111 -233.33333    0.00000
 833.33333 -233.33333    0.00000
 855.55556 -233.33333    0.00000
 877.77778 -233.33333    0.00000
 900.00000 -233.33333    0.00000
 922.22222 -233.33333    0.00000
 944.44444 -233.33333    0.00000
 966.66667 -233.33333    0.00000
 988.88889 -233.33333    0.00000
1011.11111 -233.33333    0.00000
1033.33333 -233.33333    0.00000
1055.55556 -233.33333    0.00000
1077.77778 -233.33333    0.00000
1100.00000 -233.33333    0.00000
-1100.00000 -211.11111    0.00000
-1077.77778 -211.11111    0.00000
-1055.55556 -211.11111    0.00000
-1033.33333 -211.11111    0.00000
-1011.11111 -211.11111    0.00000
-988.88889 -211.11111    0.00000
-966.66667 -211.11111    0.00000
-944.44444 -211.11111    0.00000
-922.22222 -211.11111    0.00000
-900.00000 -211.11111    0.00000
-877.77778 -211.11111    0.00000
-855.55556 -211.11111    0.00000
-833.33333 -211.11111    0.00000
-811.11111 -211.11111    0.00000
-788.88889 -211.11111    0.00000
-766.66667 -211.11111    0.00000
-744.44444 -211.11111    0.00000
-722.22222 -211.11111    0.00000
-700.00000 -211.11111    0.00000
-677.77778 -211.11111    0.00000
-655.55556 -211.11111    0.00000
-633.33333 -211.11111    0.00000
-611.11111 -211.11111    0.00000
-588.88889 -211.11111    0.00000
-566.66667 -211.11111    0.00000
-544.44444 -211.11111    0.00000
-522.22222 -211.11111    0.00000
-500.00000 -211.11111    0.00000
-477.77778 -211.11111    0.00000
-455.55556 -211.11111    0.00000
-433.33333 -211.11111    0.00000
-411.11111 -211.11111    0.00000
-388.88889 -211.11111    0.00000
-366.66667 -211.11111    0.00000
-344.44444 -211.11111    0.00000
-322.22222 -211.11111    0.00000
-300.00000 -211.11111    0.00000
-277.77778 -211.11111    0.00000
-255.55556 -211.11111    0.00000
-233.33333 -211.11111    0.00000
-211.11111 -211.11111    0.00000
-188.88889 -211.11111    0.00000
-166.66667 -211.11111    0.00000
-144.44444 -211.11111    0.00000
-122.22222 -211.11111    0.00000
-100.00000 -211.11111    0.00000
 -77.77778 -211.11111    0.00000
 -55.55556 -211.11111    0.00000
 -33.33333 -211.11111    0.00000
 -11.11111 -211.11111    0.00000
  11.11111 -211.11111    0.00000
  33.33333 -211.11111    0.00000
  55.55556 -211.11111    0.00000
  77.77778 -211.11111    0.00000
 100.00000 -211.11111    0.00000
 122.22222 -211.11111    0.00000
 144.44444 -211.11111    0.00000
 166.66667 -211.11111    0.00000
 188.88889 -211.11111    0.00000
 211.11111 -211.11111    0.00000
 233.33333 -211.11111    0.00000
 255.55556 -211.11111    0.00000
 277.77778 -211.11111    0.00000
 300.00000 -211.11111    0.00000
 322.22222 -211.11111    0.00000
 344.44444 -211.11111    0.00000
 366.66667 -211.11111    0.00000
 388.88889 -211.11111    0.00000
 411.11111 -211.11111    0.00000
 433.33333 -211.11111    0.00000
 455.55556 -211.11111    0.00000
 477.77778 -211.11111    0.00000
 500.00000 -211.11111    0.00000
 522.22222 -211.11111    0.00000
 544.44444 -211.11111    0.00000
 566.66667 -211.11111    0.00000
 588.88889 -211.11111    0.00000
 611.11111 -211.11111    0.00000
 633.33333 -211.11111    0.00000
 655.55556 -211.11111    0.00000
 677.77778 -211.11111    0.00000
 700.00000 -211.11111    0.00000
 722.22222 -211.11111    0.00000
 744.44444 -211.11111    0.00000
 766.66667 -211.11111    0.00000
 788.88889 -211.11111    0.00000
 811.11111 -211.11111    0.00000
 833.33333 -211.11111    0.00000
 855.55556 -211.11111    0.00000
 877.77778 -211.11111    0.00000
 900.00000 -211.11111    0.00000
 922.22222 -211.11111    0.00000
 944.44444 -211.11111    0.00000
 966.66667 -211.11111    0.00000
 988.88889 -211.11111    0.00000
1011.11111 -211.11111    0.00000
1033.33333 -211.11111    0.00000
1055.55556 -211.11111    0.00000
1077.77778 -211.11111    0.00000
1100.00000 -211.11111    0.00000
-1100.00000 -188.88889    0.00000
-1077.77778 -188.88889    0.00000
-1055.55556 -188.88889    0.00000
-1033.33333 -188.88889    0.00000
-1011.11111 -188.88889    0.00000
-988.88889 -188.88889    0.00000
-966.66667 -188.88889    0.00000
-944.44444 -188.88889    0.00000
-922.22222 -188.88889    0.00000
-900.00000 -188.88889    0.00000
-877.77778 -188.88889    0.00000
-855.55556 -188.88889    0.00000
-833.33333 -188.88889    0.00000
-811.11111 -188.88889    0.00000
-788.88889 -188.88889    0.00000
-766.66667 -188.88889    0.00000
-744.44444 -188.88889    0.00000
-722.22222 -188.88889    0.00000
-700.00000 -188.88889    0.00000
-677.77778 -188.88889    0.00000
-655.55556 -188.88889    0.00000
-633.33333 -188.88889    0.00000
-611.11111 -188.88889    0.00000
-588.88889 -188.88889    0.00000
-566.66667 -188.88889    0.00000
-544.44444 -188.88889    0.00000
-522.22222 -188.88889    0.00000
-500.00000 -188.88889    0.00000
-477.77778 -188.88889    0.00000
-455.55556 -188.88889    0.00000
-433.33333 -188.88889    0.00000
-411.11111 -188.88889    0.00000
-388.88889 -188.88889    0.00000
-366.66667 -188.88889    0.00000
-344.44444 -188.88889    0.00000
-322.22222 -188.88889    0.00000
-300.00000 -188.88889    0.00000
-277.77778 -188.88889    0.00000
-255.55556 -188.88889    0.00000
-233.33333 -188.88889    0.00000
-211.11111 -188.88889    0.00000
-188.88889 -188.88889    0.00000
-166.66667 -188.88889    0.00000
-144.44444 -188.88889    0.00000
-122.22222 -188.88889    0.00000
-100.00000 -188.88889    0.00000
 -77.77778 -188.88889    0.00000
 -55.55556 -188.88889    0.00000
 -33.33333 -188.88889    0.00000
 -11.11111 -188.88889    0.00000
  11.11111 -188.88889    0.00000
  33.33333 -188.88889    0.00000
  55.55556 -188.88889    0.00000
  77.77778 -188.88889    0.00000
 100.00000 -188.88889    0.00000
 122.22222 -188.88889    0.00000
 144.44444 -188.88889    0.00000
 166.66667 -188.88889    0.00000
 188.88889 -188.88889    0.00000
 211.11111 -188.88889    0.00000
 233.33333 -188.88889    0.00000
 255.55556 -188.88889    0.00000
 277.77778 -188.88889    0.00000
 300.00000 -188.88889    0.00000
 322.22222 -188.88889    0.00000
 344.44444 -188.88889    0.00000
 366.66667 -188.88889    0.00000
 388.88889 -188.88889    0.00000
 411.11111 -188.88889    0.00000
 433.33333 -188.88889    0.00000
 455.55556 -188.88889    0.00000
 477.77778 -188.88889    0.00000
 500.00000 -188.88889    0.00000
 522.22222 -188.88889    0.00000
 544.44444 -188.88889    0.00000
 566.66667 -188.88889    0.00000
 588.88889 -188.88889    0.00000
 611.11111 -188.88889    0.00000
 633.33333 -188.88889    0.00000
 655.55556 -188.88889    0.00000
 677.77778 -188.88889    0.00000
 700.00000 -188.88889    0.00000
 722.22222 -188.88889    0.00000
 744.44444 -188.88889    0.00000
 766.66667 -188.88889    0.00000
 788.88889 -188.88889    0.00000
 811.11111 -188.88889    0.00000
 833.33333 -188.88889    0.00000
 855.55556 -188.88889    0.00000
 877.77778 -188.88889    0.00000
 900.00000 -188.88889    0.00000
 922.22222 -188.88889    0.00000
 944.44444 -188.88889    0.00000
 966.66667 -188.88889    0.00000
 988.88889 -188.88889    0.00000
1011.11111 -188.88889    0.00000
1033.33333 -188.88889    0.00000
1055.55556 -188.88889    0.00000
1077.77778 -188.88889    0.00000
1100.00000 -188.88889    0.00000
-1100.00000 -166.66667    0.00000
-1077.77778 -166.66667    0.00000
-1055.55556 -166.66667    0.00000
-1033.33333 -166.66667    0.00000
-1011.11111 -166.66667    0.00000
-988.88889 -166.66667    0.00000
-966.66667 -166.66667    0.00000
-944.44444 -166.66667    0.00000
-922.22222 -166.66667    0.00000
-900.00000 -166.66667    0.00000
-877.77778 -166.66667    0.00000
-855.55556 -166.66667    0.00000
-833.33333 -166.66667    0.00000
-811.11111 -166.66667    0.00000
-788.88889 -166.66667    0.00000
-766.66667 -166.66667    0.00000
-744.44444 -166.66667    0.00000
-722.22222 -166.66667    0.00000
-700.00000 -166.66667    0.00000
-677.77778 -166.66667    0.00000
-655.55556 -166.66667    0.00000
-633.33333 -166.66667    0.00000
-611.11111 -166.66667    0.00000
-588.88889 -166.66667    0.00000
-566.66667 -166.66667    0.00000
-544.44444 -166.66667    0.00000
-522.22222 -166.66667    0.00000
-500.00000 -166.66667    0.00000
-477.77778 -166.66667    0.00000
-455.55556 -166.66667    0.00000
-433.33333 -166.66667    0.00000
-411.11111 -166.66667    0.00000
-388.88889 -166.66667    0.00000
-366.66667 -166.66667    0.00000
-344.44444 -166.66667    0.00000
-322.22222 -166.66667    0.00000
-300.00000 -166.66667    0.00000
-277.77778 -166.66667    0.00000
-255.55556 -166.66667    0.00000
-233.33333 -166.66667    0.00000
-211.11111 -166.66667    0.00000
-188.88889 -166.66667    0.00000
-166.66667 -166.66667    0.00000
-144.44444 -166.66667    0.00000
-122.22222 -166.66667    0.00000
-100.00000 -166.66667    0.00000
 -77.77778 -166.66667    0.00000
 -55.55556 -166.66667    0.00000
 -33.33333 -166.66667    0.00000
 -11.11111 -166.66667    0.00000
  11.11111 -166.66667    0.00000
  33.33333 -166.66667    0.00000
  55.55556 -166.66667    0.00000
  77.77778 -166.66667    0.00000
 100.00000 -166.66667    0.00000
 122.22222 -166.66667    0.00000
 144.44444 -166.66667    0.00000
 166.66667 -166.66667    0.00000
 188.88889 -166.66667    0.00000
 211.11111 -166.66667    0.00000
 233.33333 -166.66667    0.00000
 255.55556 -166.66667    0.00000
 277.77778 -166.66667    0.00000
 300.00000 -166.66667    0.00000
 322.22222 -166.66667    0.00000
 344.44444 -166.66667    0.00000
 366.66667 -166.66667    0.00000
 388.88889 -166.66667    0.00000
 411.11111 -166.66667    0.00000
 433.33333 -166.66667    0.00000
 455.55556 -166.66667    0.00000
 477.77778 -166.66667    0.00000
 500.00000 -166.66667    0.00000
 522.22222 -166.66667    0.00000
 544.44444 -166.66667    0.00000
 566.66667 -166.66667    0.00000
 588.88889 -166.66667    0.00000
 611.11111 -166.66667    0.00000
 633.33333 -166.66667    0.00000
 655.55556 -166.66667    0.00000
 677.77778 -166.66667    0.00000
 700.00000 -166.66667    0.00000
 722.22222 -166.66667    0.00000
 744.44444 -166.66667    0.00000
 766.66667 -166.66667    0.00000
 788.88889 -166.66667    0.00000
 811.11111 -166.66667    0.00000
 833.33333 -166.66667    0.00000
 855.55556 -166.66667    0.00000
 877.77778 -166.66667    0.00000
 900.00000 -166.66667    0.00000
 922.22222 -166.66667    0.00000
 944.44444 -166.66667    0.00000
 966.66667 -166.66667    0.00000
 988.88889 -166.66667    0.00000
1011.11111 -166.66667    0.00000
1033.33333 -166.66667    0.00000
1055.55556 -166.66667    0.00000
1077.77778 -166.66667    0.00000
1100.00000 -166.66667    0.00000
-1100.00000 -144.44444    0.00000
-1077.77778 -144.44444    0.00000
-1055.55556 -144.44444    0.00000
-1033.33333 -144.44444    0.00000
-1011.11111 -144.44444    0.00000
-988.88889 -144.44444    0.00000
-966.66667 -144.44444    0.00000
-944.44444 -144.44444    0.00000
-922.22222 -144.44444    0.00000
-900.00000 -144.44444    0.00000
-877.77778 -144.44444    0.00000
-855.55556 -144.44444    0.00000
-833.33333 -144.44444    0.00000
-811.11111 -144.44444    0.00000
-788.88889 -144.44444    0.00000
-766.66667 -144.44444    0.00000
-744.44444 -144.44444    0.00000
-722.22222 -144.44444    0.00000
-700.00000 -144.44444    0.00000
-677.77778 -144.44444    0.00000
-655.55556 -144.44444    0.00000
-633.33333 -144.44444    0.00000
-611.11111 -144.44444    0.00000
-588.88889 -144.44444    0.00000
-566.66667 -144.44444    0.00000
-544.44444 -144.44444    0.00000
-522.22222 -144.44444    0.00000
-500.00000 -144.44444    0.00000
-477.77778 -144.44444    0.00000
-455.55556 -144.44444    0.00000
-433.33333 -144.44444    0.00000
-411.11111 -144.44444    0.00000
-388.88889 -144.44444    0.00000
-366.66667 -144.44444    0.00000
-344.44444 -144.44444    0.00000
-322.22222 -144.44444    0.00000
-300.00000 -144.44444    0.00000
-277.77778 -144.44444    0.00000
-255.55556 -144.44444    0.00000
-233.33333 -144.44444    0.00000
-211.11111 -144.44444    0.00000
-188.88889 -144.44444    0.00000
-166.66667 -144.44444    0.00000
-144.44444 -144.44444    0.00000
-122.22222 -144.44444    0.00000
-100.00000 -144.44444    0.00000
 -77.77778 -144.44444    0.00000
 -55.55556 -144.44444    0.00000
 -33.33333 -144.44444    0.00000
 -11.11111 -144.44444    0.00000
  11.11111 -144.44444    0.00000
  33.33333 -144.44444    0.00000
  55.55556 -144.44444    0.00000
  77.77778 -144.44444    0.00000
 100.00000 -144.44444    0.00000
 122.22222 -144.44444    0.00000
 144.44444 -144.44444    0.00000
 166.66667 -144.44444    0.00000
 188.88889 -144.44444    0.00000
 211.11111 -144.44444    0.00000
 233.33333 -144.44444    0.00000
 255.55556 -144.44444    0.00000
 277.77778 -144.44444    0.00000
 300.00000 -144.44444    0.00000
 322.22222 -144.44444    0.00000
 344.44444 -144.44444    0.00000
 366.66667 -144.44444    0.00000
 388.88889 -144.44444    0.00000
 411.11111 -144.44444    0.00000
 433.33333 -144.44444    0.00000
 455.55556 -144.44444    0.00000
 477.77778 -144.44444    0.00000
 500.00000 -144.44444    0.00000
 522.22222 -144.44444    0.00000
 544.44444 -144.44444    0.00000
 566.66667 -144.44444    0.00000
 588.88889 -144.44444    0.00000
 611.11111 -144.44444    0.00000
 633.33333 -144.44444    0.00000
 655.55556 -144.44444    0.00000
 677.77778 -144.44444    0.00000
 700.00000 -144.44444    0.00000
 722.22222 -144.44444    0.00000
 744.44444 -144.44444    0.00000
 766.66667 -144.44444    0.00000
 788.88889 -144.44444    0.00000
 811.11111 -144.44444    0.00000
 833.33333 -144.44444    0.00000
 855.55556 -144.44444    0.00000
 877.77778 -144.44444    0.00000
 900.00000 -144.44444    0.00000
 922.22222 -144.44444    0.00000
 944.44444 -144.44444    0.00000
 966.66667 -144.44444    0.00000
 988.88889 -144.44444    0.00000
1011.11111 -144.44444    0.00000
1033.33333 -144.44444    0.00000
1055.55556 -144.44444    0.00000
1077.77778 -144.44444    0.00000
1100.00000 -144.44444    0.00000
-1100.00000 -122.22222    0.00000
-1077.77778 -122.22222    0.00000
-1055.55556 -122.22222    0.00000
-1033.33333 -122.22222    0.00000
-1011.11111 -122.22222    0.00000
-988.88889 -122.22222    0.00000
-966.66667 -122.22222    0.00000
-944.44444 -122.22222    0.00000
-922.22222 -122.22222    0.00000
-900.00000 -122.22222    0.00000
-877.77778 -122.22222    0.00000
-855.55556 -122.22222    0.00000
-833.33333 -122.22222    0.00000
-811.11111 -122.22222    0.00000
-788.88889 -122.22222    0.00000
-766.66667 -122.22222    0.00000
-744.44444 -122.22222    0.00000
-722.22222 -122.22222    0.00000
-700.00000 -122.22222    0.00000
-677.77778 -122.22222    0.00000
-655.55556 -122.22222    0.00000
-633.33333 -122.22222    0.00000
-611.11111 -122.22222    0.00000
-588.88889 -122.22222    0.00000
-566.66667 -122.22222    0.00000
-544.44444 -122.22222    0.00000
-522.22222 -122.22222    0.00000
-500.00000 -122.22222    0.00000
-477.77778 -122.22222    0.00000
-455.55556 -122.22222    0.00000
-433.33333 -122.22222    0.00000
-411.11111 -122.22222    0.00000
-388.88889 -122.22222    0.00000
-366.66667 -122.22222    0.00000
-344.44444 -122.22222    0.00000
-322.22222 -122.22222    0.00000
-300.00000 -122.22222    0.00000
-277.77778 -122.22222    0.00000
-255.55556 -122.22222    0.00000
-233.33333 -122.22222    0.00000
-211.11111 -122.22222    0.00000
-188.88889 -122.22222    0.00000
-166.66667 -122.22222    0.00000
-144.44444 -122.22222    0.00000
-122.22222 -122.22222    0.00000
-100.00000 -122.22222    0.00000
 -77.77778 -122.22222    0.00000
 -55.55556 -122.22222    0.00000
 -33.33333 -122.22222    0.00000
 -11.11111 -122.22222    0.00000
  11.11111 -122.22222    0.00000
  33.33333 -122.22222    0.00000
  55.55556 -122.22222    0.00000
  77.77778 -122.22222    0.00000
 100.00000 -122.22222    0.00000
 122.22222 -122.22222    0.00000
 144.44444 -122.22222    0.00000
 166.66667 -122.22222    0.00000
 188.88889 -122.22222    0.00000
 211.11111 -122.22222    0.00000
 233.33333 -122.22222    0.00000
 255.55556 -122.22222    0.00000
 277.77778 -122.22222    0.00000
 300.00000 -122.22222    0.00000
 322.22222 -122.22222    0.00000
 344.44444 -122.22222    0.00000
 366.66667 -122.22222    0.00000
 388.88889 -122.22222    0.00000
 411.11111 -122.22222    0.00000
 433.33333 -122.22222    0.00000
 455.55556 -122.22222    0.00000
 477.77778 -122.22222    0.00000
 500.00000 -122.22222    0.00000
 522.22222 -122.22222    0.00000
 544.44444 -122.22222    0.00000
 566.66667 -122.22222    0.00000
 588.88889 -122.22222    0.00000
 611.11111 -122.22222    0.00000
 633.33333 -122.22222    0.00000
 655.55556 -122.22222    0.00000
 677.77778 -122.22222    0.00000
 700.00000 -122.22222    0.00000
 722.22222 -122.22222    0.00000
 744.44444 -122.22222    0.00000
 766.66667 -122.22222    0.00000
 788.88889 -122.22222    0.00000
 811.11111 -122.22222    0.00000
 833.33333 -122.22222    0.00000
 855.55556 -122.22222    0.00000
 877.77778 -122.22222    0.00000
 900.00000 -122.22222    0.00000
 922.22222 -122.22222    0.00000
 944.44444 -122.22222    0.00000
 966.66667 -122.22222    0.00000
 988.88889 -122.22222    0.00000
1011.11111 -122.22222    0.00000
1033.33333 -122.22222    0.00000
1055.55556 -122.22222    0.00000
1077.77778 -122.22222    0.00000
1100.00000 -122.22222    0.00000
-1100.00000 -100.00000    0.00000
-1077.77778 -100.00000    0.00000
-1055.55556 -100.00000    0.00000
-1033.33333 -100.00000    0.00000
-1011.11111 -100.00000    0.00000
-988.88889 -100.00000    0.00000
-966.66667 -100.00000    0.00000
-944.44444 -100.00000    0.00000
-922.22222 -100.00000    0.00000
-900.00000 -100.00000    0.00000
-877.77778 -100.00000    0.00000
-855.55556 -100.00000    0.00000
-833.33333 -100.00000    0.00000
-811.11111 -100.00000    0.00000
-788.88889 -100.00000    0.00000
-766.66667 -100.00000    0.00000
-744.44444 -100.00000    0.00000
-722.22222 -100.00000    0.00000
-700.00000 -100.00000    0.00000
-677.77778 -100.00000    0.00000
-655.55556 -100.00000    0.00000
-633.33333 -100.00000    0.00000
-611.11111 -100.00000    0.00000
-588.88889 -100.00000    0.00000
-566.66667 -100.00000    0.00000
-544.44444 -100.00000    0.00000
-522.22222 -100.00000    0.00000
-500.00000 -100.00000    0.00000
-477.77778 -100.00000    0.00000
-455.55556 -100.00000    0.00000
-433.33333 -100.00000    0.00000
-411.11111 -100.00000    0.00000
-388.88889 -100.00000    0.00000
-366.66667 -100.00000    0.00000
-344.44444 -100.00000    0.00000
-322.22222 -100.00000    0.00000
-300.00000 -100.00000    0.00000
-277.77778 -100.00000    0.00000
-255.55556 -100.00000    0.00000
-233.33333 -100.00000    0.00000
-211.11111 -100.00000    0.00000
-188.88889 -100.00000    0.00000
-166.66667 -100.00000    0.00000
-144.44444 -100.00000    0.00000
-122.22222 -100.00000    0.00000
-100.00000 -100.00000    0.00000
 -77.77778 -100.00000    0.00000
 -55.55556 -100.00000    0.00000
 -33.33333 -100.00000    0.00000
 -11.11111 -100.00000    0.00000
  11.11111 -100.00000    0.00000
  33.33333 -100.00000    0.00000
  55.55556 -100.00000    0.00000
  77.77778 -100.00000    0.00000
 100.00000 -100.00000    0.00000
 122.22222 -100.00000    0.00000
 144.44444 -100.00000    0.00000
 166.66667 -100.00000    0.00000
 188.88889 -100.00000    0.00000
 211.11111 -100.00000    0.00000
 233.33333 -100.00000    0.00000
 255.55556 -100.00000    0.00000
 277.77778 -100.00000    0.00000
 300.00000 -100.00000    0.00000
 322.22222 -100.00000    0.00000
 344.44444 -100.00000    0.00000
 366.66667 -100.00000    0.00000
 388.88889 -100.00000    0.00000
 411.11111 -100.00000    0.00000
 433.33333 -100.00000    0.00000
 455.55556 -100.00000    0.00000
 477.77778 -100.00000    0.00000
 500.00000 -100.00000    0.00000
 522.22222 -100.00000    0.00000
 544.44444 -100.00000    0.00000
 566.66667 -100.00000    0.00000
 588.88889 -100.00000    0.00000
 611.11111 -100.00000    0.00000
 633.33333 -100.00000    0.00000
 655.55556 -100.00000    0.00000
 677.77778 -100.00000    0.00000
 700.00000 -100.00000    0.00000
 722.22222 -100.00000    0.00000
 744.44444 -100.00000    0.00000
 766.66667 -100.00000    0.00000
 788.88889 -100.00000    0.00000
 811.11111 -100.00000    0.00000
 833.33333 -100.00000    0.00000
 855.55556 -100.00000    0.00000
 877.77778 -100.00000    0.00000
 900.00000 -100.00000    0.00000
 922.22222 -100.00000    0.00000
 944.44444 -100.00000    0.00000
 966.66667 -100.00000    0.00000
 988.88889 -100.00000    0.00000
1011.11111 -100.00000    0.00000
1033.33333 -100.00000    0.00000
1055.55556 -100.00000    0.00000
1077.77778 -100.00000    0.00000
1100.00000 -100.00000    0.00000
-1100.00000  -77.77778    0.00000
-1077.77778  -77.77778    0.00000
-1055.55556  -77.77778    0.00000
-1033.33333  -77.77778    0.00000
-1011.11111  -77.77778    0.00000
-988.88889  -77.77778    0.00000
-966.66667  -77.77778    0.00000
-944.44444  -77.77778    0.00000
-922.22222  -77.77778    0.00000
-900.00000  -77.77778    0.00000
-877.77778  -77.77778    0.00000
-855.55556  -77.77778    0.00000
-833.33333  -77.77778    0.00000
-811.11111  -77.77778    0.00000
-788.88889  -77.77778    0.00000
-766.66667  -77.77778    0.00000
-744.44444  -77.77778    0.00000
-722.22222  -77.77778    0.00000
-700.00000  -77.77778    0.00000
-677.77778  -77.77778    0.00000
-655.55556  -77.77778    0.00000
-633.33333  -77.77778    0.00000
-611.11111  -77.77778    0.00000
-588.88889  -77.77778    0.00000
-566.66667  -77.77778    0.00000
-544.44444  -77.77778    0.00000
-522.22222  -77.77778    0.00000
-500.00000  -77.77778    0.00000
-477.77778  -77.77778    0.00000
-455.55556  -77.77778    0.00000
-433.33333  -77.77778    0.00000
-411.11111  -77.77778    0.00000
-388.88889  -77.77778    0.00000
-366.66667  -77.77778    0.00000
-344.44444  -77.77778    0.00000
-322.22222  -77.77778    0.00000
-300.00000  -77.77778    0.00000
-277.77778  -77.77778    0.00000
-255.55556  -77.77778    0.00000
-233.33333  -77.77778    0.00000
-211.11111  -77.77778    0.00000
-188.88889  -77.77778    0.00000
-166.66667  -77.77778    0.00000
-144.44444  -77.77778    0.00000
-122.22222  -77.77778    0.00000
-100.00000  -77.77778    0.00000
 -77.77778  -77.77778    0.00000
 -55.55556  -77.77778    0.00000
 -33.33333  -77.77778    0.00000
 -11.11111  -77.77778    0.00000
  11.11111  -77.77778    0.00000
  33.33333  -77.77778    0.00000
  55.55556  -77.77778    0.00000
  77.77778  -77.77778    0.00000
 100.00000  -77.77778    0.00000
 122.22222  -77.77778    0.00000
 144.44444  -77.77778    0.00000
 166.66667  -77.77778    0.00000
 188.88889  -77.77778    0.00000
 211.11111  -77.77778    0.00000
 233.33333  -77.77778    0.00000
 255.55556  -77.77778    0.00000
 277.77778  -77.77778    0.00000
 300.00000  -77.77778    0.00000
 322.22222  -77.77778    0.00000
 344.44444  -77.77778    0.00000
 366.66667  -77.77778    0.00000
 388.88889  -77.77778    0.00000
 411.11111  -77.77778    0.00000
 433.33333  -77.77778    0.00000
 455.55556  -77.77778    0.00000
 477.77778  -77.77778    0.00000
 500.00000  -77.77778    0.00000
 522.22222  -77.77778    0.00000
 544.44444  -77.77778    0.00000
 566.66667  -77.77778    0.00000
 588.88889  -77.77778    0.00000
 611.11111  -77.77778    0.00000
 633.33333  -77.77778    0.00000
 655.55556  -77.77778    0.00000
 677.77778  -77.77778    0.00000
 700.00000  -77.77778    0.00000
 722.22222  -77.77778    0.00000
 744.44444  -77.77778    0.00000
 766.66667  -77.77778    0.00000
 788.88889  -77.77778    0.00000
 811.11111  -77.77778    0.00000
 833.33333  -77.77778    0.00000
 855.55556  -77.77778    0.00000
 877.77778  -77.77778    0.00000
 900.00000  -77.77778    0.00000
 922.22222  -77.77778    0.00000
 944.44444  -77.77778    0.00000
 966.66667  -77.77778    0.00000
 988.88889  -77.77778    0.00000
1011.11111  -77.77778    0.00000
1033.33333  -77.77778    0.00000
1055.55556  -77.77778    0.00000
1077.77778  -77.77778    0.00000
1100.00000  -77.77778    0.00000
-1100.00000  -55.55556    0.00000
-1077.77778  -55.55556    0.00000
-1055.55556  -55.55556    0.00000
-1033.33333  -55.55556    0.00000
-1011.11111  -55.55556    0.00000
-988.88889  -55.55556    0.00000
-966.66667  -55.55556    0.00000
-944.44444  -55.55556    0.00000
-922.22222  -55.55556    0.00000
-900.00000  -55.55556    0.00000
-877.77778  -55.55556    0.00000
-855.55556  -55.55556    0.00000
-833.33333  -55.55556    0.00000
-811.11111  -55.55556    0.00000
-788.88889  -55.55556    0.00000
-766.66667  -55.55556    0.00000
-744.44444  -55.55556    0.00000
-722.22222  -55.55556    0.00000
-700.00000  -55.55556    0.00000
-677.77778  -55.55556    0.00000
-655.55556  -55.55556    0.00000
-633.33333  -55.55556    0.00000
-611.11111  -55.55556    0.00000
-588.88889  -55.55556    0.00000
-566.66667  -55.55556    0.00000
-544.44444  -55.55556    0.00000
-522.22222  -55.55556    0.00000
-500.00000  -55.55556    0.00000
-477.77778  -55.55556    0.00000
-455.55556  -55.55556    0.00000
-433.33333  -55.55556    0.00000
-411.11111  -55.55556    0.00000
-388.88889  -55.55556    0.00000
-366.66667  -55.55556    0.00000
-344.44444  -55.55556    0.00000
-322.22222  -55.55556    0.00000
-300.00000  -55.55556    0.00000
-277.77778  -55.55556    0.00000
-255.55556  -55.55556    0.00000
-233.33333  -55.55556    0.00000
-211.11111  -55.55556    0.00000
-188.88889  -55.55556    0.00000
-166.66667  -55.55556    0.00000
-144.44444  -55.55556    0.00000
-122.22222  -55.55556    0.00000
-100.00000  -55.55556    0.00000
 -77.77778  -55.55556    0.00000
 -55.55556  -55.55556    0.00000
 -33.33333  -55.55556    0.00000
 -11.11111  -55.55556    0.00000
  11.11111  -55.55556    0.00000
  33.33333  -55.55556    0.00000
  55.55556  -55.55556    0.00000
  77.77778  -55.55556    0.00000
 100.00000  -55.55556    0.00000
 122.22222  -55.55556    0.00000
 144.44444  -55.55556    0.00000
 166.66667  -55.55556    0.00000
 188.88889  -55.55556    0.00000
 211.11111  -55.55556    0.00000
 233.33333  -55.55556    0.00000
 255.55556  -55.55556    0.00000
 277.77778  -55.55556    0.00000
 300.00000  -55.55556    0.00000
 322.22222  -55.55556    0.00000
 344.44444  -55.55556    0.00000
 366.66667  -55.55556    0.00000
 388.88889  -55.55556    0.00000
 411.11111  -55.55556    0.00000
 433.33333  -55.55556    0.00000
 455.55556  -55.55556    0.00000
 477.77778  -55.55556    0.00000
 500.00000  -55.55556    0.00000
 522.22222  -55.55556    0.00000
 544.44444  -55.55556    0.00000
 566.66667  -55.55556    0.00000
 588.88889  -55.55556    0.00000
 611.11111  -55.55556    0.00000
 633.33333  -55.55556    0.00000
 655.55556  -55.55556    0.00000
 677.77778  -55.55556    0.00000
 700.00000  -55.55556    0.00000
 722.22222  -55.55556    0.00000
 744.44444  -55.55556    0.00000
 766.66667  -55.55556    0.00000
 788.88889  -55.55556    0.00000
 811.11111  -55.55556    0.00000
 833.33333  -55.55556    0.00000
 855.55556  -55.55556    0.00000
 877.77778  -55.55556    0.00000
 900.00000  -55.55556    0.00000
 922.22222  -55.55556    0.00000
 944.44444  -55.55556    0.00000
 966.66667  -55.55556    0.00000
 988.88889  -55.55556    0.00000
1011.11111  -55.55556    0.00000
1033.33333  -55.55556    0.00000
1055.55556  -55.55556    0.00000
1077.77778  -55.55556    0.00000
1100.00000  -55.55556    0.00000
-1100.00000  -33.33333    0.00000
-1077.77778  -33.33333    0.00000
-1055.55556  -33.33333    0.00000
-1033.33333  -33.33333    0.00000
-1011.11111  -33.33333    0.00000
-988.88889  -33.33333    0.00000
-966.66667  -33.33333    0.00000
-944.44444  -33.33333    0.00000
-922.22222  -33.33333    0.00000
-900.00000  -33.33333    0.00000
-877.77778  -33.33333    0.00000
-855.55556  -33.33333    0.00000
-833.33333  -33.33333    0.00000
-811.11111  -33.33333    0.00000
-788.88889  -33.33333    0.00000
-766.66667  -33.33333    0.00000
-744.44444  -33.33333    0.00000
-722.22222  -33.33333    0.00000
-700.00000  -33.33333    0.00000
-677.77778  -33.33333    0.00000
-655.55556  -33.33333    0.00000
-633.33333  -33.33333    0.00000
-611.11111  -33.33333    0.00000
-588.88889  -33.33333    0.00000
-566.66667  -33.33333    0.00000
-544.44444  -33.33333    0.00000
-522.22222  -33.33333    0.00000
-500.00000  -33.33333    0.00000
-477.77778  -33.33333    0.00000
-455.55556  -33.33333    0.00000
-433.33333  -33.33333    0.00000
-411.11111  -33.33333    0.00000
-388.88889  -33.33333    0.00000
-366.66667  -33.33333    0.00000
-344.44444  -33.33333    0.00000
-322.22222  -33.33333    0.00000
-300.00000  -33.33333    0.00000
-277.77778  -33.33333    0.00000
-255.55556  -33.33333    0.00000
-233.33333  -33.33333    0.00000
-211.11111  -33.33333    0.00000
-188.88889  -33.33333    0.00000
-166.66667  -33.33333    0.00000
-144.44444  -33.33333    0.00000
-122.22222  -33.33333    0.00000
-100.00000  -33.33333    0.00000
 -77.77778  -33.33333    0.00000
 -55.55556  -33.33333    0.00000
 -33.33333  -33.33333    0.00000
 -11.11111  -33.33333    0.00000
  11.11111  -33.33333    0.00000
  33.33333  -33.33333    0.00000
  55.55556  -33.33333    0.00000
  77.77778  -33.33333    0.00000
 100.00000  -33.33333    0.00000
 122.22222  -33.33333    0.00000
 144.44444  -33.33333    0.00000
 166.66667  -33.33333    0.00000
 188.88889  -33.33333    0.00000
 211.11111  -33.33333    0.00000
 233.33333  -33.33333    0.00000
 255.55556  -33.33333    0.00000
 277.77778  -33.33333    0.00000
 300.00000  -33.33333    0.00000
 322.22222  -33.33333    0.00000
 344.44444  -33.33333    0.00000
 366.66667  -33.33333    0.00000
 388.88889  -33.33333    0.00000
 411.11111  -33.33333    0.00000
 433.33333  -33.33333    0.00000
 455.55556  -33.33333    0.00000
 477.77778  -33.33333    0.00000
 500.00000  -33.33333    0.00000
 522.22222  -33.33333    0.00000
 544.44444  -33.33333    0.00000
 566.66667  -33.33333    0.00000
 588.88889  -33.33333    0.00000
 611.11111  -33.33333    0.00000
 633.33333  -33.33333    0.00000
 655.55556  -33.33333    0.00000
 677.77778  -33.33333    0.00000
 700.00000  -33.33333    0.00000
 722.22222  -33.33333    0.00000
 744.44444  -33.33333    0.00000
 766.66667  -33.33333    0.00000
 788.88889  -33.33333    0.00000
 811.11111  -33.33333    0.00000
 833.33333  -33.33333    0.00000
 855.55556  -33.33333    0.00000
 877.77778  -33.33333    0.00000
 900.00000  -33.33333    0.00000
 922.22222  -33.33333    0.00000
 944.44444  -33.33333    0.00000
 966.66667  -33.33333    0.00000
 988.88889  -33.33333    0.00000
1011.11111  -33.33333    0.00000
1033.33333  -33.33333    0.00000
1055.55556  -33.33333    0.00000
1077.77778  -33.33333    0.00000
1100.00000  -33.33333    0.00000
-1100.00000  -11.11111    0.00000
-1077.77778  -11.11111    0.00000
-1055.55556  -11.11111    0.00000
-1033.33333  -11.11111    0.00000
-1011.11111  -11.11111    0.00000
-988.88889  -11.11111    0.00000
-966.66667  -11.11111    0.00000
-944.44444  -11.11111    0.00000
-922.22222  -11.11111    0.00000
-900.00000  -11.11111    0.00000
-877.77778  -11.11111    0.00000
-855.55556  -11.11111    0.00000
-833.33333  -11.11111    0.00000
-811.11111  -11.11111    0.00000
-788.88889  -11.11111    0.00000
-766.66667  -11.11111    0.00000
-744.44444  -11.11111    0.00000
-722.22222  -11.11111    0.00000
-700.00000  -11.11111    0.00000
-677.77778  -11.11111    0.00000
-655.55556  -11.11111    0.00000
-633.33333  -11.11111    0.00000
-611.11111  -11.11111    0.00000
-588.88889  -11.11111    0.00000
-566.66667  -11.11111    0.00000
-544.44444  -11.11111    0.00000
-522.22222  -11.11111    0.00000
-500.00000  -11.11111    0.00000
-477.77778  -11.11111    0.00000
-455.55556  -11.11111    0.00000
-433.33333  -11.11111    0.00000
-411.11111  -11.11111    0.00000
-388.88889  -11.11111    0.00000
-366.66667  -11.11111    0.00000
-344.44444  -11.11111    0.00000
-322.22222  -11.11111    0.00000
-300.00000  -11.11111    0.00000
-277.77778  -11.11111    0.00000
-255.55556  -11.11111    0.00000
-233.33333  -11.11111    0.00000
-211.11111  -11.11111    0.00000
-188.88889  -11.11111    0.00000
-166.66667  -11.11111    0.00000
-144.44444  -11.11111    0.00000
-122.22222  -11.11111    0.00000
-100.00000  -11.11111    0.00000
 -77.77778  -11.11111    0.00000
 -55.55556  -11.11111    0.00000
 -33.33333  -11.11111    0.00000
 -11.11111  -11.11111    0.00000
  11.11111  -11.11111    0.00000
  33.33333  -11.11111    0.00000
  55.55556  -11.11111    0.00000
  77.77778  -11.11111    0.00000
 100.00000  -11.11111    0.00000
 122.22222  -11.11111    0.00000
 144.44444  -11.11111    0.00000
 166.66667  -11.11111    0.00000
 188.88889  -11.11111    0.00000
 211.11111  -11.11111    0.00000
 233.33333  -11.11111    0.00000
 255.55556  -11.11111    0.00000
 277.77778  -11.11111    0.00000
 300.00000  -11.11111    0.00000
 322.22222  -11.11111    0.00000
 344.44444  -11.11111    0.00000
 366.66667  -11.11111    0.00000
 388.88889  -11.11111    0.00000
 411.11111  -11.11111    0.00000
 433.33333  -11.11111    0.00000
 455.55556  -11.11111    0.00000
 477.77778  -11.11111    0.00000
 500.00000  -11.11111    0.00000
 522.22222  -11.11111    0.00000
 544.44444  -11.11111    0.00000
 566.66667  -11.11111    0.00000
 588.88889  -11.11111    0.00000
 611.11111  -11.11111    0.00000
 633.33333  -11.11111    0.00000
 655.55556  -11.11111    0.00000
 677.77778  -11.11111    0.00000
 700.00000  -11.11111    0.00000
 722.22222  -11.11111    0.00000
 744.44444  -11.11111    0.00000
 766.66667  -11.11111    0.00000
 788.88889  -11.11111    0.00000
 811.11111  -11.11111    0.00000
 833.33333  -11.11111    0.00000
 855.55556  -11.11111    0.00000
 877.77778  -11.11111    0.00000
 900.00000  -11.11111    0.00000
 922.22222  -11.11111    0.00000
 944.44444  -11.11111    0.00000
 966.66667  -11.11111    0.00000
 988.88889  -11.11111    0.00000
1011.11111  -11.11111    0.00000
1033.33333  -11.11111    0.00000
1055.55556  -11.11111    0.00000
1077.77778  -11.11111    0.00000
1100.00000  -11.11111    0.00000
-1100.00000   11.11111    0.00000
-1077.77778   11.11111    0.00000
-1055.55556   11.11111    0.00000
-1033.33333   11.11111    0.00000
-1011.11111   11.11111    0.00000
-988.88889   11.11111    0.00000
-966.66667   11.11111    0.00000
-944.44444   11.11111    0.00000
-922.22222   11.11111    0.00000
-900.00000   11.11111    0.00000
-877.77778   11.11111    0.00000
-855.55556   11.11111    0.00000
-833.33333   11.11111    0.00000
-811.11111   11.11111    0.00000
-788.88889   11.11111    0.00000
-766.66667   11.11111    0.00000
-744.44444   11.11111    0.00000
-722.22222   11.11111    0.00000
-700.00000   11.11111    0.00000
-677.77778   11.11111    0.00000
-655.55556   11.11111    0.00000
-633.33333   11.11111    0.00000
-611.11111   11.11111    0.00000
-588.88889   11.11111    0.00000
-566.66667   11.11111    0.00000
-544.44444   11.11111    0.00000
-522.22222   11.11111    0.00000
-500.00000   11.11111    0.00000
-477.77778   11.11111    0.00000
-455.55556   11.11111    0.00000
-433.33333   11.11111    0.00000
-411.11111   11.11111    0.00000
-388.88889   11.11111    0.00000
-366.66667   11.11111    0.00000
-344.44444   11.11111    0.00000
-322.22222   11.11111    0.00000
-300.00000   11.11111    0.00000
-277.77778   11.11111    0.00000
-255.55556   11.11111    0.00000
-233.33333   11.11111    0.00000
-211.11111   11.11111    0.00000
-188.88889   11.11111    0.00000
-166.66667   11.11111    0.00000
-144.44444   11.11111    0.00000
-122.22222   11.11111    0.00000
-100.00000   11.11111    0.00000
 -77.77778   11.11111    0.00000
 -55.55556   11.11111    0.00000
 -33.33333   11.11111    0.00000
 -11.11111   11.11111    0.00000
  11.11111   11.11111    0.00000
  33.33333   11.11111    0.00000
  55.55556   11.11111    0.00000
  77.77778   11.11111    0.00000
 100.00000   11.11111    0.00000
 122.22222   11.11111    0.00000
 144.44444   11.11111    0.00000
 166.66667   11.11111    0.00000
 188.88889   11.11111    0.00000
 211.11111   11.11111    0.00000
 233.33333   11.11111    0.00000
 255.55556   11.11111    0.00000
 277.77778   11.11111    0.00000
 300.00000   11.11111    0.00000
 322.22222   11.11111    0.00000
 344.44444   11.11111    0.00000
 366.66667   11.11111    0.00000
 388.88889   11.11111    0.00000
 411.11111   11.11111    0.00000
 433.33333   11.11111    0.00000
 455.55556   11.11111    0.00000
 477.77778   11.11111    0.00000
 500.00000   11.11111    0.00000
 522.22222   11.11111    0.00000
 544.44444   11.11111    0.00000
 566.66667   11.11111    0.00000
 588.88889   11.11111    0.00000
 611.11111   11.11111    0.00000
 633.33333   11.11111    0.00000
 655.55556   11.11111    0.00000
 677.77778   11.11111    0.00000
 700.00000   11.11111    0.00000
 722.22222   11.11111    0.00000
 744.44444   11.11111    0.00000
 766.66667   11.11111    0.00000
 788.88889   11.11111    0.00000
 811.11111   11.11111    0.00000
 833.33333   11.11111    0.00000
 855.55556   11.11111    0.00000
 877.77778   11.11111    0.00000
 900.00000   11.11111    0.00000
 922.22222   11.11111    0.00000
 944.44444   11.11111    0.00000
 966.66667   11.11111    0.00000
 988.88889   11.11111    0.00000
1011.11111   11.11111    0.00000
1033.33333   11.11111    0.00000
1055.55556   11.11111    0.00000
1077.77778   11.11111    0.00000
1100.00000   11.11111    0.00000
-1100.00000   33.33333    0.00000
-1077.77778   33.33333    0.00000
-1055.55556   33.33333    0.00000
-1033.33333   33.33333    0.00000
-1011.11111   33.33333    0.00000
-988.88889   33.33333    0.00000
-966.66667   33.33333    0.00000
-944.44444   33.33333    0.00000
-922.22222   33.33333    0.00000
-900.00000   33.33333    0.00000
-877.77778   33.33333    0.00000
-855.55556   33.33333    0.00000
-833.33333   33.33333    0.00000
-811.11111   33.33333    0.00000
-788.88889   33.33333    0.00000
-766.66667   33.33333    0.00000
-744.44444   33.33333    0.00000
-722.22222   33.33333    0.00000
-700.00000   33.33333    0.00000
-677.77778   33.33333    0.00000
-655.55556   33.33333    0.00000
-633.33333   33.33333    0.00000
-611.11111   33.33333    0.00000
-588.88889   33.33333    0.00000
-566.66667   33.33333    0.00000
-544.44444   33.33333    0.00000
-522.22222   33.33333    0.00000
-500.00000   33.33333    0.00000
-477.77778   33.33333    0.00000
-455.55556   33.33333    0.00000
-433.33333   33.33333    0.00000
-411.11111   33.33333    0.00000
-388.88889   33.33333    0.00000
-366.66667   33.33333    0.00000
-344.44444   33.33333    0.00000
-322.22222   33.33333    0.00000
-300.00000   33.33333    0.00000
-277.77778   33.33333    0.00000
-255.55556   33.33333    0.00000
-233.33333   33.33333    0.00000
-211.11111   33.33333    0.00000
-188.88889   33.33333    0.00000
-166.66667   33.33333    0.00000
-144.44444   33.33333    0.00000
-122.22222   33.33333    0.00000
-100.00000   33.33333    0.00000
 -77.77778   33.33333    0.00000
 -55.55556   33.33333    0.00000
 -33.33333   33.33333    0.00000
 -11.11111   33.33333    0.00000
  11.11111   33.33333    0.00000
  33.33333   33.33333    0.00000
  55.55556   33.33333    0.00000
  77.77778   33.33333    0.00000
 100.00000   33.33333    0.00000
 122.22222   33.33333    0.00000
 144.44444   33.33333    0.00000
 166.66667   33.33333    0.00000
 188.88889   33.33333    0.00000
 211.11111   33.33333    0.00000
 233.33333   33.33333    0.00000
 255.55556   33.33333    0.00000
 277.77778   33.33333    0.00000
 300.00000   33.33333    0.00000
 322.22222   33.33333    0.00000
 344.44444   33.33333    0.00000
 366.66667   33.33333    0.00000
 388.88889   33.33333    0.00000
 411.11111   33.33333    0.00000
 433.33333   33.33333    0.00000
 455.55556   33.33333    0.00000
 477.77778   33.33333    0.00000
 500.00000   33.33333    0.00000
 522.22222   33.33333    0.00000
 544.44444   33.33333    0.00000
 566.66667   33.33333    0.00000
 588.88889   33.33333    0.00000
 611.11111   33.33333    0.00000
 633.33333   33.33333    0.00000
 655.55556   33.33333    0.00000
 677.77778   33.33333    0.00000
 700.00000   33.33333    0.00000
 722.22222   33.33333    0.00000
 744.44444   33.33333    0.00000
 766.66667   33.33333    0.00000
 788.88889   33.33333    0.00000
 811.11111   33.33333    0.00000
 833.33333   33.33333    0.00000
 855.55556   33.33333    0.00000
 877.77778   33.33333    0.00000
 900.00000   33.33333    0.00000
 922.22222   33.33333    0.00000
 944.44444   33.33333    0.00000
 966.66667   33.33333    0.00000
 988.88889   33.33333    0.00000
1011.11111   33.33333    0.00000
1033.33333   33.33333    0.00000
1055.55556   33.33333    0.00000
1077.77778   33.33333    0.00000
1100.00000   33.33333    0.00000
-1100.00000   55.55556    0.00000
-1077.77778   55.55556    0.00000
-1055.55556   55.55556    0.00000
-1033.33333   55.55556    0.00000
-1011.11111   55.55556    0.00000
-988.88889   55.55556    0.00000
-966.66667   55.55556    0.00000
-944.44444   55.55556    0.00000
-922.22222   55.55556    0.00000
-900.00000   55.55556    0.00000
-877.77778   55.55556    0.00000
-855.55556   55.55556    0.00000
-833.33333   55.55556    0.00000
-811.11111   55.55556    0.00000
-788.88889   55.55556    0.00000
-766.66667   55.55556    0.00000
-744.44444   55.55556    0.00000
-722.22222   55.55556    0.00000
-700.00000   55.55556    0.00000
-677.77778   55.55556    0.00000
-655.55556   55.55556    0.00000
-633.33333   55.55556    0.00000
-611.11111   55.55556    0.00000
-588.88889   55.55556    0.00000
-566.66667   55.55556    0.00000
-544.44444   55.55556    0.00000
-522.22222   55.55556    0.00000
-500.00000   55.55556    0.00000
-477.77778   55.55556    0.00000
-455.55556   55.55556    0.00000
-433.33333   55.55556    0.00000
-411.11111   55.55556    0.00000
-388.88889   55.55556    0.00000
-366.66667   55.55556    0.00000
-344.44444   55.55556    0.00000
-322.22222   55.55556    0.00000
-300.00000   55.55556    0.00000
-277.77778   55.55556    0.00000
-255.55556   55.55556    0.00000
-233.33333   55.55556    0.00000
-211.11111   55.55556    0.00000
-188.88889   55.55556    0.00000
-166.66667   55.55556    0.00000
-144.44444   55.55556    0.00000
-122.22222   55.55556    0.00000
-100.00000   55.55556    0.00000
 -77.77778   55.55556    0.00000
 -55.55556   55.55556    0.00000
 -33.33333   55.55556    0.00000
 -11.11111   55.55556    0.00000
  11.11111   55.55556    0.00000
  33.33333   55.55556    0.00000
  55.55556   55.55556    0.00000
  77.77778   55.55556    0.00000
 100.00000   55.55556    0.00000
 122.22222   55.55556    0.00000
 144.44444   55.55556    0.00000
 166.66667   55.55556    0.00000
 188.88889   55.55556    0.00000
 211.11111   55.55556    0.00000
 233.33333   55.55556    0.00000
 255.55556   55.55556    0.00000
 277.77778   55.55556    0.00000
 300.00000   55.55556    0.00000
 322.22222   55.55556    0.00000
 344.44444   55.55556    0.00000
 366.66667   55.55556    0.00000
 388.88889   55.55556    0.00000
 411.11111   55.55556    0.00000
 433.33333   55.55556    0.00000
 455.55556   55.55556    0.00000
 477.77778   55.55556    0.00000
 500.00000   55.55556    0.00000
 522.22222   55.55556    0.00000
 544.44444   55.55556    0.00000
 566.66667   55.55556    0.00000
 588.88889   55.55556    0.00000
 611.11111   55.55556    0.00000
 633.33333   55.55556    0.00000
 655.55556   55.55556    0.00000
 677.77778   55.55556    0.00000
 700.00000   55.55556    0.00000
 722.22222   55.55556    0.00000
 744.44444   55.55556    0.00000
 766.66667   55.55556    0.00000
 788.88889   55.55556    0.00000
 811.11111   55.55556    0.00000
 833.33333   55.55556    0.00000
 855.55556   55.55556    0.00000
 877.77778   55.55556    0.00000
 900.00000   55.55556    0.00000
 922.22222   55.55556    0.00000
 944.44444   55.55556    0.00000
 966.66667   55.55556    0.00000
 988.88889   55.55556    0.00000
1011.11111   55.55556    0.00000
1033.33333   55.55556    0.00000
1055.55556   55.55556    0.00000
1077.77778   55.55556    0.00000
1100.00000   55.55556    0.00000
-1100.00000   77.77778    0.00000
-1077.77778   77.77778    0.00000
-1055.55556   77.77778    0.00000
-1033.33333   77.77778    0.00000
-1011.11111   77.77778    0.00000
-988.88889   77.77778    0.00000
-966.66667   77.77778    0.00000
-944.44444   77.77778    0.00000
-922.22222   77.77778    0.00000
-900.00000   77.77778    0.00000
-877.77778   77.77778    0.00000
-855.55556   77.77778    0.00000
-833.33333   77.77778    0.00000
-811.11111   77.77778    0.00000
-788.88889   77.77778    0.00000
-766.66667   77.77778    0.00000
-744.44444   77.77778    0.00000
-722.22222   77.77778    0.00000
-700.00000   77.77778    0.00000
-677.77778   77.77778    0.00000
-655.55556   77.77778    0.00000
-633.33333   77.77778    0.00000
-611.11111   77.77778    0.00000
-588.88889   77.77778    0.00000
-566.66667   77.77778    0.00000
-544.44444   77.77778    0.00000
-522.22222   77.77778    0.00000
-500.00000   77.77778    0.00000
-477.77778   77.77778    0.00000
-455.55556   77.77778    0.00000
-433.33333   77.77778    0.00000
-411.11111   77.77778    0.00000
-388.88889   77.77778    0.00000
-366.66667   77.77778    0.00000
-344.44444   77.77778    0.00000
-322.22222   77.77778    0.00000
-300.00000   77.77778    0.00000
-277.77778   77.77778    0.00000
-255.55556   77.77778    0.00000
-233.33333   77.77778    0.00000
-211.11111   77.77778    0.00000
-188.88889   77.77778    0.00000
-166.66667   77.77778    0.00000
-144.44444   77.77778    0.00000
-122.22222   77.77778    0.00000
-100.00000   77.77778    0.00000
 -77.77778   77.77778    0.00000
 -55.55556   77.77778    0.00000
 -33.33333   77.77778    0.00000
 -11.11111   77.77778    0.00000
  11.11111   77.77778    0.00000
  33.33333   77.77778    0.00000
  55.55556   77.77778    0.00000
  77.77778   77.77778    0.00000
 100.00000   77.77778    0.00000
 122.22222   77.77778    0.00000
 144.44444   77.77778    0.00000
 166.66667   77.77778    0.00000
 188.88889   77.77778    0.00000
 211.11111   77.77778    0.00000
 233.33333   77.77778    0.00000
 255.55556   77.77778    0.00000
 277.77778   77.77778    0.00000
 300.00000   77.77778    0.00000
 322.22222   77.77778    0.00000
 344.44444   77.77778    0.00000
 366.66667   77.77778    0.00000
 388.88889   77.77778    0.00000
 411.11111   77.77778    0.00000
 433.33333   77.77778    0.00000
 455.55556   77.77778    0.00000
 477.77778   77.77778    0.00000
 500.00000   77.77778    0.00000
 522.22222   77.77778    0.00000
 544.44444   77.77778    0.00000
 566.66667   77.77778    0.00000
 588.88889   77.77778    0.00000
 611.11111   77.77778    0.00000
 633.33333   77.77778    0.00000
 655.55556   77.77778    0.00000
 677.77778   77.77778    0.00000
 700.00000   77.77778    0.00000
 722.22222   77.77778    0.00000
 744.44444   77.77778    0.00000
 766.66667   77.77778    0.00000
 788.88889   77.77778    0.00000
 811.11111   77.77778    0.00000
 833.33333   77.77778    0.00000
 855.55556   77.77778    0.00000
 877.77778   77.77778    0.00000
 900.00000   77.77778    0.00000
 922.22222   77.77778    0.00000
 944.44444   77.77778    0.00000
 966.66667   77.77778    0.00000
 988.88889   77.77778    0.00000
1011.11111   77.77778    0.00000
1033.33333   77.77778    0.00000
1055.55556   77.77778    0.00000
1077.77778   77.77778    0.00000
1100.00000   77.77778    0.00000
-1100.00000  100.00000    0.00000
-1077.77778  100.00000    0.00000
-1055.55556  100.00000    0.00000
-1033.33333  100.00000    0.00000
-1011.11111  100.00000    0.00000
-988.88889  100.00000    0.00000
-966.66667  100.00000    0.00000
-944.44444  100.00000    0.00000
-922.22222  100.00000    0.00000
-900.00000  100.00000    0.00000
-877.77778  100.00000    0.00000
-855.55556  100.00000    0.00000
-833.33333  100.00000    0.00000
-811.11111  100.00000    0.00000
-788.88889  100.00000    0.00000
-766.66667  100.00000    0.00000
-744.44444  100.00000    0.00000
-722.22222  100.00000    0.00000
-700.00000  100.00000    0.00000
-677.77778  100.00000    0.00000
-655.55556  100.00000    0.00000
-633.33333  100.00000    0.00000
-611.11111  100.00000    0.00000
-588.88889  100.00000    0.00000
-566.66667  100.00000    0.00000
-544.44444  100.00000    0.00000
-522.22222  100.00000    0.00000
-500.00000  100.00000    0.00000
-477.77778  100.00000    0.00000
-455.55556  100.00000    0.00000
-433.33333  100.00000    0.00000
-411.11111  100.00000    0.00000
-388.88889  100.00000    0.00000
-366.66667  100.00000    0.00000
-344.44444  100.00000    0.00000
-322.22222  100.00000    0.00000
-300.00000  100.00000    0.00000
-277.77778  100.00000    0.00000
-255.55556  100.00000    0.00000
-233.33333  100.00000    0.00000
-211.11111  100.00000    0.00000
-188.88889  100.00000    0.00000
-166.66667  100.00000    0.00000
-144.44444  100.00000    0.00000
-122.22222  100.00000    0.00000
-100.00000  100.00000    0.00000
 -77.77778  100.00000    0.00000
 -55.55556  100.00000    0.00000
 -33.33333  100.00000    0.00000
 -11.11111  100.00000    0.00000
  11.11111  100.00000    0.00000
  33.33333  100.00000    0.00000
  55.55556  100.00000    0.00000
  77.77778  100.00000    0.00000
 100.00000  100.00000    0.00000
 122.22222  100.00000    0.00000
 144.44444  100.00000    0.00000
 166.66667  100.00000    0.00000
 188.88889  100.00000    0.00000
 211.11111  100.00000    0.00000
 233.33333  100.00000    0.00000
 255.55556  100.00000    0.00000
 277.77778  100.00000    0.00000
 300.00000  100.00000    0.00000
 322.22222  100.00000    0.00000
 344.44444  100.00000    0.00000
 366.66667  100.00000    0.00000
 388.88889  100.00000    0.00000
 411.11111  100.00000    0.00000
 433.33333  100.00000    0.00000
 455.55556  100.00000    0.00000
 477.77778  100.00000    0.00000
 500.00000  100.00000    0.00000
 522.22222  100.00000    0.00000
 544.44444  100.00000    0.00000
 566.66667  100.00000    0.00000
 588.88889  100.00000    0.00000
 611.11111  100.00000    0.00000
 633.33333  100.00000    0.00000
 655.55556  100.00000    0.00000
 677.77778  100.00000    0.00000
 700.00000  100.00000    0.00000
 722.22222  100.00000    0.00000
 744.44444  100.00000    0.00000
 766.66667  100.00000    0.00000
 788.88889  100.00000    0.00000
 811.11111  100.00000    0.00000
 833.33333  100.00000    0.00000
 855.55556  100.00000    0.00000
 877.77778  100.00000    0.00000
 900.00000  100.00000    0.00000
 922.22222  100.00000    0.00000
 944.44444  100.00000    0.00000
 966.66667  100.00000    0.00000
 988.88889  100.00000    0.00000
1011.11111  100.00000    0.00000
1033.33333  100.00000    0.00000
1055.55556  100.00000    0.00000
1077.77778  100.00000    0.00000
1100.00000  100.00000    0.00000
-1100.00000  122.22222    0.00000
-1077.77778  122.22222    0.00000
-1055.55556  122.22222    0.00000
-1033.33333  122.22222    0.00000
-1011.11111  122.22222    0.00000
-988.88889  122.22222    0.00000
-966.66667  122.22222    0.00000
-944.44444  122.22222    0.00000
-922.22222  122.22222    0.00000
-900.00000  122.22222    0.00000
-877.77778  122.22222    0.00000
-855.55556  122.22222    0.00000
-833.33333  122.22222    0.00000
-811.11111  122.22222    0.00000
-788.88889  122.22222    0.00000
-766.66667  122.22222    0.00000
-744.44444  122.22222    0.00000
-722.22222  122.22222    0.00000
-700.00000  122.22222    0.00000
-677.77778  122.22222    0.00000
-655.55556  122.22222    0.00000
-633.33333  122.22222    0.00000
-611.11111  122.22222    0.00000
-588.88889  122.22222    0.00000
-566.66667  122.22222    0.00000
-544.44444  122.22222    0.00000
-522.22222  122.22222    0.00000
-500.00000  122.22222    0.00000
-477.77778  122.22222    0.00000
-455.55556  122.22222    0.00000
-433.33333  122.22222    0.00000
-411.11111  122.22222    0.00000
-388.88889  122.22222    0.00000
-366.66667  122.22222    0.00000
-344.44444  122.22222    0.00000
-322.22222  122.22222    0.00000
-300.00000  122.22222    0.00000
-277.77778  122.22222    0.00000
-255.55556  122.22222    0.00000
-233.33333  122.22222    0.00000
-211.11111  122.22222    0.00000
-188.88889  122.22222    0.00000
-166.66667  122.22222    0.00000
-144.44444  122.22222    0.00000
-122.22222  122.22222    0.00000
-100.00000  122.22222    0.00000
 -77.77778  122.22222    0.00000
 -55.55556  122.22222    0.00000
 -33.33333  122.22222    0.00000
 -11.11111  122.22222    0.00000
  11.11111  122.22222    0.00000
  33.33333  122.22222    0.00000
  55.55556  122.22222    0.00000
  77.77778  122.22222    0.00000
 100.00000  122.22222    0.00000
 122.22222  122.22222    0.00000
 144.44444  122.22222    0.00000
 166.66667  122.22222    0.00000
 188.88889  122.22222    0.00000
 211.11111  122.22222    0.00000
 233.33333  122.22222    0.00000
 255.55556  122.22222    0.00000
 277.77778  122.22222    0.00000
 300.00000  122.22222    0.00000
 322.22222  122.22222    0.00000
 344.44444  122.22222    0.00000
 366.66667  122.22222    0.00000
 388.88889  122.22222    0.00000
 411.11111  122.22222    0.00000
 433.33333  122.22222    0.00000
 455.55556  122.22222    0.00000
 477.77778  122.22222    0.00000
 500.00000  122.22222    0.00000
 522.22222  122.22222    0.00000
 544.44444  122.22222    0.00000
 566.66667  122.22222    0.00000
 588.88889  122.22222    0.00000
 611.11111  122.22222    0.00000
 633.33333  122.22222    0.00000
 655.55556  122.22222    0.00000
 677.77778  122.22222    0.00000
 700.00000  122.22222    0.00000
 722.22222  122.22222    0.00000
 744.44444  122.22222    0.00000
 766.66667  122.22222    0.00000
 788.88889  122.22222    0.00000
 811.11111  122.22222    0.00000
 833.33333  122.22222    0.00000
 855.55556  122.22222    0.00000
 877.77778  122.22222    0.00000
 900.00000  122.22222    0.00000
 922.22222  122.22222    0.00000
 944.44444  122.22222    0.00000
 966.66667  122.22222    0.00000
 988.88889  122.22222    0.00000
1011.11111  122.22222    0.00000
1033.33333  122.22222    0.00000
1055.55556  122.22222    0.00000
1077.77778  122.22222    0.00000
1100.00000  122.22222    0.00000
-1100.00000  144.44444    0.00000
-1077.77778  144.44444    0.00000
-1055.55556  144.44444    0.00000
-1033.33333  144.44444    0.00000
-1011.11111  144.44444    0.00000
-988.88889  144.44444    0.00000
-966.66667  144.44444    0.00000
-944.44444  144.44444    0.00000
-922.22222  144.44444    0.00000
-900.00000  144.44444    0.00000
-877.77778  144.44444    0.00000
-855.55556  144.44444    0.00000
-833.33333  144.44444    0.00000
-811.11111  144.44444    0.00000
-788.88889  144.44444    0.00000
-766.66667  144.44444    0.00000
-744.44444  144.44444    0.00000
-722.22222  144.44444    0.00000
-700.00000  144.44444    0.00000
-677.77778  144.44444    0.00000
-655.55556  144.44444    0.00000
-633.33333  144.44444    0.00000
-611.11111  144.44444    0.00000
-588.88889  144.44444    0.00000
-566.66667  144.44444    0.00000
-544.44444  144.44444    0.00000
-522.22222  144.44444    0.00000
-500.00000  144.44444    0.00000
-477.77778  144.44444    0.00000
-455.55556  144.44444    0.00000
-433.33333  144.44444    0.00000
-411.11111  144.44444    0.00000
-388.88889  144.44444    0.00000
-366.66667  144.44444    0.00000
-344.44444  144.44444    0.00000
-322.22222  144.44444    0.00000
-300.00000  144.44444    0.00000
-277.77778  144.44444    0.00000
-255.55556  144.44444    0.00000
-233.33333  144.44444    0.00000
-211.11111  144.44444    0.00000
-188.88889  144.44444    0.00000
-166.66667  144.44444    0.00000
-144.44444  144.44444    0.00000
-122.22222  144.44444    0.00000
-100.00000  144.44444    0.00000
 -77.77778  144.44444    0.00000
 -55.55556  144.44444    0.00000
 -33.33333  144.44444    0.00000
 -11.11111  144.44444    0.00000
  11.11111  144.44444    0.00000
  33.33333  144.44444    0.00000
  55.55556  144.44444    0.00000
  77.77778  144.44444    0.00000
 100.00000  144.44444    0.00000
 122.22222  144.44444    0.00000
 144.44444  144.44444    0.00000
 166.66667  144.44444    0.00000
 188.88889  144.44444    0.00000
 211.11111  144.44444    0.00000
 233.33333  144.44444    0.00000
 255.55556  144.44444    0.00000
 277.77778  144.44444    0.00000
 300.00000  144.44444    0.00000
 322.22222  144.44444    0.00000
 344.44444  144.44444    0.00000
 366.66667  144.44444    0.00000
 388.88889  144.44444    0.00000
 411.11111  144.44444    0.00000
 433.33333  144.44444    0.00000
 455.55556  144.44444    0.00000
 477.77778  144.44444    0.00000
 500.00000  144.44444    0.00000
 522.22222  144.44444    0.00000
 544.44444  144.44444    0.00000
 566.66667  144.44444    0.00000
 588.88889  144.44444    0.00000
 611.11111  144.44444    0.00000
 633.33333  144.44444    0.00000
 655.55556  144.44444    0.00000
 677.77778  144.44444    0.00000
 700.00000  144.44444    0.00000
 722.22222  144.44444    0.00000
 744.44444  144.44444    0.00000
 766.66667  144.44444    0.00000
 788.88889  144.44444    0.00000
 811.11111  144.44444    0.00000
 833.33333  144.44444    0.00000
 855.55556  144.44444    0.00000
 877.77778  144.44444    0.00000
 900.00000  144.44444    0.00000
 922.22222  144.44444    0.00000
 944.44444  144.44444    0.00000
 966.66667  144.44444    0.00000
 988.88889  144.44444    0.00000
1011.11111  144.44444    0.00000
1033.33333  144.44444    0.00000
1055.55556  144.44444    0.00000
1077.77778  144.44444    0.00000
1100.00000  144.44444    0.00000
-1100.00000  166.66667    0.00000
-1077.77778  166.66667    0.00000
-1055.55556  166.66667    0.00000
-1033.33333  166.66667    0.00000
-1011.11111  166.66667    0.00000
-988.88889  166.66667    0.00000
-966.66667  166.66667    0.00000
-944.44444  166.66667    0.00000
-922.22222  166.66667    0.00000
-900.00000  166.66667    0.00000
-877.77778  166.66667    0.00000
-855.55556  166.66667    0.00000
-833.33333  166.66667    0.00000
-811.11111  166.66667    0.00000
-788.88889  166.66667    0.00000
-766.66667  166.66667    0.00000
-744.44444  166.66667    0.00000
-722.22222  166.66667    0.00000
-700.00000  166.66667    0.00000
-677.77778  166.66667    0.00000
-655.55556  166.66667    0.00000
-633.33333  166.66667    0.00000
-611.11111  166.66667    0.00000
-588.88889  166.66667    0.00000
-566.66667  166.66667    0.00000
-544.44444  166.66667    0.00000
-522.22222  166.66667    0.00000
-500.00000  166.66667    0.00000
-477.77778  166.66667    0.00000
-455.55556  166.66667    0.00000
-433.33333  166.66667    0.00000
-411.11111  166.66667    0.00000
-388.88889  166.66667    0.00000
-366.66667  166.66667    0.00000
-344.44444  166.66667    0.00000
-322.22222  166.66667    0.00000
-300.00000  166.66667    0.00000
-277.77778  166.66667    0.00000
-255.55556  166.66667    0.00000
-233.33333  166.66667    0.00000
-211.11111  166.66667    0.00000
-188.88889  166.66667    0.00000
-166.66667  166.66667    0.00000
-144.44444  166.66667    0.00000
-122.22222  166.66667    0.00000
-100.00000  166.66667    0.00000
 -77.77778  166.66667    0.00000
 -55.55556  166.66667    0.00000
 -33.33333  166.66667    0.00000
 -11.11111  166.66667    0.00000
  11.11111  166.66667    0.00000
  33.33333  166.66667    0.00000
  55.55556  166.66667    0.00000
  77.77778  166.66667    0.00000
 100.00000  166.66667    0.00000
 122.22222  166.66667    0.00000
 144.44444  166.66667    0.00000
 166.66667  166.66667    0.00000
 188.88889  166.66667    0.00000
 211.11111  166.66667    0.00000
 233.33333  166.66667    0.00000
 255.55556  166.66667    0.00000
 277.77778  166.66667    0.00000
 300.00000  166.66667    0.00000
 322.22222  166.66667    0.00000
 344.44444  166.66667    0.00000
 366.66667  166.66667    0.00000
 388.88889  166.66667    0.00000
 411.11111  166.66667    0.00000
 433.33333  166.66667    0.00000
 455.55556  166.66667    0.00000
 477.77778  166.66667    0.00000
 500.00000  166.66667    0.00000
 522.22222  166.66667    0.00000
 544.44444  166.66667    0.00000
 566.66667  166.66667    0.00000
 588.88889  166.66667    0.00000
 611.11111  166.66667    0.00000
 633.33333  166.66667    0.00000
 655.55556  166.66667    0.00000
 677.77778  166.66667    0.00000
 700.00000  166.66667    0.00000
 722.22222  166.66667    0.00000
 744.44444  166.66667    0.00000
 766.66667  166.66667    0.00000
 788.88889  166.66667    0.00000
 811.11111  166.66667    0.00000
 833.33333  166.66667    0.00000
 855.55556  166.66667    0.00000
 877.77778  166.66667    0.00000
 900.00000  166.66667    0.00000
 922.22222  166.66667    0.00000
 944.44444  166.66667    0.00000
 966.66667  166.66667    0.00000
 988.88889  166.66667    0.00000
1011.11111  166.66667    0.00000
1033.33333  166.66667    0.00000
1055.55556  166.66667    0.00000
1077.77778  166.66667    0.00000
1100.00000  166.66667    0.00000
-1100.00000  188.88889    0.00000
-1077.77778  188.88889    0.00000
-1055.55556  188.88889    0.00000
-1033.33333  188.88889    0.00000
-1011.11111  188.88889    0.00000
-988.88889  188.88889    0.00000
-966.66667  188.88889    0.00000
-944.44444  188.88889    0.00000
-922.22222  188.88889    0.00000
-900.00000  188.88889    0.00000
-877.77778  188.88889    0.00000
-855.55556  188.88889    0.00000
-833.33333  188.88889    0.00000
-811.11111  188.88889    0.00000
-788.88889  188.88889    0.00000
-766.66667  188.88889    0.00000
-744.44444  188.88889    0.00000
-722.22222  188.88889    0.00000
-700.00000  188.88889    0.00000
-677.77778  188.88889    0.00000
-655.55556  188.88889    0.00000
-633.33333  188.88889    0.00000
-611.11111  188.88889    0.00000
-588.88889  188.88889    0.00000
-566.66667  188.88889    0.00000
-544.44444  188.88889    0.00000
-522.22222  188.88889    0.00000
-500.00000  188.88889    0.00000
-477.77778  188.88889    0.00000
-455.55556  188.88889    0.00000
-433.33333  188.88889    0.00000
-411.11111  188.88889    0.00000
-388.88889  188.88889    0.00000
-366.66667  188.88889    0.00000
-344.44444  188.88889    0.00000
-322.22222  188.88889    0.00000
-300.00000  188.88889    0.00000
-277.77778  188.88889    0.00000
-255.55556  188.88889    0.00000
-233.33333  188.88889    0.00000
-211.11111  188.88889    0.00000
-188.88889  188.88889    0.00000
-166.66667  188.88889    0.00000
-144.44444  188.88889    0.00000
-122.22222  188.88889    0.00000
-100.00000  188.88889    0.00000
 -77.77778  188.88889    0.00000
 -55.55556  188.88889    0.00000
 -33.33333  188.88889    0.00000
 -11.11111  188.88889    0.00000
  11.11111  188.88889    0.00000
  33.33333  188.88889    0.00000
  55.55556  188.88889    0.00000
  77.77778  188.88889    0.00000
 100.00000  188.88889    0.00000
 122.22222  188.88889    0.00000
 144.44444  188.88889    0.00000
 166.66667  188.88889    0.00000
 188.88889  188.88889    0.00000
 211.11111  188.88889    0.00000
 233.33333  188.88889    0.00000
 255.55556  188.88889    0.00000
 277.77778  188.88889    0.00000
 300.00000  188.88889    0.00000
 322.22222  188.88889    0.00000
 344.44444  188.88889    0.00000
 366.66667  188.88889    0.00000
 388.88889  188.88889    0.00000
 411.11111  188.88889    0.00000
 433.33333  188.88889    0.00000
 455.55556  188.88889    0.00000
 477.77778  188.88889    0.00000
 500.00000  188.88889    0.00000
 522.22222  188.88889    0.00000
 544.44444  188.88889    0.00000
 566.66667  188.88889    0.00000
 588.88889  188.88889    0.00000
 611.11111  188.88889    0.00000
 633.33333  188.88889    0.00000
 655.55556  188.88889    0.00000
 677.77778  188.88889    0.00000
 700.00000  188.88889    0.00000
 722.22222  188.88889    0.00000
 744.44444  188.88889    0.00000
 766.66667  188.88889    0.00000
 788.88889  188.88889    0.00000
 811.11111  188.88889    0.00000
 833.33333  188.88889    0.00000
 855.55556  188.88889    0.00000
 877.77778  188.88889    0.00000
 900.00000  188.88889    0.00000
 922.22222  188.88889    0.00000
 944.44444  188.88889    0.00000
 966.66667  188.88889    0.00000
 988.88889  188.88889    0.00000
1011.11111  188.88889    0.00000
1033.33333  188.88889    0.00000
1055.55556  188.88889    0.00000
1077.77778  188.88889    0.00000
1100.00000  188.88889    0.00000
-1100.00000  211.11111    0.00000
-1077.77778  211.11111    0.00000
-1055.55556  211.11111    0.00000
-1033.33333  211.11111    0.00000
-1011.11111  211.11111    0.00000
-988.88889  211.11111    0.00000
-966.66667  211.11111    0.00000
-944.44444  211.11111    0.00000
-922.22222  211.11111    0.00000
-900.00000  211.11111    0.00000
-877.77778  211.11111    0.00000
-855.55556  211.11111    0.00000
-833.33333  211.11111    0.00000
-811.11111  211.11111    0.00000
-788.88889  211.11111    0.00000
-766.66667  211.11111    0.00000
-744.44444  211.11111    0.00000
-722.22222  211.11111    0.00000
-700.00000  211.11111    0.00000
-677.77778  211.11111    0.00000
-655.55556  211.11111    0.00000
-633.33333  211.11111    0.00000
-611.11111  211.11111    0.00000
-588.88889  211.11111    0.00000
-566.66667  211.11111    0.00000
-544.44444  211.11111    0.00000
-522.22222  211.11111    0.00000
-500.00000  211.11111    0.00000
-477.77778  211.11111    0.00000
-455.55556  211.11111    0.00000
-433.33333  211.11111    0.00000
-411.11111  211.11111    0.00000
-388.88889  211.11111    0.00000
-366.66667  211.11111    0.00000
-344.44444  211.11111    0.00000
-322.22222  211.11111    0.00000
-300.00000  211.11111    0.00000
-277.77778  211.11111    0.00000
-255.55556  211.11111    0.00000
-233.33333  211.11111    0.00000
-211.11111  211.11111    0.00000
-188.88889  211.11111    0.00000
-166.66667  211.11111    0.00000
-144.44444  211.11111    0.00000
-122.22222  211.11111    0.00000
-100.00000  211.11111    0.00000
 -77.77778  211.11111    0.00000
 -55.55556  211.11111    0.00000
 -33.33333  211.11111    0.00000
 -11.11111  211.11111    0.00000
  11.11111  211.11111    0.00000
  33.33333  211.11111    0.00000
  55.55556  211.11111    0.00000
  77.77778  211.11111    0.00000
 100.00000  211.11111    0.00000
 122.22222  211.11111    0.00000
 144.44444  211.11111    0.00000
 166.66667  211.11111    0.00000
 188.88889  211.11111    0.00000
 211.11111  211.11111    0.00000
 233.33333  211.11111    0.00000
 255.55556  211.11111    0.00000
 277.77778  211.11111    0.00000
 300.00000  211.11111    0.00000
 322.22222  211.11111    0.00000
 344.44444  211.11111    0.00000
 366.66667  211.11111    0.00000
 388.88889  211.11111    0.00000
 411.11111  211.11111    0.00000
 433.33333  211.11111    0.00000
 455.55556  211.11111    0.00000
 477.77778  211.11111    0.00000
 500.00000  211.11111    0.00000
 522.22222  211.11111    0.00000
 544.44444  211.11111    0.00000
 566.66667  211.11111    0.00000
 588.88889  211.11111    0.00000
 611.11111  211.11111    0.00000
 633.33333  211.11111    0.00000
 655.55556  211.11111    0.00000
 677.77778  211.11111    0.00000
 700.00000  211.11111    0.00000
 722.22222  211.11111    0.00000
 744.44444  211.11111    0.00000
 766.66667  211.11111    0.00000
 788.88889  211.11111    0.00000
 811.11111  211.11111    0.00000
 833.33333  211.11111    0.00000
 855.55556  211.11111    0.00000
 877.77778  211.11111    0.00000
 900.00000  211.11111    0.00000
 922.22222  211.11111    0.00000
 944.44444  211.11111    0.00000
 966.66667  211.11111    0.00000
 988.88889  211.11111    0.00000
1011.11111  211.11111    0.00000
1033.33333  211.11111    0.00000
1055.55556  211.11111    0.00000
1077.77778  211.11111    0.00000
1100.00000  211.11111    0.00000
-1100.00000  233.33333    0.00000
-1077.77778  233.33333    0.00000
-1055.55556  233.33333    0.00000
-1033.33333  233.33333    0.00000
-1011.11111  233.33333    0.00000
-988.88889  233.33333    0.00000
-966.66667  233.33333    0.00000
-944.44444  233.33333    0.00000
-922.22222  233.33333    0.00000
-900.00000  233.33333    0.00000
-877.77778  233.33333    0.00000
-855.55556  233.33333    0.00000
-833.33333  233.33333    0.00000
-811.11111  233.33333    0.00000
-788.88889  233.33333    0.00000
-766.66667  233.33333    0.00000
-744.44444  233.33333    0.00000
-722.22222  233.33333    0.00000
-700.00000  233.33333    0.00000
-677.77778  233.33333    0.00000
-655.55556  233.33333    0.00000
-633.33333  233.33333    0.00000
-611.11111  233.33333    0.00000
-588.88889  233.33333    0.00000
-566.66667  233.33333    0.00000
-544.44444  233.33333    0.00000
-522.22222  233.33333    0.00000
-500.00000  233.33333    0.00000
-477.77778  233.33333    0.00000
-455.55556  233.33333    0.00000
-433.33333  233.33333    0.00000
-411.11111  233.33333    0.00000
-388.88889  233.33333    0.00000
-366.66667  233.33333    0.00000
-344.44444  233.33333    0.00000
-322.22222  233.33333    0.00000
-300.00000  233.33333    0.00000
-277.77778  233.33333    0.00000
-255.55556  233.33333    0.00000
-233.33333  233.33333    0.00000
-211.11111  233.33333    0.00000
-188.88889  233.33333    0.00000
-166.66667  233.33333    0.00000
-144.44444  233.33333    0.00000
-122.22222  233.33333    0.00000
-100.00000  233.33333    0.00000
 -77.77778  233.33333    0.00000
 -55.55556  233.33333    0.00000
 -33.33333  233.33333    0.00000
 -11.11111  233.33333    0.00000
  11.11111  233.33333    0.00000
  33.33333  233.33333    0.00000
  55.55556  233.33333    0.00000
  77.77778  233.33333    0.00000
 100.00000  233.33333    0.00000
 122.22222  233.33333    0.00000
 144.44444  233.33333    0.00000
 166.66667  233.33333    0.00000
 188.88889  233.33333    0.00000
 211.11111  233.33333    0.00000
 233.33333  233.33333    0.00000
 255.55556  233.33333    0.00000
 277.77778  233.33333    0.00000
 300.00000  233.33333    0.00000
 322.22222  233.33333    0.00000
 344.44444  233.33333    0.00000
 366.66667  233.33333    0.00000
 388.88889  233.33333    0.00000
 411.11111  233.33333    0.00000
 433.33333  233.33333    0.00000
 455.55556  233.33333    0.00000
 477.77778  233.33333    0.00000
 500.00000  233.33333    0.00000
 522.22222  233.33333    0.00000
 544.44444  233.33333    0.00000
 566.66667  233.33333    0.00000
 588.88889  233.33333    0.00000
 611.11111  233.33333    0.00000
 633.33333  233.33333    0.00000
 655.55556  233.33333    0.00000
 677.77778  233.33333    0.00000
 700.00000  233.33333    0.00000
 722.22222  233.33333    0.00000
 744.44444  233.33333    0.00000
 766.66667  233.33333    0.00000
 788.88889  233.33333    0.00000
 811.11111  233.33333    0.00000
 833.33333  233.33333    0.00000
 855.55556  233.33333    0.00000
 877.77778  233.33333    0.00000
 900.00000  233.33333    0.00000
 922.22222  233.33333    0.00000
 944.44444  233.33333    0.00000
 966.66667  233.33333    0.00000
 988.88889  233.33333    0.00000
1011.11111  233.33333    0.00000
1033.33333  233.33333    0.00000
1055.55556  233.33333    0.00000
1077.77778  233.33333    0.00000
1100.00000  233.33333    0.00000
-1100.00000  255.55556    0.00000
-1077.77778  255.55556    0.00000
-1055.55556  255.55556    0.00000
-1033.33333  255.55556    0.00000
-1011.11111  255.55556    0.00000
-988.88889  255.55556    0.00000
-966.66667  255.55556    0.00000
-944.44444  255.55556    0.00000
-922.22222  255.55556    0.00000
-900.00000  255.55556    0.00000
-877.77778  255.55556    0.00000
-855.55556  255.55556    0.00000
-833.33333  255.55556    0.00000
-811.11111  255.55556    0.00000
-788.88889  255.55556    0.00000
-766.66667  255.55556    0.00000
-744.44444  255.55556    0.00000
-722.22222  255.55556    0.00000
-700.00000  255.55556    0.00000
-677.77778  255.55556    0.00000
-655.55556  255.55556    0.00000
-633.33333  255.55556    0.00000
-611.11111  255.55556    0.00000
-588.88889  255.55556    0.00000
-566.66667  255.55556    0.00000
-544.44444  255.55556    0.00000
-522.22222  255.55556    0.00000
-500.00000  255.55556    0.00000
-477.77778  255.55556    0.00000
-455.55556  255.55556    0.00000
-433.33333  255.55556    0.00000
-411.11111  255.55556    0.00000
-388.88889  255.55556    0.00000
-366.66667  255.55556    0.00000
-344.44444  255.55556    0.00000
-322.22222  255.55556    0.00000
-300.00000  255.55556    0.00000
-277.77778  255.55556    0.00000
-255.55556  255.55556    0.00000
-233.33333  255.55556    0.00000
-211.11111  255.55556    0.00000
-188.88889  255.55556    0.00000
-166.66667  255.55556    0.00000
-144.44444  255.55556    0.00000
-122.22222  255.55556    0.00000
-100.00000  255.55556    0.00000
 -77.77778  255.55556    0.00000
 -55.55556  255.55556    0.00000
 -33.33333  255.55556    0.00000
 -11.11111  255.55556    0.00000
  11.11111  255.55556    0.00000
  33.33333  255.55556    0.00000
  55.55556  255.55556    0.00000
  77.77778  255.55556    0.00000
 100.00000  255.55556    0.00000
 122.22222  255.55556    0.00000
 144.44444  255.55556    0.00000
 166.66667  255.55556    0.00000
 188.88889  255.55556    0.00000
 211.11111  255.55556    0.00000
 233.33333  255.55556    0.00000
 255.55556  255.55556    0.00000
 277.77778  255.55556    0.00000
 300.00000  255.55556    0.00000
 322.22222  255.55556    0.00000
 344.44444  255.55556    0.00000
 366.66667  255.55556    0.00000
 388.88889  255.55556    0.00000
 411.11111  255.55556    0.00000
 433.33333  255.55556    0.00000
 455.55556  255.55556    0.00000
 477.77778  255.55556    0.00000
 500.00000  255.55556    0.00000
 522.22222  255.55556    0.00000
 544.44444  255.55556    0.00000
 566.66667  255.55556    0.00000
 588.88889  255.55556    0.00000
 611.11111  255.55556    0.00000
 633.33333  255.55556    0.00000
 655.55556  255.55556    0.00000
 677.77778  255.55556    0.00000
 700.00000  255.55556    0.00000
 722.22222  255.55556    0.00000
 744.44444  255.55556    0.00000
 766.66667  255.55556    0.00000
 788.88889  255.55556    0.00000
 811.11111  255.55556    0.00000
 833.33333  255.55556    0.00000
 855.55556  255.55556    0.00000
 877.77778  255.55556    0.00000
 900.00000  255.55556    0.00000
 922.22222  255.55556    0.00000
 944.44444  255.55556    0.00000
 966.66667  255.55556    0.00000
 988.88889  255.55556    0.00000
1011.11111  255.55556    0.00000
1033.33333  255.55556    0.00000
1055.55556  255.55556    0.00000
1077.77778  255.55556    0.00000
1100.00000  255.55556    0.00000
-1100.00000  277.77778    0.00000
-1077.77778  277.77778    0.00000
-1055.55556  277.77778    0.00000
-1033.33333  277.77778    0.00000
-1011.11111  277.77778    0.00000
-988.88889  277.77778    0.00000
-966.66667  277.77778    0.00000
-944.44444  277.77778    0.00000
-922.22222  277.77778    0.00000
-900.00000  277.77778    0.00000
-877.77778  277.77778    0.00000
-855.55556  277.77778    0.00000
-833.33333  277.77778    0.00000
-811.11111  277.77778    0.00000
-788.88889  277.77778    0.00000
-766.66667  277.77778    0.00000
-744.44444  277.77778    0.00000
-722.22222  277.77778    0.00000
-700.00000  277.77778    0.00000
-677.77778  277.77778    0.00000
-655.55556  277.77778    0.00000
-633.33333  277.77778    0.00000
-611.11111  277.77778    0.00000
-588.88889  277.77778    0.00000
-566.66667  277.77778    0.00000
-544.44444  277.77778    0.00000
-522.22222  277.77778    0.00000
-500.00000  277.77778    0.00000
-477.77778  277.77778    0.00000
-455.55556  277.77778    0.00000
-433.33333  277.77778    0.00000
-411.11111  277.77778    0.00000
-388.88889  277.77778    0.00000
-366.66667  277.77778    0.00000
-344.44444  277.77778    0.00000
-322.22222  277.77778    0.00000
-300.00000  277.77778    0.00000
-277.77778  277.77778    0.00000
-255.55556  277.77778    0.00000
-233.33333  277.77778    0.00000
-211.11111  277.77778    0.00000
-188.88889  277.77778    0.00000
-166.66667  277.77778    0.00000
-144.44444  277.77778    0.00000
-122.22222  277.77778    0.00000
-100.00000  277.77778    0.00000
 -77.77778  277.77778    0.00000
 -55.55556  277.77778    0.00000
 -33.33333  277.77778    0.00000
 -11.11111  277.77778    0.00000
  11.11111  277.77778    0.00000
  33.33333  277.77778    0.00000
  55.55556  277.77778    0.00000
  77.77778  277.77778    0.00000
 100.00000  277.77778    0.00000
 122.22222  277.77778    0.00000
 144.44444  277.77778    0.00000
 166.66667  277.77778    0.00000
 188.88889  277.77778    0.00000
 211.11111  277.77778    0.00000
 233.33333  277.77778    0.00000
 255.55556  277.77778    0.00000
 277.77778  277.77778    0.00000
 300.00000  277.77778    0.00000
 322.22222  277.77778    0.00000
 344.44444  277.77778    0.00000
 366.66667  277.77778    0.00000
 388.88889  277.77778    0.00000
 411.11111  277.77778    0.00000
 433.33333  277.77778    0.00000
 455.55556  277.77778    0.00000
 477.77778  277.77778    0.00000
 500.00000  277.77778    0.00000
 522.22222  277.77778    0.00000
 544.44444  277.77778    0.00000
 566.66667  277.77778    0.00000
 588.88889  277.77778    0.00000
 611.11111  277.77778    0.00000
 633.33333  277.77778    0.00000
 655.55556  277.77778    0.00000
 677.77778  277.77778    0.00000
 700.00000  277.77778    0.00000
 722.22222  277.77778    0.00000
 744.44444  277.77778    0.00000
 766.66667  277.77778    0.00000
 788.88889  277.77778    0.00000
 811.11111  277.77778    0.00000
 833.33333  277.77778    0.00000
 855.55556  277.77778    0.00000
 877.77778  277.77778    0.00000
 900.00000  277.77778    0.00000
 922.22222  277.77778    0.00000
 944.44444  277.77778    0.00000
 966.66667  277.77778    0.00000
 988.88889  277.77778    0.00000
1011.11111  277.77778    0.00000
1033.33333  277.77778    0.00000
1055.55556  277.77778    0.00000
1077.77778  277.77778    0.00000
1100.00000  277.77778    0.00000
-1100.00000  300.00000    0.00000
-1077.77778  300.00000    0.00000
-1055.55556  300.00000    0.00000
-1033.33333  300.00000    0.00000
-1011.11111  300.00000    0.00000
-988.88889  300.00000    0.00000
-966.66667  300.00000    0.00000
-944.44444  300.00000    0.00000
-922.22222  300.00000    0.00000
-900.00000  300.00000    0.00000
-877.77778  300.00000    0.00000
-855.55556  300.00000    0.00000
-833.33333  300.00000    0.00000
-811.11111  300.00000    0.00000
-788.88889  300.00000    0.00000
-766.66667  300.00000    0.00000
-744.44444  300.00000    0.00000
-722.22222  300.00000    0.00000
-700.00000  300.00000    0.00000
-677.77778  300.00000    0.00000
-655.55556  300.00000    0.00000
-633.33333  300.00000    0.00000
-611.11111  300.00000    0.00000
-588.88889  300.00000    0.00000
-566.66667  300.00000    0.00000
-544.44444  300.00000    0.00000
-522.22222  300.00000    0.00000
-500.00000  300.00000    0.00000
-477.77778  300.00000    0.00000
-455.55556  300.00000    0.00000
-433.33333  300.00000    0.00000
-411.11111  300.00000    0.00000
-388.88889  300.00000    0.00000
-366.66667  300.00000    0.00000
-344.44444  300.00000    0.00000
-322.22222  300.00000    0.00000
-300.00000  300.00000    0.00000
-277.77778  300.00000    0.00000
-255.55556  300.00000    0.00000
-233.33333  300.00000    0.00000
-211.11111  300.00000    0.00000
-188.88889  300.00000    0.00000
-166.66667  300.00000    0.00000
-144.44444  300.00000    0.00000
-122.22222  300.00000    0.00000
-100.00000  300.00000    0.00000
 -77.77778  300.00000    0.00000
 -55.55556  300.00000    0.00000
 -33.33333  300.00000    0.00000
 -11.11111  300.00000    0.00000
  11.11111  300.00000    0.00000
  33.33333  300.00000    0.00000
  55.55556  300.00000    0.00000
  77.77778  300.00000    0.00000
 100.00000  300.00000    0.00000
 122.22222  300.00000    0.00000
 144.44444  300.00000    0.00000
 166.66667  300.00000    0.00000
 188.88889  300.00000    0.00000
 211.11111  300.00000    0.00000
 233.33333  300.00000    0.00000
 255.55556  300.00000    0.00000
 277.77778  300.00000    0.00000
 300.00000  300.00000    0.00000
 322.22222  300.00000    0.00000
 344.44444  300.00000    0.00000
 366.66667  300.00000    0.00000
 388.88889  300.00000    0.00000
 411.11111  300.00000    0.00000
 433.33333  300.00000    0.00000
 455.55556  300.00000    0.00000
 477.77778  300.00000    0.00000
 500.00000  300.00000    0.00000
 522.22222  300.00000    0.00000
 544.44444  300.00000    0.00000
 566.66667  300.00000    0.00000
 588.88889  300.00000    0.00000
 611.11111  300.00000    0.00000
 633.33333  300.00000    0.00000
 655.55556  300.00000    0.00000
 677.77778  300.00000    0.00000
 700.00000  300.00000    0.00000
 722.22222  300.00000    0.00000
 744.44444  300.00000    0.00000
 766.66667  300.00000    0.00000
 788.88889  300.00000    0.00000
 811.11111  300.00000    0.00000
 833.33333  300.00000    0.00000
 855.55556  300.00000    0.00000
 877.77778  300.00000    0.00000
 900.00000  300.00000    0.00000
 922.22222  300.00000    0.00000
 944.44444  300.00000    0.00000
 966.66667  300.00000    0.00000
 988.88889  300.00000    0.00000
1011.11111  300.00000    0.00000
1033.33333  300.00000    0.00000
1055.55556  300.00000    0.00000
1077.77778  300.00000    0.00000
1100.00000  300.00000    0.00000
-1100.00000  322.22222    0.00000
-1077.77778  322.22222    0.00000
-1055.55556  322.22222    0.00000
-1033.33333  322.22222    0.00000
-1011.11111  322.22222    0.00000
-988.88889  322.22222    0.00000
-966.66667  322.22222    0.00000
-944.44444  322.22222    0.00000
-922.22222  322.22222    0.00000
-900.00000  322.22222    0.00000
-877.77778  322.22222    0.00000
-855.55556  322.22222    0.00000
-833.33333  322.22222    0.00000
-811.11111  322.22222    0.00000
-788.88889  322.22222    0.00000
-766.66667  322.22222    0.00000
-744.44444  322.22222    0.00000
-722.22222  322.22222    0.00000
-700.00000  322.22222    0.00000
-677.77778  322.22222    0.00000
-655.55556  322.22222    0.00000
-633.33333  322.22222    0.00000
-611.11111  322.22222    0.00000
-588.88889  322.22222    0.00000
-566.66667  322.22222    0.00000
-544.44444  322.22222    0.00000
-522.22222  322.22222    0.00000
-500.00000  322.22222    0.00000
-477.77778  322.22222    0.00000
-455.55556  322.22222    0.00000
-433.33333  322.22222    0.00000
-411.11111  322.22222    0.00000
-388.88889  322.22222    0.00000
-366.66667  322.22222    0.00000
-344.44444  322.22222    0.00000
-322.22222  322.22222    0.00000
-300.00000  322.22222    0.00000
-277.77778  322.22222    0.00000
-255.55556  322.22222    0.00000
-233.33333  322.22222    0.00000
-211.11111  322.22222    0.00000
-188.88889  322.22222    0.00000
-166.66667  322.22222    0.00000
-144.44444  322.22222    0.00000
-122.22222  322.22222    0.00000
-100.00000  322.22222    0.00000
 -77.77778  322.22222    0.00000
 -55.55556  322.22222    0.00000
 -33.33333  322.22222    0.00000
 -11.11111  322.22222    0.00000
  11.11111  322.22222    0.00000
  33.33333  322.22222    0.00000
  55.55556  322.22222    0.00000
  77.77778  322.22222    0.00000
 100.00000  322.22222    0.00000
 122.22222  322.22222    0.00000
 144.44444  322.22222    0.00000
 166.66667  322.22222    0.00000
 188.88889  322.22222    0.00000
 211.11111  322.22222    0.00000
 233.33333  322.22222    0.00000
 255.55556  322.22222    0.00000
 277.77778  322.22222    0.00000
 300.00000  322.22222    0.00000
 322.22222  322.22222    0.00000
 344.44444  322.22222    0.00000
 366.66667  322.22222    0.00000
 388.88889  322.22222    0.00000
 411.11111  322.22222    0.00000
 433.33333  322.22222    0.00000
 455.55556  322.22222    0.00000
 477.77778  322.22222    0.00000
 500.00000  322.22222    0.00000
 522.22222  322.22222    0.00000
 544.44444  322.22222    0.00000
 566.66667  322.22222    0.00000
 588.88889  322.22222    0.00000
 611.11111  322.22222    0.00000
 633.33333  322.22222    0.00000
 655.55556  322.22222    0.00000
 677.77778  322.22222    0.00000
 700.00000  322.22222    0.00000
 722.22222  322.22222    0.00000
 744.44444  322.22222    0.00000
 766.66667  322.22222    0.00000
 788.88889  322.22222    0.00000
 811.11111  322.22222    0.00000
 833.33333  322.22222    0.00000
 855.55556  322.22222    0.00000
 877.77778  322.22222    0.00000
 900.00000  322.22222    0.00000
 922.22222  322.22222    0.00000
 944.44444  322.22222    0.00000
 966.66667  322.22222    0.00000
 988.88889  322.22222    0.00000
1011.11111  322.22222    0.00000
1033.33333  322.22222    0.00000
1055.55556  322.22222    0.00000
1077.77778  322.22222    0.00000
1100.00000  322.22222    0.00000
-1100.00000  344.44444    0.00000
-1077.77778  344.44444    0.00000
-1055.55556  344.44444    0.00000
-1033.33333  344.44444    0.00000
-1011.11111  344.44444    0.00000
-988.88889  344.44444    0.00000
-966.66667  344.44444    0.00000
-944.44444  344.44444    0.00000
-922.22222  344.44444    0.00000
-900.00000  344.44444    0.00000
-877.77778  344.44444    0.00000
-855.55556  344.44444    0.00000
-833.33333  344.44444    0.00000
-811.11111  344.44444    0.00000
-788.88889  344.44444    0.00000
-766.66667  344.44444    0.00000
-744.44444  344.44444    0.00000
-722.22222  344.44444    0.00000
-700.00000  344.44444    0.00000
-677.77778  344.44444    0.00000
-655.55556  344.44444    0.00000
-633.33333  344.44444    0.00000
-611.11111  344.44444    0.00000
-588.88889  344.44444    0.00000
-566.66667  344.44444    0.00000
-544.44444  344.44444    0.00000
-522.22222  344.44444    0.00000
-500.00000  344.44444    0.00000
-477.77778  344.44444    0.00000
-455.55556  344.44444    0.00000
-433.33333  344.44444    0.00000
-411.11111  344.44444    0.00000
-388.88889  344.44444    0.00000
-366.66667  344.44444    0.00000
-344.44444  344.44444    0.00000
-322.22222  344.44444    0.00000
-300.00000  344.44444    0.00000
-277.77778  344.44444    0.00000
-255.55556  344.44444    0.00000
-233.33333  344.44444    0.00000
-211.11111  344.44444    0.00000
-188.88889  344.44444    0.00000
-166.66667  344.44444    0.00000
-144.44444  344.44444    0.00000
-122.22222  344.44444    0.00000
-100.00000  344.44444    0.00000
 -77.77778  344.44444    0.00000
 -55.55556  344.44444    0.00000
 -33.33333  344.44444    0.00000
 -11.11111  344.44444    0.00000
  11.11111  344.44444    0.00000
  33.33333  344.44444    0.00000
  55.55556  344.44444    0.00000
  77.77778  344.44444    0.00000
 100.00000  344.44444    0.00000
 122.22222  344.44444    0.00000
 144.44444  344.44444    0.00000
 166.66667  344.44444    0.00000
 188.88889  344.44444    0.00000
 211.11111  344.44444    0.00000
 233.33333  344.44444    0.00000
 255.55556  344.44444    0.00000
 277.77778  344.44444    0.00000
 300.00000  344.44444    0.00000
 322.22222  344.44444    0.00000
 344.44444  344.44444    0.00000
 366.66667  344.44444    0.00000
 388.88889  344.44444    0.00000
 411.11111  344.44444    0.00000
 433.33333  344.44444    0.00000
 455.55556  344.44444    0.00000
 477.77778  344.44444    0.00000
 500.00000  344.44444    0.00000
 522.22222  344.44444    0.00000
 544.44444  344.44444    0.00000
 566.66667  344.44444    0.00000
 588.88889  344.44444    0.00000
 611.11111  344.44444    0.00000
 633.33333  344.44444    0.00000
 655.55556  344.44444    0.00000
 677.77778  344.44444    0.00000
 700.00000  344.44444    0.00000
 722.22222  344.44444    0.00000
 744.44444  344.44444    0.00000
 766.66667  344.44444    0.00000
 788.88889  344.44444    0.00000
 811.11111  344.44444    0.00000
 833.33333  344.44444    0.00000
 855.55556  344.44444    0.00000
 877.77778  344.44444    0.00000
 900.00000  344.44444    0.00000
 922.22222  344.44444    0.00000
 944.44444  344.44444    0.00000
 966.66667  344.44444    0.00000
 988.88889  344.44444    0.00000
1011.11111  344.44444    0.00000
1033.33333  344.44444    0.00000
1055.55556  344.44444    0.00000
1077.77778  344.44444    0.00000
1100.00000  344.44444    0.00000
-1100.00000  366.66667    0.00000
-1077.77778  366.66667    0.00000
-1055.55556  366.66667    0.00000
-1033.33333  366.66667    0.00000
-1011.11111  366.66667    0.00000
-988.88889  366.66667    0.00000
-966.66667  366.66667    0.00000
-944.44444  366.66667    0.00000
-922.22222  366.66667    0.00000
-900.00000  366.66667    0.00000
-877.77778  366.66667    0.00000
-855.55556  366.66667    0.00000
-833.33333  366.66667    0.00000
-811.11111  366.66667    0.00000
-788.88889  366.66667    0.00000
-766.66667  366.66667    0.00000
-744.44444  366.66667    0.00000
-722.22222  366.66667    0.00000
-700.00000  366.66667    0.00000
-677.77778  366.66667    0.00000
-655.55556  366.66667    0.00000
-633.33333  366.66667    0.00000
-611.11111  366.66667    0.00000
-588.88889  366.66667    0.00000
-566.66667  366.66667    0.00000
-544.44444  366.66667    0.00000
-522.22222  366.66667    0.00000
-500.00000  366.66667    0.00000
-477.77778  366.66667    0.00000
-455.55556  366.66667    0.00000
-433.33333  366.66667    0.00000
-411.11111  366.66667    0.00000
-388.88889  366.66667    0.00000
-366.66667  366.66667    0.00000
-344.44444  366.66667    0.00000
-322.22222  366.66667    0.00000
-300.00000  366.66667    0.00000
-277.77778  366.66667    0.00000
-255.55556  366.66667    0.00000
-233.33333  366.66667    0.00000
-211.11111  366.66667    0.00000
-188.88889  366.66667    0.00000
-166.66667  366.66667    0.00000
-144.44444  366.66667    0.00000
-122.22222  366.66667    0.00000
-100.00000  366.66667    0.00000
 -77.77778  366.66667    0.00000
 -55.55556  366.66667    0.00000
 -33.33333  366.66667    0.00000
 -11.11111  366.66667    0.00000
  11.11111  366.66667    0.00000
  33.33333  366.66667    0.00000
  55.55556  366.66667    0.00000
  77.77778  366.66667    0.00000
 100.00000  366.66667    0.00000
 122.22222  366.66667    0.00000
 144.44444  366.66667    0.00000
 166.66667  366.66667    0.00000
 188.88889  366.66667    0.00000
 211.11111  366.66667    0.00000
 233.33333  366.66667    0.00000
 255.55556  366.66667    0.00000
 277.77778  366.66667    0.00000
 300.00000  366.66667    0.00000
 322.22222  366.66667    0.00000
 344.44444  366.66667    0.00000
 366.66667  366.66667    0.00000
 388.88889  366.66667    0.00000
 411.11111  366.66667    0.00000
 433.33333  366.66667    0.00000
 455.55556  366.66667    0.00000
 477.77778  366.66667    0.00000
 500.00000  366.66667    0.00000
 522.22222  366.66667    0.00000
 544.44444  366.66667    0.00000
 566.66667  366.66667    0.00000
 588.88889  366.66667    0.00000
 611.11111  366.66667    0.00000
 633.33333  366.66667    0.00000
 655.55556  366.66667    0.00000
 677.77778  366.66667    0.00000
 700.00000  366.66667    0.00000
 722.22222  366.66667    0.00000
 744.44444  366.66667    0.00000
 766.66667  366.66667    0.00000
 788.88889  366.66667    0.00000
 811.11111  366.66667    0.00000
 833.33333  366.66667    0.00000
 855.55556  366.66667    0.00000
 877.77778  366.66667    0.00000
 900.00000  366.66667    0.00000
 922.22222  366.66667    0.00000
 944.44444  366.66667    0.00000
 966.66667  366.66667    0.00000
 988.88889  366.66667    0.00000
1011.11111  366.66667    0.00000
1033.33333  366.66667    0.00000
1055.55556  366.66667    0.00000
1077.77778  366.66667    0.00000
1100.00000  366.66667    0.00000
-1100.00000  388.88889    0.00000
-1077.77778  388.88889    0.00000
-1055.55556  388.88889    0.00000
-1033.33333  388.88889    0.00000
-1011.11111  388.88889    0.00000
-988.88889  388.88889    0.00000
-966.66667  388.88889    0.00000
-944.44444  388.88889    0.00000
-922.22222  388.88889    0.00000
-900.00000  388.88889    0.00000
-877.77778  388.88889    0.00000
-855.55556  388.88889    0.00000
-833.33333  388.88889    0.00000
-811.11111  388.88889    0.00000
-788.88889  388.88889    0.00000
-766.66667  388.88889    0.00000
-744.44444  388.88889    0.00000
-722.22222  388.88889    0.00000
-700.00000  388.88889    0.00000
-677.77778  388.88889    0.00000
-655.55556  388.88889    0.00000
-633.33333  388.88889    0.00000
-611.11111  388.88889    0.00000
-588.88889  388.88889    0.00000
-566.66667  388.88889    0.00000
-544.44444  388.88889    0.00000
-522.22222  388.88889    0.00000
-500.00000  388.88889    0.00000
-477.77778  388.88889    0.00000
-455.55556  388.88889    0.00000
-433.33333  388.88889    0.00000
-411.11111  388.88889    0.00000
-388.88889  388.88889    0.00000
-366.66667  388.88889    0.00000
-344.44444  388.88889    0.00000
-322.22222  388.88889    0.00000
-300.00000  388.88889    0.00000
-277.77778  388.88889    0.00000
-255.55556  388.88889    0.00000
-233.33333  388.88889    0.00000
-211.11111  388.88889    0.00000
-188.88889  388.88889    0.00000
-166.66667  388.88889    0.00000
-144.44444  388.88889    0.00000
-122.22222  388.88889    0.00000
-100.00000  388.88889    0.00000
 -77.77778  388.88889    0.00000
 -55.55556  388.88889    0.00000
 -33.33333  388.88889    0.00000
 -11.11111  388.88889    0.00000
  11.11111  388.88889    0.00000
  33.33333  388.88889    0.00000
  55.55556  388.88889    0.00000
  77.77778  388.88889    0.00000
 100.00000  388.88889    0.00000
 122.22222  388.88889    0.00000
 144.44444  388.88889    0.00000
 166.66667  388.88889    0.00000
 188.88889  388.88889    0.00000
 211.11111  388.88889    0.00000
 233.33333  388.88889    0.00000
 255.55556  388.88889    0.00000
 277.77778  388.88889    0.00000
 300.00000  388.88889    0.00000
 322.22222  388.88889    0.00000
 344.44444  388.88889    0.00000
 366.66667  388.88889    0.00000
 388.88889  388.88889    0.00000
 411.11111  388.88889    0.00000
 433.33333  388.88889    0.00000
 455.55556  388.88889    0.00000
 477.77778  388.88889    0.00000
 500.00000  388.88889    0.00000
 522.22222  388.88889    0.00000
 544.44444  388.88889    0.00000
 566.66667  388.88889    0.00000
 588.88889  388.88889    0.00000
 611.11111  388.88889    0.00000
 633.33333  388.88889    0.00000
 655.55556  388.88889    0.00000
 677.77778  388.88889    0.00000
 700.00000  388.88889    0.00000
 722.22222  388.88889    0.00000
 744.44444  388.88889    0.00000
 766.66667  388.88889    0.00000
 788.88889  388.88889    0.00000
 811.11111  388.88889    0.00000
 833.33333  388.88889    0.00000
 855.55556  388.88889    0.00000
 877.77778  388.88889    0.00000
 900.00000  388.88889    0.00000
 922.22222  388.88889    0.00000
 944.44444  388.88889    0.00000
 966.66667  388.88889    0.00000
 988.88889  388.88889    0.00000
1011.11111  388.88889    0.00000
1033.33333  388.88889    0.00000
1055.55556  388.88889    0.00000
1077.77778  388.88889    0.00000
1100.00000  388.88889    0.00000
-1100.00000  411.11111    0.00000
-1077.77778  411.11111    0.00000
-1055.55556  411.11111    0.00000
-1033.33333  411.11111    0.00000
-1011.11111  411.11111    0.00000
-988.88889  411.11111    0.00000
-966.66667  411.11111    0.00000
-944.44444  411.11111    0.00000
-922.22222  411.11111    0.00000
-900.00000  411.11111    0.00000
-877.77778  411.11111    0.00000
-855.55556  411.11111    0.00000
-833.33333  411.11111    0.00000
-811.11111  411.11111    0.00000
-788.88889  411.11111    0.00000
-766.66667  411.11111    0.00000
-744.44444  411.11111    0.00000
-722.22222  411.11111    0.00000
-700.00000  411.11111    0.00000
-677.77778  411.11111    0.00000
-655.55556  411.11111    0.00000
-633.33333  411.11111    0.00000
-611.11111  411.11111    0.00000
-588.88889  411.11111    0.00000
-566.66667  411.11111    0.00000
-544.44444  411.11111    0.00000
-522.22222  411.11111    0.00000
-500.00000  411.11111    0.00000
-477.77778  411.11111    0.00000
-455.55556  411.11111    0.00000
-433.33333  411.11111    0.00000
-411.11111  411.11111    0.00000
-388.88889  411.11111    0.00000
-366.66667  411.11111    0.00000
-344.44444  411.11111    0.00000
-322.22222  411.11111    0.00000
-300.00000  411.11111    0.00000
-277.77778  411.11111    0.00000
-255.55556  411.11111    0.00000
-233.33333  411.11111    0.00000
-211.11111  411.11111    0.00000
-188.88889  411.11111    0.00000
-166.66667  411.11111    0.00000
-144.44444  411.11111    0.00000
-122.22222  411.11111    0.00000
-100.00000  411.11111    0.00000
 -77.77778  411.11111    0.00000
 -55.55556  411.11111    0.00000
 -33.33333  411.11111    0.00000
 -11.11111  411.11111    0.00000
  11.11111  411.11111    0.00000
  33.33333  411.11111    0.00000
  55.55556  411.11111    0.00000
  77.77778  411.11111    0.00000
 100.00000  411.11111    0.00000
 122.22222  411.11111    0.00000
 144.44444  411.11111    0.00000
 166.66667  411.11111    0.00000
 188.88889  411.11111    0.00000
 211.11111  411.11111    0.00000
 233.33333  411.11111    0.00000
 255.55556  411.11111    0.00000
 277.77778  411.11111    0.00000
 300.00000  411.11111    0.00000
 322.22222  411.11111    0.00000
 344.44444  411.11111    0.00000
 366.66667  411.11111    0.00000
 388.88889  411.11111    0.00000
 411.11111  411.11111    0.00000
 433.33333  411.11111    0.00000
 455.55556  411.11111    0.00000
 477.77778  411.11111    0.00000
 500.00000  411.11111    0.00000
 522.22222  411.11111    0.00000
 544.44444  411.11111    0.00000
 566.66667  411.11111    0.00000
 588.88889  411.11111    0.00000
 611.11111  411.11111    0.00000
 633.33333  411.11111    0.00000
 655.55556  411.11111    0.00000
 677.77778  411.11111    0.00000
 700.00000  411.11111    0.00000
 722.22222  411.11111    0.00000
 744.44444  411.11111    0.00000
 766.66667  411.11111    0.00000
 788.88889  411.11111    0.00000
 811.11111  411.11111    0.00000
 833.33333  411.11111    0.00000
 855.55556  411.11111    0.00000
 877.77778  411.11111    0.00000
 900.00000  411.11111    0.00000
 922.22222  411.11111    0.00000
 944.44444  411.11111    0.00000
 966.66667  411.11111    0.00000
 988.88889  411.11111    0.00000
1011.11111  411.11111    0.00000
1033.33333  411.11111    0.00000
1055.55556  411.11111    0.00000
1077.77778  411.11111    0.00000
1100.00000  411.11111    0.00000
-1100.00000  433.33333    0.00000
-1077.77778  433.33333    0.00000
-1055.55556  433.33333    0.00000
-1033.33333  433.33333    0.00000
-1011.11111  433.33333    0.00000
-988.88889  433.33333    0.00000
-966.66667  433.33333    0.00000
-944.44444  433.33333    0.00000
-922.22222  433.33333    0.00000
-900.00000  433.33333    0.00000
-877.77778  433.33333    0.00000
-855.55556  433.33333    0.00000
-833.33333  433.33333    0.00000
-811.11111  433.33333    0.00000
-788.88889  433.33333    0.00000
-766.66667  433.33333    0.00000
-744.44444  433.33333    0.00000
-722.22222  433.33333    0.00000
-700.00000  433.33333    0.00000
-677.77778  433.33333    0.00000
-655.55556  433.33333    0.00000
-633.33333  433.33333    0.00000
-611.11111  433.33333    0.00000
-588.88889  433.33333    0.00000
-566.66667  433.33333    0.00000
-544.44444  433.33333    0.00000
-522.22222  433.33333    0.00000
-500.00000  433.33333    0.00000
-477.77778  433.33333    0.00000
-455.55556  433.33333    0.00000
-433.33333  433.33333    0.00000
-411.11111  433.33333    0.00000
-388.88889  433.33333    0.00000
-366.66667  433.33333    0.00000
-344.44444  433.33333    0.00000
-322.22222  433.33333    0.00000
-300.00000  433.33333    0.00000
-277.77778  433.33333    0.00000
-255.55556  433.33333    0.00000
-233.33333  433.33333    0.00000
-211.11111  433.33333    0.00000
-188.88889  433.33333    0.00000
-166.66667  433.33333    0.00000
-144.44444  433.33333    0.00000
-122.22222  433.33333    0.00000
-100.00000  433.33333    0.00000
 -77.77778  433.33333    0.00000
 -55.55556  433.33333    0.00000
 -33.33333  433.33333    0.00000
 -11.11111  433.33333    0.00000
  11.11111  433.33333    0.00000
  33.33333  433.33333    0.00000
  55.55556  433.33333    0.00000
  77.77778  433.33333    0.00000
 100.00000  433.33333    0.00000
 122.22222  433.33333    0.00000
 144.44444  433.33333    0.00000
 166.66667  433.33333    0.00000
 188.88889  433.33333    0.00000
 211.11111  433.33333    0.00000
 233.33333  433.33333    0.00000
 255.55556  433.33333    0.00000
 277.77778  433.33333    0.00000
 300.00000  433.33333    0.00000
 322.22222  433.33333    0.00000
 344.44444  433.33333    0.00000
 366.66667  433.33333    0.00000
 388.88889  433.33333    0.00000
 411.11111  433.33333    0.00000
 433.33333  433.33333    0.00000
 455.55556  433.33333    0.00000
 477.77778  433.33333    0.00000
 500.00000  433.33333    0.00000
 522.22222  433.33333    0.00000
 544.44444  433.33333    0.00000
 566.66667  433.33333    0.00000
 588.88889  433.33333    0.00000
 611.11111  433.33333    0.00000
 633.33333  433.33333    0.00000
 655.55556  433.33333    0.00000
 677.77778  433.33333    0.00000
 700.00000  433.33333    0.00000
 722.22222  433.33333    0.00000
 744.44444  433.33333    0.00000
 766.66667  433.33333    0.00000
 788.88889  433.33333    0.00000
 811.11111  433.33333    0.00000
 833.33333  433.33333    0.00000
 855.55556  433.33333    0.00000
 877.77778  433.33333    0.00000
 900.00000  433.33333    0.00000
 922.22222  433.33333    0.00000
 944.44444  433.33333    0.00000
 966.66667  433.33333    0.00000
 988.88889  433.33333    0.00000
1011.11111  433.33333    0.00000
1033.33333  433.33333    0.00000
1055.55556  433.33333    0.00000
1077.77778  433.33333    0.00000
1100.00000  433.33333    0.00000
-1100.00000  455.55556    0.00000
-1077.77778  455.55556    0.00000
-1055.55556  455.55556    0.00000
-1033.33333  455.55556    0.00000
-1011.11111  455.55556    0.00000
-988.88889  455.55556    0.00000
-966.66667  455.55556    0.00000
-944.44444  455.55556    0.00000
-922.22222  455.55556    0.00000
-900.00000  455.55556    0.00000
-877.77778  455.55556    0.00000
-855.55556  455.55556    0.00000
-833.33333  455.55556    0.00000
-811.11111  455.55556    0.00000
-788.88889  455.55556    0.00000
-766.66667  455.55556    0.00000
-744.44444  455.55556    0.00000
-722.22222  455.55556    0.00000
-700.00000  455.55556    0.00000
-677.77778  455.55556    0.00000
-655.55556  455.55556    0.00000
-633.33333  455.55556    0.00000
-611.11111  455.55556    0.00000
-588.88889  455.55556    0.00000
-566.66667  455.55556    0.00000
-544.44444  455.55556    0.00000
-522.22222  455.55556    0.00000
-500.00000  455.55556    0.00000
-477.77778  455.55556    0.00000
-455.55556  455.55556    0.00000
-433.33333  455.55556    0.00000
-411.11111  455.55556    0.00000
-388.88889  455.55556    0.00000
-366.66667  455.55556    0.00000
-344.44444  455.55556    0.00000
-322.22222  455.55556    0.00000
-300.00000  455.55556    0.00000
-277.77778  455.55556    0.00000
-255.55556  455.55556    0.00000
-233.33333  455.55556    0.00000
-211.11111  455.55556    0.00000
-188.88889  455.55556    0.00000
-166.66667  455.55556    0.00000
-144.44444  455.55556    0.00000
-122.22222  455.55556    0.00000
-100.00000  455.55556    0.00000
 -77.77778  455.55556    0.00000
 -55.55556  455.55556    0.00000
 -33.33333  455.55556    0.00000
 -11.11111  455.55556    0.00000
  11.11111  455.55556    0.00000
  33.33333  455.55556    0.00000
  55.55556  455.55556    0.00000
  77.77778  455.55556    0.00000
 100.00000  455.55556    0.00000
 122.22222  455.55556    0.00000
 144.44444  455.55556    0.00000
 166.66667  455.55556    0.00000
 188.88889  455.55556    0.00000
 211.11111  455.55556    0.00000
 233.33333  455.55556    0.00000
 255.55556  455.55556    0.00000
 277.77778  455.55556    0.00000
 300.00000  455.55556    0.00000
 322.22222  455.55556    0.00000
 344.44444  455.55556    0.00000
 366.66667  455.55556    0.00000
 388.88889  455.55556    0.00000
 411.11111  455.55556    0.00000
 433.33333  455.55556    0.00000
 455.55556  455.55556    0.00000
 477.77778  455.55556    0.00000
 500.00000  455.55556    0.00000
 522.22222  455.55556    0.00000
 544.44444  455.55556    0.00000
 566.66667  455.55556    0.00000
 588.88889  455.55556    0.00000
 611.11111  455.55556    0.00000
 633.33333  455.55556    0.00000
 655.55556  455.55556    0.00000
 677.77778  455.55556    0.00000
 700.00000  455.55556    0.00000
 722.22222  455.55556    0.00000
 744.44444  455.55556    0.00000
 766.66667  455.55556    0.00000
 788.88889  455.55556    0.00000
 811.11111  455.55556    0.00000
 833.33333  455.55556    0.00000
 855.55556  455.55556    0.00000
 877.77778  455.55556    0.00000
 900.00000  455.55556    0.00000
 922.22222  455.55556    0.00000
 944.44444  455.55556    0.00000
 966.66667  455.55556    0.00000
 988.88889  455.55556    0.00000
1011.11111  455.55556    0.00000
1033.33333  455.55556    0.00000
1055.55556  455.55556    0.00000
1077.77778  455.55556    0.00000
1100.00000  455.55556    0.00000
-1100.00000  477.77778    0.00000
-1077.77778  477.77778    0.00000
-1055.55556  477.77778    0.00000
-1033.33333  477.77778    0.00000
-1011.11111  477.77778    0.00000
-988.88889  477.77778    0.00000
-966.66667  477.77778    0.00000
-944.44444  477.77778    0.00000
-922.22222  477.77778    0.00000
-900.00000  477.77778    0.00000
-877.77778  477.77778    0.00000
-855.55556  477.77778    0.00000
-833.33333  477.77778    0.00000
-811.11111  477.77778    0.00000
-788.88889  477.77778    0.00000
-766.66667  477.77778    0.00000
-744.44444  477.77778    0.00000
-722.22222  477.77778    0.00000
-700.00000  477.77778    0.00000
-677.77778  477.77778    0.00000
-655.55556  477.77778    0.00000
-633.33333  477.77778    0.00000
-611.11111  477.77778    0.00000
-588.88889  477.77778    0.00000
-566.66667  477.77778    0.00000
-544.44444  477.77778    0.00000
-522.22222  477.77778    0.00000
-500.00000  477.77778    0.00000
-477.77778  477.77778    0.00000
-455.55556  477.77778    0.00000
-433.33333  477.77778    0.00000
-411.11111  477.77778    0.00000
-388.88889  477.77778    0.00000
-366.66667  477.77778    0.00000
-344.44444  477.77778    0.00000
-322.22222  477.77778    0.00000
-300.00000  477.77778    0.00000
-277.77778  477.77778    0.00000
-255.55556  477.77778    0.00000
-233.33333  477.77778    0.00000
-211.11111  477.77778    0.00000
-188.88889  477.77778    0.00000
-166.66667  477.77778    0.00000
-144.44444  477.77778    0.00000
-122.22222  477.77778    0.00000
-100.00000  477.77778    0.00000
 -77.77778  477.77778    0.00000
 -55.55556  477.77778    0.00000
 -33.33333  477.77778    0.00000
 -11.11111  477.77778    0.00000
  11.11111  477.77778    0.00000
  33.33333  477.77778    0.00000
  55.55556  477.77778    0.00000
  77.77778  477.77778    0.00000
 100.00000  477.77778    0.00000
 122.22222  477.77778    0.00000
 144.44444  477.77778    0.00000
 166.66667  477.77778    0.00000
 188.88889  477.77778    0.00000
 211.11111  477.77778    0.00000
 233.33333  477.77778    0.00000
 255.55556  477.77778    0.00000
 277.77778  477.77778    0.00000
 300.00000  477.77778    0.00000
 322.22222  477.77778    0.00000
 344.44444  477.77778    0.00000
 366.66667  477.77778    0.00000
 388.88889  477.77778    0.00000
 411.11111  477.77778    0.00000
 433.33333  477.77778    0.00000
 455.55556  477.77778    0.00000
 477.77778  477.77778    0.00000
 500.00000  477.77778    0.00000
 522.22222  477.77778    0.00000
 544.44444  477.77778    0.00000
 566.66667  477.77778    0.00000
 588.88889  477.77778    0.00000
 611.11111  477.77778    0.00000
 633.33333  477.77778    0.00000
 655.55556  477.77778    0.00000
 677.77778  477.77778    0.00000
 700.00000  477.77778    0.00000
 722.22222  477.77778    0.00000
 744.44444  477.77778    0.00000
 766.66667  477.77778    0.00000
 788.88889  477.77778    0.00000
 811.11111  477.77778    0.00000
 833.33333  477.77778    0.00000
 855.55556  477.77778    0.00000
 877.77778  477.77778    0.00000
 900.00000  477.77778    0.00000
 922.22222  477.77778    0.00000
 944.44444  477.77778    0.00000
 966.66667  477.77778    0.00000
 988.88889  477.77778    0.00000
1011.11111  477.77778    0.00000
1033.33333  477.77778    0.00000
1055.55556  477.77778    0.00000
1077.77778  477.77778    0.00000
1100.00000  477.77778    0.00000
-1100.00000  500.00000    0.00000
-1077.77778  500.00000    0.00000
-1055.55556  500.00000    0.00000
-1033.33333  500.00000    0.00000
-1011.11111  500.00000    0.00000
-988.88889  500.00000    0.00000
-966.66667  500.00000    0.00000
-944.44444  500.00000    0.00000
-922.22222  500.00000    0.00000
-900.00000  500.00000    0.00000
-877.77778  500.00000    0.00000
-855.55556  500.00000    0.00000
-833.33333  500.00000    0.00000
-811.11111  500.00000    0.00000
-788.88889  500.00000    0.00000
-766.66667  500.00000    0.00000
-744.44444  500.00000    0.00000
-722.22222  500.00000    0.00000
-700.00000  500.00000    0.00000
-677.77778  500.00000    0.00000
-655.55556  500.00000    0.00000
-633.33333  500.00000    0.00000
-611.11111  500.00000    0.00000
-588.88889  500.00000    0.00000
-566.66667  500.00000    0.00000
-544.44444  500.00000    0.00000
-522.22222  500.00000    0.00000
-500.00000  500.00000    0.00000
-477.77778  500.00000    0.00000
-455.55556  500.00000    0.00000
-433.33333  500.00000    0.00000
-411.11111  500.00000    0.00000
-388.88889  500.00000    0.00000
-366.66667  500.00000    0.00000
-344.44444  500.00000    0.00000
-322.22222  500.00000    0.00000
-300.00000  500.00000    0.00000
-277.77778  500.00000    0.00000
-255.55556  500.00000    0.00000
-233.33333  500.00000    0.00000
-211.11111  500.00000    0.00000
-188.88889  500.00000    0.00000
-166.66667  500.00000    0.00000
-144.44444  500.00000    0.00000
-122.22222  500.00000    0.00000
-100.00000  500.00000    0.00000
 -77.77778  500.00000    0.00000
 -55.55556  500.00000    0.00000
 -33.33333  500.00000    0.00000
 -11.11111  500.00000    0.00000
  11.11111  500.00000    0.00000
  33.33333  500.00000    0.00000
  55.55556  500.00000    0.00000
  77.77778  500.00000    0.00000
 100.00000  500.00000    0.00000
 122.22222  500.00000    0.00000
 144.44444  500.00000    0.00000
 166.66667  500.00000    0.00000
 188.88889  500.00000    0.00000
 211.11111  500.00000    0.00000
 233.33333  500.00000    0.00000
 255.55556  500.00000    0.00000
 277.77778  500.00000    0.00000
 300.00000  500.00000    0.00000
 322.22222  500.00000    0.00000
 344.44444  500.00000    0.00000
 366.66667  500.00000    0.00000
 388.88889  500.00000    0.00000
 411.11111  500.00000    0.00000
 433.33333  500.00000    0.00000
 455.55556  500.00000    0.00000
 477.77778  500.00000    0.00000
 500.00000  500.00000    0.00000
 522.22222  500.00000    0.00000
 544.44444  500.00000    0.00000
 566.66667  500.00000    0.00000
 588.88889  500.00000    0.00000
 611.11111  500.00000    0.00000
 633.33333  500.00000    0.00000
 655.55556  500.00000    0.00000
 677.77778  500.00000    0.00000
 700.00000  500.00000    0.00000
 722.22222  500.00000    0.00000
 744.44444  500.00000    0.00000
 766.66667  500.00000    0.00000
 788.88889  500.00000    0.00000
 811.11111  500.00000    0.00000
 833.33333  500.00000    0.00000
 855.55556  500.00000    0.00000
 877.77778  500.00000    0.00000
 900.00000  500.00000    0.00000
 922.22222  500.00000    0.00000
 944.44444  500.00000    0.00000
 966.66667  500.00000    0.00000
 988.88889  500.00000    0.00000
1011.11111  500.00000    0.00000
1033.33333  500.00000    0.00000
1055.55556  500.00000    0.00000
1077.77778  500.00000    0.00000
1100.00000  500.00000    0.00000
-1100.00000  522.22222    0.00000
-1077.77778  522.22222    0.00000
-1055.55556  522.22222    0.00000
-1033.33333  522.22222    0.00000
-1011.11111  522.22222    0.00000
-988.88889  522.22222    0.00000
-966.66667  522.22222    0.00000
-944.44444  522.22222    0.00000
-922.22222  522.22222    0.00000
-900.00000  522.22222    0.00000
-877.77778  522.22222    0.00000
-855.55556  522.22222    0.00000
-833.33333  522.22222    0.00000
-811.11111  522.22222    0.00000
-788.88889  522.22222    0.00000
-766.66667  522.22222    0.00000
-744.44444  522.22222    0.00000
-722.22222  522.22222    0.00000
-700.00000  522.22222    0.00000
-677.77778  522.22222    0.00000
-655.55556  522.22222    0.00000
-633.33333  522.22222    0.00000
-611.11111  522.22222    0.00000
-588.88889  522.22222    0.00000
-566.66667  522.22222    0.00000
-544.44444  522.22222    0.00000
-522.22222  522.22222    0.00000
-500.00000  522.22222    0.00000
-477.77778  522.22222    0.00000
-455.55556  522.22222    0.00000
-433.33333  522.22222    0.00000
-411.11111  522.22222    0.00000
-388.88889  522.22222    0.00000
-366.66667  522.22222    0.00000
-344.44444  522.22222    0.00000
-322.22222  522.22222    0.00000
-300.00000  522.22222    0.00000
-277.77778  522.22222    0.00000
-255.55556  522.22222    0.00000
-233.33333  522.22222    0.00000
-211.11111  522.22222    0.00000
-188.88889  522.22222    0.00000
-166.66667  522.22222    0.00000
-144.44444  522.22222    0.00000
-122.22222  522.22222    0.00000
-100.00000  522.22222    0.00000
 -77.77778  522.22222    0.00000
 -55.55556  522.22222    0.00000
 -33.33333  522.22222    0.00000
 -11.11111  522.22222    0.00000
  11.11111  522.22222    0.00000
  33.33333  522.22222    0.00000
  55.55556  522.22222    0.00000
  77.77778  522.22222    0.00000
 100.00000  522.22222    0.00000
 122.22222  522.22222    0.00000
 144.44444  522.22222    0.00000
 166.66667  522.22222    0.00000
 188.88889  522.22222    0.00000
 211.11111  522.22222    0.00000
 233.33333  522.22222    0.00000
 255.55556  522.22222    0.00000
 277.77778  522.22222    0.00000
 300.00000  522.22222    0.00000
 322.22222  522.22222    0.00000
 344.44444  522.22222    0.00000
 366.66667  522.22222    0.00000
 388.88889  522.22222    0.00000
 411.11111  522.22222    0.00000
 433.33333  522.22222    0.00000
 455.55556  522.22222    0.00000
 477.77778  522.22222    0.00000
 500.00000  522.22222    0.00000
 522.22222  522.22222    0.00000
 544.44444  522.22222    0.00000
 566.66667  522.22222    0.00000
 588.88889  522.22222    0.00000
 611.11111  522.22222    0.00000
 633.33333  522.22222    0.00000
 655.55556  522.22222    0.00000
 677.77778  522.22222    0.00000
 700.00000  522.22222    0.00000
 722.22222  522.22222    0.00000
 744.44444  522.22222    0.00000
 766.66667  522.22222    0.00000
 788.88889  522.22222    0.00000
 811.11111  522.22222    0.00000
 833.33333  522.22222    0.00000
 855.55556  522.22222    0.00000
 877.77778  522.22222    0.00000
 900.00000  522.22222    0.00000
 922.22222  522.22222    0.00000
 944.44444  522.22222    0.00000
 966.66667  522.22222    0.00000
 988.88889  522.22222    0.00000
1011.11111  522.22222    0.00000
1033.33333  522.22222    0.00000
1055.55556  522.22222    0.00000
1077.77778  522.22222    0.00000
1100.00000  522.22222    0.00000
-1100.00000  544.44444    0.00000
-1077.77778  544.44444    0.00000
-1055.55556  544.44444    0.00000
-1033.33333  544.44444    0.00000
-1011.11111  544.44444    0.00000
-988.88889  544.44444    0.00000
-966.66667  544.44444    0.00000
-944.44444  544.44444    0.00000
-922.22222  544.44444    0.00000
-900.00000  544.44444    0.00000
-877.77778  544.44444    0.00000
-855.55556  544.44444    0.00000
-833.33333  544.44444    0.00000
-811.11111  544.44444    0.00000
-788.88889  544.44444    0.00000
-766.66667  544.44444    0.00000
-744.44444  544.44444    0.00000
-722.22222  544.44444    0.00000
-700.00000  544.44444    0.00000
-677.77778  544.44444    0.00000
-655.55556  544.44444    0.00000
-633.33333  544.44444    0.00000
-611.11111  544.44444    0.00000
-588.88889  544.44444    0.00000
-566.66667  544.44444    0.00000
-544.44444  544.44444    0.00000
-522.22222  544.44444    0.00000
-500.00000  544.44444    0.00000
-477.77778  544.44444    0.00000
-455.55556  544.44444    0.00000
-433.33333  544.44444    0.00000
-411.11111  544.44444    0.00000
-388.88889  544.44444    0.00000
-366.66667  544.44444    0.00000
-344.44444  544.44444    0.00000
-322.22222  544.44444    0.00000
-300.00000  544.44444    0.00000
-277.77778  544.44444    0.00000
-255.55556  544.44444    0.00000
-233.33333  544.44444    0.00000
-211.11111  544.44444    0.00000
-188.88889  544.44444    0.00000
-166.66667  544.44444    0.00000
-144.44444  544.44444    0.00000
-122.22222  544.44444    0.00000
-100.00000  544.44444    0.00000
 -77.77778  544.44444    0.00000
 -55.55556  544.44444    0.00000
 -33.33333  544.44444    0.00000
 -11.11111  544.44444    0.00000
  11.11111  544.44444    0.00000
  33.33333  544.44444    0.00000
  55.55556  544.44444    0.00000
  77.77778  544.44444    0.00000
 100.00000  544.44444    0.00000
 122.22222  544.44444    0.00000
 144.44444  544.44444    0.00000
 166.66667  544.44444    0.00000
 188.88889  544.44444    0.00000
 211.11111  544.44444    0.00000
 233.33333  544.44444    0.00000
 255.55556  544.44444    0.00000
 277.77778  544.44444    0.00000
 300.00000  544.44444    0.00000
 322.22222  544.44444    0.00000
 344.44444  544.44444    0.00000
 366.66667  544.44444    0.00000
 388.88889  544.44444    0.00000
 411.11111  544.44444    0.00000
 433.33333  544.44444    0.00000
 455.55556  544.44444    0.00000
 477.77778  544.44444    0.00000
 500.00000  544.44444    0.00000
 522.22222  544.44444    0.00000
 544.44444  544.44444    0.00000
 566.66667  544.44444    0.00000
 588.88889  544.44444    0.00000
 611.11111  544.44444    0.00000
 633.33333  544.44444    0.00000
 655.55556  544.44444    0.00000
 677.77778  544.44444    0.00000
 700.00000  544.44444    0.00000
 722.22222  544.44444    0.00000
 744.44444  544.44444    0.00000
 766.66667  544.44444    0.00000
 788.88889  544.44444    0.00000
 811.11111  544.44444    0.00000
 833.33333  544.44444    0.00000
 855.55556  544.44444    0.00000
 877.77778  544.44444    0.00000
 900.00000  544.44444    0.00000
 922.22222  544.44444    0.00000
 944.44444  544.44444    0.00000
 966.66667  544.44444    0.00000
 988.88889  544.44444    0.00000
1011.11111  544.44444    0.00000
1033.33333  544.44444    0.00000
1055.55556  544.44444    0.00000
1077.77778  544.44444    0.00000
1100.00000  544.44444    0.00000
-1100.00000  566.66667    0.00000
-1077.77778  566.66667    0.00000
-1055.55556  566.66667    0.00000
-1033.33333  566.66667    0.00000
-1011.11111  566.66667    0.00000
-988.88889  566.66667    0.00000
-966.66667  566.66667    0.00000
-944.44444  566.66667    0.00000
-922.22222  566.66667    0.00000
-900.00000  566.66667    0.00000
-877.77778  566.66667    0.00000
-855.55556  566.66667    0.00000
-833.33333  566.66667    0.00000
-811.11111  566.66667    0.00000
-788.88889  566.66667    0.00000
-766.66667  566.66667    0.00000
-744.44444  566.66667    0.00000
-722.22222  566.66667    0.00000
-700.00000  566.66667    0.00000
-677.77778  566.66667    0.00000
-655.55556  566.66667    0.00000
-633.33333  566.66667    0.00000
-611.11111  566.66667    0.00000
-588.88889  566.66667    0.00000
-566.66667  566.66667    0.00000
-544.44444  566.66667    0.00000
-522.22222  566.66667    0.00000
-500.00000  566.66667    0.00000
-477.77778  566.66667    0.00000
-455.55556  566.66667    0.00000
-433.33333  566.66667    0.00000
-411.11111  566.66667    0.00000
-388.88889  566.66667    0.00000
-366.66667  566.66667    0.00000
-344.44444  566.66667    0.00000
-322.22222  566.66667    0.00000
-300.00000  566.66667    0.00000
-277.77778  566.66667    0.00000
-255.55556  566.66667    0.00000
-233.33333  566.66667    0.00000
-211.11111  566.66667    0.00000
-188.88889  566.66667    0.00000
-166.66667  566.66667    0.00000
-144.44444  566.66667    0.00000
-122.22222  566.66667    0.00000
-100.00000  566.66667    0.00000
 -77.77778  566.66667    0.00000
 -55.55556  566.66667    0.00000
 -33.33333  566.66667    0.00000
 -11.11111  566.66667    0.00000
  11.11111  566.66667    0.00000
  33.33333  566.66667    0.00000
  55.55556  566.66667    0.00000
  77.77778  566.66667    0.00000
 100.00000  566.66667    0.00000
 122.22222  566.66667    0.00000
 144.44444  566.66667    0.00000
 166.66667  566.66667    0.00000
 188.88889  566.66667    0.00000
 211.11111  566.66667    0.00000
 233.33333  566.66667    0.00000
 255.55556  566.66667    0.00000
 277.77778  566.66667    0.00000
 300.00000  566.66667    0.00000
 322.22222  566.66667    0.00000
 344.44444  566.66667    0.00000
 366.66667  566.66667    0.00000
 388.88889  566.66667    0.00000
 411.11111  566.66667    0.00000
 433.33333  566.66667    0.00000
 455.55556  566.66667    0.00000
 477.77778  566.66667    0.00000
 500.00000  566.66667    0.00000
 522.22222  566.66667    0.00000
 544.44444  566.66667    0.00000
 566.66667  566.66667    0.00000
 588.88889  566.66667    0.00000
 611.11111  566.66667    0.00000
 633.33333  566.66667    0.00000
 655.55556  566.66667    0.00000
 677.77778  566.66667    0.00000
 700.00000  566.66667    0.00000
 722.22222  566.66667    0.00000
 744.44444  566.66667    0.00000
 766.66667  566.66667    0.00000
 788.88889  566.66667    0.00000
 811.11111  566.66667    0.00000
 833.33333  566.66667    0.00000
 855.55556  566.66667    0.00000
 877.77778  566.66667    0.00000
 900.00000  566.66667    0.00000
 922.22222  566.66667    0.00000
 944.44444  566.66667    0.00000
 966.66667  566.66667    0.00000
 988.88889  566.66667    0.00000
1011.11111  566.66667    0.00000
1033.33333  566.66667    0.00000
1055.55556  566.66667    0.00000
1077.77778  566.66667    0.00000
1100.00000  566.66667    0.00000
-1100.00000  588.88889    0.00000
-1077.77778  588.88889    0.00000
-1055.55556  588.88889    0.00000
-1033.33333  588.88889    0.00000
-1011.11111  588.88889    0.00000
-988.88889  588.88889    0.00000
-966.66667  588.88889    0.00000
-944.44444  588.88889    0.00000
-922.22222  588.88889    0.00000
-900.00000  588.88889    0.00000
-877.77778  588.88889    0.00000
-855.55556  588.88889    0.00000
-833.33333  588.88889    0.00000
-811.11111  588.88889    0.00000
-788.88889  588.88889    0.00000
-766.66667  588.88889    0.00000
-744.44444  588.88889    0.00000
-722.22222  588.88889    0.00000
-700.00000  588.88889    0.00000
-677.77778  588.88889    0.00000
-655.55556  588.88889    0.00000
-633.33333  588.88889    0.00000
-611.11111  588.88889    0.00000
-588.88889  588.88889    0.00000
-566.66667  588.88889    0.00000
-544.44444  588.88889    0.00000
-522.22222  588.88889    0.00000
-500.00000  588.88889    0.00000
-477.77778  588.88889    0.00000
-455.55556  588.88889    0.00000
-433.33333  588.88889    0.00000
-411.11111  588.88889    0.00000
-388.88889  588.88889    0.00000
-366.66667  588.88889    0.00000
-344.44444  588.88889    0.00000
-322.22222  588.88889    0.00000
-300.00000  588.88889    0.00000
-277.77778  588.88889    0.00000
-255.55556  588.88889    0.00000
-233.33333  588.88889    0.00000
-211.11111  588.88889    0.00000
-188.88889  588.88889    0.00000
-166.66667  588.88889    0.00000
-144.44444  588.88889    0.00000
-122.22222  588.88889    0.00000
-100.00000  588.88889    0.00000
 -77.77778  588.88889    0.00000
 -55.55556  588.88889    0.00000
 -33.33333  588.88889    0.00000
 -11.11111  588.88889    0.00000
  11.11111  588.88889    0.00000
  33.33333  588.88889    0.00000
  55.55556  588.88889    0.00000
  77.77778  588.88889    0.00000
 100.00000  588.88889    0.00000
 122.22222  588.88889    0.00000
 144.44444  588.88889    0.00000
 166.66667  588.88889    0.00000
 188.88889  588.88889    0.00000
 211.11111  588.88889    0.00000
 233.33333  588.88889    0.00000
 255.55556  588.88889    0.00000
 277.77778  588.88889    0.00000
 300.00000  588.88889    0.00000
 322.22222  588.88889    0.00000
 344.44444  588.88889    0.00000
 366.66667  588.88889    0.00000
 388.88889  588.88889    0.00000
 411.11111  588.88889    0.00000
 433.33333  588.88889    0.00000
 455.55556  588.88889    0.00000
 477.77778  588.88889    0.00000
 500.00000  588.88889    0.00000
 522.22222  588.88889    0.00000
 544.44444  588.88889    0.00000
 566.66667  588.88889    0.00000
 588.88889  588.88889    0.00000
 611.11111  588.88889    0.00000
 633.33333  588.88889    0.00000
 655.55556  588.88889    0.00000
 677.77778  588.88889    0.00000
 700.00000  588.88889    0.00000
 722.22222  588.88889    0.00000
 744.44444  588.88889    0.00000
 766.66667  588.88889    0.00000
 788.88889  588.88889    0.00000
 811.11111  588.88889    0.00000
 833.33333  588.88889    0.00000
 855.55556  588.88889    0.00000
 877.77778  588.88889    0.00000
 900.00000  588.88889    0.00000
 922.22222  588.88889    0.00000
 944.44444  588.88889    0.00000
 966.66667  588.88889    0.00000
 988.88889  588.88889    0.00000
1011.11111  588.88889    0.00000
1033.33333  588.88889    0.00000
1055.55556  588.88889    0.00000
1077.77778  588.88889    0.00000
1100.00000  588.88889    0.00000
-1100.00000  611.11111    0.00000
-1077.77778  611.11111    0.00000
-1055.55556  611.11111    0.00000
-1033.33333  611.11111    0.00000
-1011.11111  611.11111    0.00000
-988.88889  611.11111    0.00000
-966.66667  611.11111    0.00000
-944.44444  611.11111    0.00000
-922.22222  611.11111    0.00000
-900.00000  611.11111    0.00000
-877.77778  611.11111    0.00000
-855.55556  611.11111    0.00000
-833.33333  611.11111    0.00000
-811.11111  611.11111    0.00000
-788.88889  611.11111    0.00000
-766.66667  611.11111    0.00000
-744.44444  611.11111    0.00000
-722.22222  611.11111    0.00000
-700.00000  611.11111    0.00000
-677.77778  611.11111    0.00000
-655.55556  611.11111    0.00000
-633.33333  611.11111    0.00000
-611.11111  611.11111    0.00000
-588.88889  611.11111    0.00000
-566.66667  611.11111    0.00000
-544.44444  611.11111    0.00000
-522.22222  611.11111    0.00000
-500.00000  611.11111    0.00000
-477.77778  611.11111    0.00000
-455.55556  611.11111    0.00000
-433.33333  611.11111    0.00000
-411.11111  611.11111    0.00000
-388.88889  611.11111    0.00000
-366.66667  611.11111    0.00000
-344.44444  611.11111    0.00000
-322.22222  611.11111    0.00000
-300.00000  611.11111    0.00000
-277.77778  611.11111    0.00000
-255.55556  611.11111    0.00000
-233.33333  611.11111    0.00000
-211.11111  611.11111    0.00000
-188.88889  611.11111    0.00000
-166.66667  611.11111    0.00000
-144.44444  611.11111    0.00000
-122.22222  611.11111    0.00000
-100.00000  611.11111    0.00000
 -77.77778  611.11111    0.00000
 -55.55556  611.11111    0.00000
 -33.33333  611.11111    0.00000
 -11.11111  611.11111    0.00000
  11.11111  611.11111    0.00000
  33.33333  611.11111    0.00000
  55.55556  611.11111    0.00000
  77.77778  611.11111    0.00000
 100.00000  611.11111    0.00000
 122.22222  611.11111    0.00000
 144.44444  611.11111    0.00000
 166.66667  611.11111    0.00000
 188.88889  611.11111    0.00000
 211.11111  611.11111    0.00000
 233.33333  611.11111    0.00000
 255.55556  611.11111    0.00000
 277.77778  611.11111    0.00000
 300.00000  611.11111    0.00000
 322.22222  611.11111    0.00000
 344.44444  611.11111    0.00000
 366.66667  611.11111    0.00000
 388.88889  611.11111    0.00000
 411.11111  611.11111    0.00000
 433.33333  611.11111    0.00000
 455.55556  611.11111    0.00000
 477.77778  611.11111    0.00000
 500.00000  611.11111    0.00000
 522.22222  611.11111    0.00000
 544.44444  611.11111    0.00000
 566.66667  611.11111    0.00000
 588.88889  611.11111    0.00000
 611.11111  611.11111    0.00000
 633.33333  611.11111    0.00000
 655.55556  611.11111    0.00000
 677.77778  611.11111    0.00000
 700.00000  611.11111    0.00000
 722.22222  611.11111    0.00000
 744.44444  611.11111    0.00000
 766.66667  611.11111    0.00000
 788.88889  611.11111    0.00000
 811.11111  611.11111    0.00000
 833.33333  611.11111    0.00000
 855.55556  611.11111    0.00000
 877.77778  611.11111    0.00000
 900.00000  611.11111    0.00000
 922.22222  611.11111    0.00000
 944.44444  611.11111    0.00000
 966.66667  611.11111    0.00000
 988.88889  611.11111    0.00000
1011.11111  611.11111    0.00000
1033.33333  611.11111    0.00000
1055.55556  611.11111    0.00000
1077.77778  611.11111    0.00000
1100.00000  611.11111    0.00000
-1100.00000  633.33333    0.00000
-1077.77778  633.33333    0.00000
-1055.55556  633.33333    0.00000
-1033.33333  633.33333    0.00000
-1011.11111  633.33333    0.00000
-988.88889  633.33333    0.00000
-966.66667  633.33333    0.00000
-944.44444  633.33333    0.00000
-922.22222  633.33333    0.00000
-900.00000  633.33333    0.00000
-877.77778  633.33333    0.00000
-855.55556  633.33333    0.00000
-833.33333  633.33333    0.00000
-811.11111  633.33333    0.00000
-788.88889  633.33333    0.00000
-766.66667  633.33333    0.00000
-744.44444  633.33333    0.00000
-722.22222  633.33333    0.00000
-700.00000  633.33333    0.00000
-677.77778  633.33333    0.00000
-655.55556  633.33333    0.00000
-633.33333  633.33333    0.00000
-611.11111  633.33333    0.00000
-588.88889  633.33333    0.00000
-566.66667  633.33333    0.00000
-544.44444  633.33333    0.00000
-522.22222  633.33333    0.00000
-500.00000  633.33333    0.00000
-477.77778  633.33333    0.00000
-455.55556  633.33333    0.00000
-433.33333  633.33333    0.00000
-411.11111  633.33333    0.00000
-388.88889  633.33333    0.00000
-366.66667  633.33333    0.00000
-344.44444  633.33333    0.00000
-322.22222  633.33333    0.00000
-300.00000  633.33333    0.00000
-277.77778  633.33333    0.00000
-255.55556  633.33333    0.00000
-233.33333  633.33333    0.00000
-211.11111  633.33333    0.00000
-188.88889  633.33333    0.00000
-166.66667  633.33333    0.00000
-144.44444  633.33333    0.00000
-122.22222  633.33333    0.00000
-100.00000  633.33333    0.00000
 -77.77778  633.33333    0.00000
 -55.55556  633.33333    0.00000
 -33.33333  633.33333    0.00000
 -11.11111  633.33333    0.00000
  11.11111  633.33333    0.00000
  33.33333  633.33333    0.00000
  55.55556  633.33333    0.00000
  77.77778  633.33333    0.00000
 100.00000  633.33333    0.00000
 122.22222  633.33333    0.00000
 144.44444  633.33333    0.00000
 166.66667  633.33333    0.00000
 188.88889  633.33333    0.00000
 211.11111  633.33333    0.00000
 233.33333  633.33333    0.00000
 255.55556  633.33333    0.00000
 277.77778  633.33333    0.00000
 300.00000  633.33333    0.00000
 322.22222  633.33333    0.00000
 344.44444  633.33333    0.00000
 366.66667  633.33333    0.00000
 388.88889  633.33333    0.00000
 411.11111  633.33333    0.00000
 433.33333  633.33333    0.00000
 455.55556  633.33333    0.00000
 477.77778  633.33333    0.00000
 500.00000  633.33333    0.00000
 522.22222  633.33333    0.00000
 544.44444  633.33333    0.00000
 566.66667  633.33333    0.00000
 588.88889  633.33333    0.00000
 611.11111  633.33333    0.00000
 633.33333  633.33333    0.00000
 655.55556  633.33333    0.00000
 677.77778  633.33333    0.00000
 700.00000  633.33333    0.00000
 722.22222  633.33333    0.00000
 744.44444  633.33333    0.00000
 766.66667  633.33333    0.00000
 788.88889  633.33333    0.00000
 811.11111  633.33333    0.00000
 833.33333  633.33333    0.00000
 855.55556  633.33333    0.00000
 877.77778  633.33333    0.00000
 900.00000  633.33333    0.00000
 922.22222  633.33333    0.00000
 944.44444  633.33333    0.00000
 966.66667  633.33333    0.00000
 988.88889  633.33333    0.00000
1011.11111  633.33333    0.00000
1033.33333  633.33333    0.00000
1055.55556  633.33333    0.00000
1077.77778  633.33333    0.00000
1100.00000  633.33333    0.00000
-1100.00000  655.55556    0.00000
-1077.77778  655.55556    0.00000
-1055.55556  655.55556    0.00000
-1033.33333  655.55556    0.00000
-1011.11111  655.55556    0.00000
-988.88889  655.55556    0.00000
-966.66667  655.55556    0.00000
-944.44444  655.55556    0.00000
-922.22222  655.55556    0.00000
-900.00000  655.55556    0.00000
-877.77778  655.55556    0.00000
-855.55556  655.55556    0.00000
-833.33333  655.55556    0.00000
-811.11111  655.55556    0.00000
-788.88889  655.55556    0.00000
-766.66667  655.55556    0.00000
-744.44444  655.55556    0.00000
-722.22222  655.55556    0.00000
-700.00000  655.55556    0.00000
-677.77778  655.55556    0.00000
-655.55556  655.55556    0.00000
-633.33333  655.55556    0.00000
-611.11111  655.55556    0.00000
-588.88889  655.55556    0.00000
-566.66667  655.55556    0.00000
-544.44444  655.55556    0.00000
-522.22222  655.55556    0.00000
-500.00000  655.55556    0.00000
-477.77778  655.55556    0.00000
-455.55556  655.55556    0.00000
-433.33333  655.55556    0.00000
-411.11111  655.55556    0.00000
-388.88889  655.55556    0.00000
-366.66667  655.55556    0.00000
-344.44444  655.55556    0.00000
-322.22222  655.55556    0.00000
-300.00000  655.55556    0.00000
-277.77778  655.55556    0.00000
-255.55556  655.55556    0.00000
-233.33333  655.55556    0.00000
-211.11111  655.55556    0.00000
-188.88889  655.55556    0.00000
-166.66667  655.55556    0.00000
-144.44444  655.55556    0.00000
-122.22222  655.55556    0.00000
-100.00000  655.55556    0.00000
 -77.77778  655.55556    0.00000
 -55.55556  655.55556    0.00000
 -33.33333  655.55556    0.00000
 -11.11111  655.55556    0.00000
  11.11111  655.55556    0.00000
  33.33333  655.55556    0.00000
  55.55556  655.55556    0.00000
  77.77778  655.55556    0.00000
 100.00000  655.55556    0.00000
 122.22222  655.55556    0.00000
 144.44444  655.55556    0.00000
 166.66667  655.55556    0.00000
 188.88889  655.55556    0.00000
 211.11111  655.55556    0.00000
 233.33333  655.55556    0.00000
 255.55556  655.55556    0.00000
 277.77778  655.55556    0.00000
 300.00000  655.55556    0.00000
 322.22222  655.55556    0.00000
 344.44444  655.55556    0.00000
 366.66667  655.55556    0.00000
 388.88889  655.55556    0.00000
 411.11111  655.55556    0.00000
 433.33333  655.55556    0.00000
 455.55556  655.55556    0.00000
 477.77778  655.55556    0.00000
 500.00000  655.55556    0.00000
 522.22222  655.55556    0.00000
 544.44444  655.55556    0.00000
 566.66667  655.55556    0.00000
 588.88889  655.55556    0.00000
 611.11111  655.55556    0.00000
 633.33333  655.55556    0.00000
 655.55556  655.55556    0.00000
 677.77778  655.55556    0.00000
 700.00000  655.55556    0.00000
 722.22222  655.55556    0.00000
 744.44444  655.55556    0.00000
 766.66667  655.55556    0.00000
 788.88889  655.55556    0.00000
 811.11111  655.55556    0.00000
 833.33333  655.55556    0.00000
 855.55556  655.55556    0.00000
 877.77778  655.55556    0.00000
 900.00000  655.55556    0.00000
 922.22222  655.55556    0.00000
 944.44444  655.55556    0.00000
 966.66667  655.55556    0.00000
 988.88889  655.55556    0.00000
1011.11111  655.55556    0.00000
1033.33333  655.55556    0.00000
1055.55556  655.55556    0.00000
1077.77778  655.55556    0.00000
1100.00000  655.55556    0.00000
-1100.00000  677.77778    0.00000
-1077.77778  677.77778    0.00000
-1055.55556  677.77778    0.00000
-1033.33333  677.77778    0.00000
-1011.11111  677.77778    0.00000
-988.88889  677.77778    0.00000
-966.66667  677.77778    0.00000
-944.44444  677.77778    0.00000
-922.22222  677.77778    0.00000
-900.00000  677.77778    0.00000
-877.77778  677.77778    0.00000
-855.55556  677.77778    0.00000
-833.33333  677.77778    0.00000
-811.11111  677.77778    0.00000
-788.88889  677.77778    0.00000
-766.66667  677.77778    0.00000
-744.44444  677.77778    0.00000
-722.22222  677.77778    0.00000
-700.00000  677.77778    0.00000
-677.77778  677.77778    0.00000
-655.55556  677.77778    0.00000
-633.33333  677.77778    0.00000
-611.11111  677.77778    0.00000
-588.88889  677.77778    0.00000
-566.66667  677.77778    0.00000
-544.44444  677.77778    0.00000
-522.22222  677.77778    0.00000
-500.00000  677.77778    0.00000
-477.77778  677.77778    0.00000
-455.55556  677.77778    0.00000
-433.33333  677.77778    0.00000
-411.11111  677.77778    0.00000
-388.88889  677.77778    0.00000
-366.66667  677.77778    0.00000
-344.44444  677.77778    0.00000
-322.22222  677.77778    0.00000
-300.00000  677.77778    0.00000
-277.77778  677.77778    0.00000
-255.55556  677.77778    0.00000
-233.33333  677.77778    0.00000
-211.11111  677.77778    0.00000
-188.88889  677.77778    0.00000
-166.66667  677.77778    0.00000
-144.44444  677.77778    0.00000
-122.22222  677.77778    0.00000
-100.00000  677.77778    0.00000
 -77.77778  677.77778    0.00000
 -55.55556  677.77778    0.00000
 -33.33333  677.77778    0.00000
 -11.11111  677.77778    0.00000
  11.11111  677.77778    0.00000
  33.33333  677.77778    0.00000
  55.55556  677.77778    0.00000
  77.77778  677.77778    0.00000
 100.00000  677.77778    0.00000
 122.22222  677.77778    0.00000
 144.44444  677.77778    0.00000
 166.66667  677.77778    0.00000
 188.88889  677.77778    0.00000
 211.11111  677.77778    0.00000
 233.33333  677.77778    0.00000
 255.55556  677.77778    0.00000
 277.77778  677.77778    0.00000
 300.00000  677.77778    0.00000
 322.22222  677.77778    0.00000
 344.44444  677.77778    0.00000
 366.66667  677.77778    0.00000
 388.88889  677.77778    0.00000
 411.11111  677.77778    0.00000
 433.33333  677.77778    0.00000
 455.55556  677.77778    0.00000
 477.77778  677.77778    0.00000
 500.00000  677.77778    0.00000
 522.22222  677.77778    0.00000
 544.44444  677.77778    0.00000
 566.66667  677.77778    0.00000
 588.88889  677.77778    0.00000
 611.11111  677.77778    0.00000
 633.33333  677.77778    0.00000
 655.55556  677.77778    0.00000
 677.77778  677.77778    0.00000
 700.00000  677.77778    0.00000
 722.22222  677.77778    0.00000
 744.44444  677.77778    0.00000
 766.66667  677.77778    0.00000
 788.88889  677.77778    0.00000
 811.11111  677.77778    0.00000
 833.33333  677.77778    0.00000
 855.55556  677.77778    0.00000
 877.77778  677.77778    0.00000
 900.00000  677.77778    0.00000
 922.22222  677.77778    0.00000
 944.44444  677.77778    0.00000
 966.66667  677.77778    0.00000
 988.88889  677.77778    0.00000
1011.11111  677.77778    0.00000
1033.33333  677.77778    0.00000
1055.55556  677.77778    0.00000
1077.77778  677.77778    0.00000
1100.00000  677.77778    0.00000
-1100.00000  700.00000    0.00000
-1077.77778  700.00000    0.00000
-1055.55556  700.00000    0.00000
-1033.33333  700.00000    0.00000
-1011.11111  700.00000    0.00000
-988.88889  700.00000    0.00000
-966.66667  700.00000    0.00000
-944.44444  700.00000    0.00000
-922.22222  700.00000    0.00000
-900.00000  700.00000    0.00000
-877.77778  700.00000    0.00000
-855.55556  700.00000    0.00000
-833.33333  700.00000    0.00000
-811.11111  700.00000    0.00000
-788.88889  700.00000    0.00000
-766.66667  700.00000    0.00000
-744.44444  700.00000    0.00000
-722.22222  700.00000    0.00000
-700.00000  700.00000    0.00000
-677.77778  700.00000    0.00000
-655.55556  700.00000    0.00000
-633.33333  700.00000    0.00000
-611.11111  700.00000    0.00000
-588.88889  700.00000    0.00000
-566.66667  700.00000    0.00000
-544.44444  700.00000    0.00000
-522.22222  700.00000    0.00000
-500.00000  700.00000    0.00000
-477.77778  700.00000    0.00000
-455.55556  700.00000    0.00000
-433.33333  700.00000    0.00000
-411.11111  700.00000    0.00000
-388.88889  700.00000    0.00000
-366.66667  700.00000    0.00000
-344.44444  700.00000    0.00000
-322.22222  700.00000    0.00000
-300.00000  700.00000    0.00000
-277.77778  700.00000    0.00000
-255.55556  700.00000    0.00000
-233.33333  700.00000    0.00000
-211.11111  700.00000    0.00000
-188.88889  700.00000    0.00000
-166.66667  700.00000    0.00000
-144.44444  700.00000    0.00000
-122.22222  700.00000    0.00000
-100.00000  700.00000    0.00000
 -77.77778  700.00000    0.00000
 -55.55556  700.00000    0.00000
 -33.33333  700.00000    0.00000
 -11.11111  700.00000    0.00000
  11.11111  700.00000    0.00000
  33.33333  700.00000    0.00000
  55.55556  700.00000    0.00000
  77.77778  700.00000    0.00000
 100.00000  700.00000    0.00000
 122.22222  700.00000    0.00000
 144.44444  700.00000    0.00000
 166.66667  700.00000    0.00000
 188.88889  700.00000    0.00000
 211.11111  700.00000    0.00000
 233.33333  700.00000    0.00000
 255.55556  700.00000    0.00000
 277.77778  700.00000    0.00000
 300.00000  700.00000    0.00000
 322.22222  700.00000    0.00000
 344.44444  700.00000    0.00000
 366.66667  700.00000    0.00000
 388.88889  700.00000    0.00000
 411.11111  700.00000    0.00000
 433.33333  700.00000    0.00000
 455.55556  700.00000    0.00000
 477.77778  700.00000    0.00000
 500.00000  700.00000    0.00000
 522.22222  700.00000    0.00000
 544.44444  700.00000    0.00000
 566.66667  700.00000    0.00000
 588.88889  700.00000    0.00000
 611.11111  700.00000    0.00000
 633.33333  700.00000    0.00000
 655.55556  700.00000    0.00000
 677.77778  700.00000    0.00000
 700.00000  700.00000    0.00000
 722.22222  700.00000    0.00000
 744.44444  700.00000    0.00000
 766.66667  700.00000    0.00000
 788.88889  700.00000    0.00000
 811.11111  700.00000    0.00000
 833.33333  700.00000    0.00000
 855.55556  700.00000    0.00000
 877.77778  700.00000    0.00000
 900.00000  700.00000    0.00000
 922.22222  700.00000    0.00000
 944.44444  700.00000    0.00000
 966.66667  700.00000    0.00000
 988.88889  700.00000    0.00000
1011.11111  700.00000    0.00000
1033.33333  700.00000    0.00000
1055.55556  700.00000    0.00000
1077.77778  700.00000    0.00000
1100.00000  700.00000    0.00000
-1100.00000  722.22222    0.00000
-1077.77778  722.22222    0.00000
-1055.55556  722.22222    0.00000
-1033.33333  722.22222    0.00000
-1011.11111  722.22222    0.00000
-988.88889  722.22222    0.00000
-966.66667  722.22222    0.00000
-944.44444  722.22222    0.00000
-922.22222  722.22222    0.00000
-900.00000  722.22222    0.00000
-877.77778  722.22222    0.00000
-855.55556  722.22222    0.00000
-833.33333  722.22222    0.00000
-811.11111  722.22222    0.00000
-788.88889  722.22222    0.00000
-766.66667  722.22222    0.00000
-744.44444  722.22222    0.00000
-722.22222  722.22222    0.00000
-700.00000  722.22222    0.00000
-677.77778  722.22222    0.00000
-655.55556  722.22222    0.00000
-633.33333  722.22222    0.00000
-611.11111  722.22222    0.00000
-588.88889  722.22222    0.00000
-566.66667  722.22222    0.00000
-544.44444  722.22222    0.00000
-522.22222  722.22222    0.00000
-500.00000  722.22222    0.00000
-477.77778  722.22222    0.00000
-455.55556  722.22222    0.00000
-433.33333  722.22222    0.00000
-411.11111  722.22222    0.00000
-388.88889  722.22222    0.00000
-366.66667  722.22222    0.00000
-344.44444  722.22222    0.00000
-322.22222  722.22222    0.00000
-300.00000  722.22222    0.00000
-277.77778  722.22222    0.00000
-255.55556  722.22222    0.00000
-233.33333  722.22222    0.00000
-211.11111  722.22222    0.00000
-188.88889  722.22222    0.00000
-166.66667  722.22222    0.00000
-144.44444  722.22222    0.00000
-122.22222  722.22222    0.00000
-100.00000  722.22222    0.00000
 -77.77778  722.22222    0.00000
 -55.55556  722.22222    0.00000
 -33.33333  722.22222    0.00000
 -11.11111  722.22222    0.00000
  11.11111  722.22222    0.00000
  33.33333  722.22222    0.00000
  55.55556  722.22222    0.00000
  77.77778  722.22222    0.00000
 100.00000  722.22222    0.00000
 122.22222  722.22222    0.00000
 144.44444  722.22222    0.00000
 166.66667  722.22222    0.00000
 188.88889  722.22222    0.00000
 211.11111  722.22222    0.00000
 233.33333  722.22222    0.00000
 255.55556  722.22222    0.00000
 277.77778  722.22222    0.00000
 300.00000  722.22222    0.00000
 322.22222  722.22222    0.00000
 344.44444  722.22222    0.00000
 366.66667  722.22222    0.00000
 388.88889  722.22222    0.00000
 411.11111  722.22222    0.00000
 433.33333  722.22222    0.00000
 455.55556  722.22222    0.00000
 477.77778  722.22222    0.00000
 500.00000  722.22222    0.00000
 522.22222  722.22222    0.00000
 544.44444  722.22222    0.00000
 566.66667  722.22222    0.00000
 588.88889  722.22222    0.00000
 611.11111  722.22222    0.00000
 633.33333  722.22222    0.00000
 655.55556  722.22222    0.00000
 677.77778  722.22222    0.00000
 700.00000  722.22222    0.00000
 722.22222  722.22222    0.00000
 744.44444  722.22222    0.00000
 766.66667  722.22222    0.00000
 788.88889  722.22222    0.00000
 811.11111  722.22222    0.00000
 833.33333  722.22222    0.00000
 855.55556  722.22222    0.00000
 877.77778  722.22222    0.00000
 900.00000  722.22222    0.00000
 922.22222  722.22222    0.00000
 944.44444  722.22222    0.00000
 966.66667  722.22222    0.00000
 988.88889  722.22222    0.00000
1011.11111  722.22222    0.00000
1033.33333  722.22222    0.00000
1055.55556  722.22222    0.00000
1077.77778  722.22222    0.00000
1100.00000  722.22222    0.00000
-1100.00000  744.44444    0.00000
-1077.77778  744.44444    0.00000
-1055.55556  744.44444    0.00000
-1033.33333  744.44444    0.00000
-1011.11111  744.44444    0.00000
-988.88889  744.44444    0.00000
-966.66667  744.44444    0.00000
-944.44444  744.44444    0.00000
-922.22222  744.44444    0.00000
-900.00000  744.44444    0.00000
-877.77778  744.44444    0.00000
-855.55556  744.44444    0.00000
-833.33333  744.44444    0.00000
-811.11111  744.44444    0.00000
-788.88889  744.44444    0.00000
-766.66667  744.44444    0.00000
-744.44444  744.44444    0.00000
-722.22222  744.44444    0.00000
-700.00000  744.44444    0.00000
-677.77778  744.44444    0.00000
-655.55556  744.44444    0.00000
-633.33333  744.44444    0.00000
-611.11111  744.44444    0.00000
-588.88889  744.44444    0.00000
-566.66667  744.44444    0.00000
-544.44444  744.44444    0.00000
-522.22222  744.44444    0.00000
-500.00000  744.44444    0.00000
-477.77778  744.44444    0.00000
-455.55556  744.44444    0.00000
-433.33333  744.44444    0.00000
-411.11111  744.44444    0.00000
-388.88889  744.44444    0.00000
-366.66667  744.44444    0.00000
-344.44444  744.44444    0.00000
-322.22222  744.44444    0.00000
-300.00000  744.44444    0.00000
-277.77778  744.44444    0.00000
-255.55556  744.44444    0.00000
-233.33333  744.44444    0.00000
-211.11111  744.44444    0.00000
-188.88889  744.44444    0.00000
-166.66667  744.44444    0.00000
-144.44444  744.44444    0.00000
-122.22222  744.44444    0.00000
-100.00000  744.44444    0.00000
 -77.77778  744.44444    0.00000
 -55.55556  744.44444    0.00000
 -33.33333  744.44444    0.00000
 -11.11111  744.44444    0.00000
  11.11111  744.44444    0.00000
  33.33333  744.44444    0.00000
  55.55556  744.44444    0.00000
  77.77778  744.44444    0.00000
 100.00000  744.44444    0.00000
 122.22222  744.44444    0.00000
 144.44444  744.44444    0.00000
 166.66667  744.44444    0.00000
 188.88889  744.44444    0.00000
 211.11111  744.44444    0.00000
 233.33333  744.44444    0.00000
 255.55556  744.44444    0.00000
 277.77778  744.44444    0.00000
 300.00000  744.44444    0.00000
 322.22222  744.44444    0.00000
 344.44444  744.44444    0.00000
 366.66667  744.44444    0.00000
 388.88889  744.44444    0.00000
 411.11111  744.44444    0.00000
 433.33333  744.44444    0.00000
 455.55556  744.44444    0.00000
 477.77778  744.44444    0.00000
 500.00000  744.44444    0.00000
 522.22222  744.44444    0.00000
 544.44444  744.44444    0.00000
 566.66667  744.44444    0.00000
 588.88889  744.44444    0.00000
 611.11111  744.44444    0.00000
 633.33333  744.44444    0.00000
 655.55556  744.44444    0.00000
 677.77778  744.44444    0.00000
 700.00000  744.44444    0.00000
 722.22222  744.44444    0.00000
 744.44444  744.44444    0.00000
 766.66667  744.44444    0.00000
 788.88889  744.44444    0.00000
 811.11111  744.44444    0.00000
 833.33333  744.44444    0.00000
 855.55556  744.44444    0.00000
 877.77778  744.44444    0.00000
 900.00000  744.44444    0.00000
 922.22222  744.44444    0.00000
 944.44444  744.44444    0.00000
 966.66667  744.44444    0.00000
 988.88889  744.44444    0.00000
1011.11111  744.44444    0.00000
1033.33333  744.44444    0.00000
1055.55556  744.44444    0.00000
1077.77778  744.44444    0.00000
1100.00000  744.44444    0.00000
-1100.00000  766.66667    0.00000
-1077.77778  766.66667    0.00000
-1055.55556  766.66667    0.00000
-1033.33333  766.66667    0.00000
-1011.11111  766.66667    0.00000
-988.88889  766.66667    0.00000
-966.66667  766.66667    0.00000
-944.44444  766.66667    0.00000
-922.22222  766.66667    0.00000
-900.00000  766.66667    0.00000
-877.77778  766.66667    0.00000
-855.55556  766.66667    0.00000
-833.33333  766.66667    0.00000
-811.11111  766.66667    0.00000
-788.88889  766.66667    0.00000
-766.66667  766.66667    0.00000
-744.44444  766.66667    0.00000
-722.22222  766.66667    0.00000
-700.00000  766.66667    0.00000
-677.77778  766.66667    0.00000
-655.55556  766.66667    0.00000
-633.33333  766.66667    0.00000
-611.11111  766.66667    0.00000
-588.88889  766.66667    0.00000
-566.66667  766.66667    0.00000
-544.44444  766.66667    0.00000
-522.22222  766.66667    0.00000
-500.00000  766.66667    0.00000
-477.77778  766.66667    0.00000
-455.55556  766.66667    0.00000
-433.33333  766.66667    0.00000
-411.11111  766.66667    0.00000
-388.88889  766.66667    0.00000
-366.66667  766.66667    0.00000
-344.44444  766.66667    0.00000
-322.22222  766.66667    0.00000
-300.00000  766.66667    0.00000
-277.77778  766.66667    0.00000
-255.55556  766.66667    0.00000
-233.33333  766.66667    0.00000
-211.11111  766.66667    0.00000
-188.88889  766.66667    0.00000
-166.66667  766.66667    0.00000
-144.44444  766.66667    0.00000
-122.22222  766.66667    0.00000
-100.00000  766.66667    0.00000
 -77.77778  766.66667    0.00000
 -55.55556  766.66667    0.00000
 -33.33333  766.66667    0.00000
 -11.11111  766.66667    0.00000
  11.11111  766.66667    0.00000
  33.33333  766.66667    0.00000
  55.55556  766.66667    0.00000
  77.77778  766.66667    0.00000
 100.00000  766.66667    0.00000
 122.22222  766.66667    0.00000
 144.44444  766.66667    0.00000
 166.66667  766.66667    0.00000
 188.88889  766.66667    0.00000
 211.11111  766.66667    0.00000
 233.33333  766.66667    0.00000
 255.55556  766.66667    0.00000
 277.77778  766.66667    0.00000
 300.00000  766.66667    0.00000
 322.22222  766.66667    0.00000
 344.44444  766.66667    0.00000
 366.66667  766.66667    0.00000
 388.88889  766.66667    0.00000
 411.11111  766.66667    0.00000
 433.33333  766.66667    0.00000
 455.55556  766.66667    0.00000
 477.77778  766.66667    0.00000
 500.00000  766.66667    0.00000
 522.22222  766.66667    0.00000
 544.44444  766.66667    0.00000
 566.66667  766.66667    0.00000
 588.88889  766.66667    0.00000
 611.11111  766.66667    0.00000
 633.33333  766.66667    0.00000
 655.55556  766.66667    0.00000
 677.77778  766.66667    0.00000
 700.00000  766.66667    0.00000
 722.22222  766.66667    0.00000
 744.44444  766.66667    0.00000
 766.66667  766.66667    0.00000
 788.88889  766.66667    0.00000
 811.11111  766.66667    0.00000
 833.33333  766.66667    0.00000
 855.55556  766.66667    0.00000
 877.77778  766.66667    0.00000
 900.00000  766.66667    0.00000
 922.22222  766.66667    0.00000
 944.44444  766.66667    0.00000
 966.66667  766.66667    0.00000
 988.88889  766.66667    0.00000
1011.11111  766.66667    0.00000
1033.33333  766.66667    0.00000
1055.55556  766.66667    0.00000
1077.77778  766.66667    0.00000
1100.00000  766.66667    0.00000
-1100.00000  788.88889    0.00000
-1077.77778  788.88889    0.00000
-1055.55556  788.88889    0.00000
-1033.33333  788.88889    0.00000
-1011.11111  788.88889    0.00000
-988.88889  788.88889    0.00000
-966.66667  788.88889    0.00000
-944.44444  788.88889    0.00000
-922.22222  788.88889    0.00000
-900.00000  788.88889    0.00000
-877.77778  788.88889    0.00000
-855.55556  788.88889    0.00000
-833.33333  788.88889    0.00000
-811.11111  788.88889    0.00000
-788.88889  788.88889    0.00000
-766.66667  788.88889    0.00000
-744.44444  788.88889    0.00000
-722.22222  788.88889    0.00000
-700.00000  788.88889    0.00000
-677.77778  788.88889    0.00000
-655.55556  788.88889    0.00000
-633.33333  788.88889    0.00000
-611.11111  788.88889    0.00000
-588.88889  788.88889    0.00000
-566.66667  788.88889    0.00000
-544.44444  788.88889    0.00000
-522.22222  788.88889    0.00000
-500.00000  788.88889    0.00000
-477.77778  788.88889    0.00000
-455.55556  788.88889    0.00000
-433.33333  788.88889    0.00000
-411.11111  788.88889    0.00000
-388.88889  788.88889    0.00000
-366.66667  788.88889    0.00000
-344.44444  788.88889    0.00000
-322.22222  788.88889    0.00000
-300.00000  788.88889    0.00000
-277.77778  788.88889    0.00000
-255.55556  788.88889    0.00000
-233.33333  788.88889    0.00000
-211.11111  788.88889    0.00000
-188.88889  788.88889    0.00000
-166.66667  788.88889    0.00000
-144.44444  788.88889    0.00000
-122.22222  788.88889    0.00000
-100.00000  788.88889    0.00000
 -77.77778  788.88889    0.00000
 -55.55556  788.88889    0.00000
 -33.33333  788.88889    0.00000
 -11.11111  788.88889    0.00000
  11.11111  788.88889    0.00000
  33.33333  788.88889    0.00000
  55.55556  788.88889    0.00000
  77.77778  788.88889    0.00000
 100.00000  788.88889    0.00000
 122.22222  788.88889    0.00000
 144.44444  788.88889    0.00000
 166.66667  788.88889    0.00000
 188.88889  788.88889    0.00000
 211.11111  788.88889    0.00000
 233.33333  788.88889    0.00000
 255.55556  788.88889    0.00000
 277.77778  788.88889    0.00000
 300.00000  788.88889    0.00000
 322.22222  788.88889    0.00000
 344.44444  788.88889    0.00000
 366.66667  788.88889    0.00000
 388.88889  788.88889    0.00000
 411.11111  788.88889    0.00000
 433.33333  788.88889    0.00000
 455.55556  788.88889    0.00000
 477.77778  788.88889    0.00000
 500.00000  788.88889    0.00000
 522.22222  788.88889    0.00000
 544.44444  788.88889    0.00000
 566.66667  788.88889    0.00000
 588.88889  788.88889    0.00000
 611.11111  788.88889    0.00000
 633.33333  788.88889    0.00000
 655.55556  788.88889    0.00000
 677.77778  788.88889    0.00000
 700.00000  788.88889    0.00000
 722.22222  788.88889    0.00000
 744.44444  788.88889    0.00000
 766.66667  788.88889    0.00000
 788.88889  788.88889    0.00000
 811.11111  788.88889    0.00000
 833.33333  788.88889    0.00000
 855.55556  788.88889    0.00000
 877.77778  788.88889    0.00000
 900.00000  788.88889    0.00000
 922.22222  788.88889    0.00000
 944.44444  788.88889    0.00000
 966.66667  788.88889    0.00000
 988.88889  788.88889    0.00000
1011.11111  788.88889    0.00000
1033.33333  788.88889    0.00000
1055.55556  788.88889    0.00000
1077.77778  788.88889    0.00000
1100.00000  788.88889    0.00000
-1100.00000  811.11111    0.00000
-1077.77778  811.11111    0.00000
-1055.55556  811.11111    0.00000
-1033.33333  811.11111    0.00000
-1011.11111  811.11111    0.00000
-988.88889  811.11111    0.00000
-966.66667  811.11111    0.00000
-944.44444  811.11111    0.00000
-922.22222  811.11111    0.00000
-900.00000  811.11111    0.00000
-877.77778  811.11111    0.00000
-855.55556  811.11111    0.00000
-833.33333  811.11111    0.00000
-811.11111  811.11111    0.00000
-788.88889  811.11111    0.00000
-766.66667  811.11111    0.00000
-744.44444  811.11111    0.00000
-722.22222  811.11111    0.00000
-700.00000  811.11111    0.00000
-677.77778  811.11111    0.00000
-655.55556  811.11111    0.00000
-633.33333  811.11111    0.00000
-611.11111  811.11111    0.00000
-588.88889  811.11111    0.00000
-566.66667  811.11111    0.00000
-544.44444  811.11111    0.00000
-522.22222  811.11111    0.00000
-500.00000  811.11111    0.00000
-477.77778  811.11111    0.00000
-455.55556  811.11111    0.00000
-433.33333  811.11111    0.00000
-411.11111  811.11111    0.00000
-388.88889  811.11111    0.00000
-366.66667  811.11111    0.00000
-344.44444  811.11111    0.00000
-322.22222  811.11111    0.00000
-300.00000  811.11111    0.00000
-277.77778  811.11111    0.00000
-255.55556  811.11111    0.00000
-233.33333  811.11111    0.00000
-211.11111  811.11111    0.00000
-188.88889  811.11111    0.00000
-166.66667  811.11111    0.00000
-144.44444  811.11111    0.00000
-122.22222  811.11111    0.00000
-100.00000  811.11111    0.00000
 -77.77778  811.11111    0.00000
 -55.55556  811.11111    0.00000
 -33.33333  811.11111    0.00000
 -11.11111  811.11111    0.00000
  11.11111  811.11111    0.00000
  33.33333  811.11111    0.00000
  55.55556  811.11111    0.00000
  77.77778  811.11111    0.00000
 100.00000  811.11111    0.00000
 122.22222  811.11111    0.00000
 144.44444  811.11111    0.00000
 166.66667  811.11111    0.00000
 188.88889  811.11111    0.00000
 211.11111  811.11111    0.00000
 233.33333  811.11111    0.00000
 255.55556  811.11111    0.00000
 277.77778  811.11111    0.00000
 300.00000  811.11111    0.00000
 322.22222  811.11111    0.00000
 344.44444  811.11111    0.00000
 366.66667  811.11111    0.00000
 388.88889  811.11111    0.00000
 411.11111  811.11111    0.00000
 433.33333  811.11111    0.00000
 455.55556  811.11111    0.00000
 477.77778  811.11111    0.00000
 500.00000  811.11111    0.00000
 522.22222  811.11111    0.00000
 544.44444  811.11111    0.00000
 566.66667  811.11111    0.00000
 588.88889  811.11111    0.00000
 611.11111  811.11111    0.00000
 633.33333  811.11111    0.00000
 655.55556  811.11111    0.00000
 677.77778  811.11111    0.00000
 700.00000  811.11111    0.00000
 722.22222  811.11111    0.00000
 744.44444  811.11111    0.00000
 766.66667  811.11111    0.00000
 788.88889  811.11111    0.00000
 811.11111  811.11111    0.00000
 833.33333  811.11111    0.00000
 855.55556  811.11111    0.00000
 877.77778  811.11111    0.00000
 900.00000  811.11111    0.00000
 922.22222  811.11111    0.00000
 944.44444  811.11111    0.00000
 966.66667  811.11111    0.00000
 988.88889  811.11111    0.00000
1011.11111  811.11111    0.00000
1033.33333  811.11111    0.00000
1055.55556  811.11111    0.00000
1077.77778  811.11111    0.00000
1100.00000  811.11111    0.00000
-1100.00000  833.33333    0.00000
-1077.77778  833.33333    0.00000
-1055.55556  833.33333    0.00000
-1033.33333  833.33333    0.00000
-1011.11111  833.33333    0.00000
-988.88889  833.33333    0.00000
-966.66667  833.33333    0.00000
-944.44444  833.33333    0.00000
-922.22222  833.33333    0.00000
-900.00000  833.33333    0.00000
-877.77778  833.33333    0.00000
-855.55556  833.33333    0.00000
-833.33333  833.33333    0.00000
-811.11111  833.33333    0.00000
-788.88889  833.33333    0.00000
-766.66667  833.33333    0.00000
-744.44444  833.33333    0.00000
-722.22222  833.33333    0.00000
-700.00000  833.33333    0.00000
-677.77778  833.33333    0.00000
-655.55556  833.33333    0.00000
-633.33333  833.33333    0.00000
-611.11111  833.33333    0.00000
-588.88889  833.33333    0.00000
-566.66667  833.33333    0.00000
-544.44444  833.33333    0.00000
-522.22222  833.33333    0.00000
-500.00000  833.33333    0.00000
-477.77778  833.33333    0.00000
-455.55556  833.33333    0.00000
-433.33333  833.33333    0.00000
-411.11111  833.33333    0.00000
-388.88889  833.33333    0.00000
-366.66667  833.33333    0.00000
-344.44444  833.33333    0.00000
-322.22222  833.33333    0.00000
-300.00000  833.33333    0.00000
-277.77778  833.33333    0.00000
-255.55556  833.33333    0.00000
-233.33333  833.33333    0.00000
-211.11111  833.33333    0.00000
-188.88889  833.33333    0.00000
-166.66667  833.33333    0.00000
-144.44444  833.33333    0.00000
-122.22222  833.33333    0.00000
-100.00000  833.33333    0.00000
 -77.77778  833.33333    0.00000
 -55.55556  833.33333    0.00000
 -33.33333  833.33333    0.00000
 -11.11111  833.33333    0.00000
  11.11111  833.33333    0.00000
  33.33333  833.33333    0.00000
  55.55556  833.33333    0.00000
  77.77778  833.33333    0.00000
 100.00000  833.33333    0.00000
 122.22222  833.33333    0.00000
 144.44444  833.33333    0.00000
 166.66667  833.33333    0.00000
 188.88889  833.33333    0.00000
 211.11111  833.33333    0.00000
 233.33333  833.33333    0.00000
 255.55556  833.33333    0.00000
 277.77778  833.33333    0.00000
 300.00000  833.33333    0.00000
 322.22222  833.33333    0.00000
 344.44444  833.33333    0.00000
 366.66667  833.33333    0.00000
 388.88889  833.33333    0.00000
 411.11111  833.33333    0.00000
 433.33333  833.33333    0.00000
 455.55556  833.33333    0.00000
 477.77778  833.33333    0.00000
 500.00000  833.33333    0.00000
 522.22222  833.33333    0.00000
 544.44444  833.33333    0.00000
 566.66667  833.33333    0.00000
 588.88889  833.33333    0.00000
 611.11111  833.33333    0.00000
 633.33333  833.33333    0.00000
 655.55556  833.33333    0.00000
 677.77778  833.33333    0.00000
 700.00000  833.33333    0.00000
 722.22222  833.33333    0.00000
 744.44444  833.33333    0.00000
 766.66667  833.33333    0.00000
 788.88889  833.33333    0.00000
 811.11111  833.33333    0.00000
 833.33333  833.33333    0.00000
 855.55556  833.33333    0.00000
 877.77778  833.33333    0.00000
 900.00000  833.33333    0.00000
 922.22222  833.33333    0.00000
 944.44444  833.33333    0.00000
 966.66667  833.33333    0.00000
 988.88889  833.33333    0.00000
1011.11111  833.33333    0.00000
1033.33333  833.33333    0.00000
1055.55556  833.33333    0.00000
1077.77778  833.33333    0.00000
1100.00000  833.33333    0.00000
-1100.00000  855.55556    0.00000
-1077.77778  855.55556    0.00000
-1055.55556  855.55556    0.00000
-1033.33333  855.55556    0.00000
-1011.11111  855.55556    0.00000
-988.88889  855.55556    0.00000
-966.66667  855.55556    0.00000
-944.44444  855.55556    0.00000
-922.22222  855.55556    0.00000
-900.00000  855.55556    0.00000
-877.77778  855.55556    0.00000
-855.55556  855.55556    0.00000
-833.33333  855.55556    0.00000
-811.11111  855.55556    0.00000
-788.88889  855.55556    0.00000
-766.66667  855.55556    0.00000
-744.44444  855.55556    0.00000
-722.22222  855.55556    0.00000
-700.00000  855.55556    0.00000
-677.77778  855.55556    0.00000
-655.55556  855.55556    0.00000
-633.33333  855.55556    0.00000
-611.11111  855.55556    0.00000
-588.88889  855.55556    0.00000
-566.66667  855.55556    0.00000
-544.44444  855.55556    0.00000
-522.22222  855.55556    0.00000
-500.00000  855.55556    0.00000
-477.77778  855.55556    0.00000
-455.55556  855.55556    0.00000
-433.33333  855.55556    0.00000
-411.11111  855.55556    0.00000
-388.88889  855.55556    0.00000
-366.66667  855.55556    0.00000
-344.44444  855.55556    0.00000
-322.22222  855.55556    0.00000
-300.00000  855.55556    0.00000
-277.77778  855.55556    0.00000
-255.55556  855.55556    0.00000
-233.33333  855.55556    0.00000
-211.11111  855.55556    0.00000
-188.88889  855.55556    0.00000
-166.66667  855.55556    0.00000
-144.44444  855.55556    0.00000
-122.22222  855.55556    0.00000
-100.00000  855.55556    0.00000
 -77.77778  855.55556    0.00000
 -55.55556  855.55556    0.00000
 -33.33333  855.55556    0.00000
 -11.11111  855.55556    0.00000
  11.11111  855.55556    0.00000
  33.33333  855.55556    0.00000
  55.55556  855.55556    0.00000
  77.77778  855.55556    0.00000
 100.00000  855.55556    0.00000
 122.22222  855.55556    0.00000
 144.44444  855.55556    0.00000
 166.66667  855.55556    0.00000
 188.88889  855.55556    0.00000
 211.11111  855.55556    0.00000
 233.33333  855.55556    0.00000
 255.55556  855.55556    0.00000
 277.77778  855.55556    0.00000
 300.00000  855.55556    0.00000
 322.22222  855.55556    0.00000
 344.44444  855.55556    0.00000
 366.66667  855.55556    0.00000
 388.88889  855.55556    0.00000
 411.11111  855.55556    0.00000
 433.33333  855.55556    0.00000
 455.55556  855.55556    0.00000
 477.77778  855.55556    0.00000
 500.00000  855.55556    0.00000
 522.22222  855.55556    0.00000
 544.44444  855.55556    0.00000
 566.66667  855.55556    0.00000
 588.88889  855.55556    0.00000
 611.11111  855.55556    0.00000
 633.33333  855.55556    0.00000
 655.55556  855.55556    0.00000
 677.77778  855.55556    0.00000
 700.00000  855.55556    0.00000
 722.22222  855.55556    0.00000
 744.44444  855.55556    0.00000
 766.66667  855.55556    0.00000
 788.88889  855.55556    0.00000
 811.11111  855.55556    0.00000
 833.33333  855.55556    0.00000
 855.55556  855.55556    0.00000
 877.77778  855.55556    0.00000
 900.00000  855.55556    0.00000
 922.22222  855.55556    0.00000
 944.44444  855.55556    0.00000
 966.66667  855.55556    0.00000
 988.88889  855.55556    0.00000
1011.11111  855.55556    0.00000
1033.33333  855.55556    0.00000
1055.55556  855.55556    0.00000
1077.77778  855.55556    0.00000
1100.00000  855.55556    0.00000
-1100.00000  877.77778    0.00000
-1077.77778  877.77778    0.00000
-1055.55556  877.77778    0.00000
-1033.33333  877.77778    0.00000
-1011.11111  877.77778    0.00000
-988.88889  877.77778    0.00000
-966.66667  877.77778    0.00000
-944.44444  877.77778    0.00000
-922.22222  877.77778    0.00000
-900.00000  877.77778    0.00000
-877.77778  877.77778    0.00000
-855.55556  877.77778    0.00000
-833.33333  877.77778    0.00000
-811.11111  877.77778    0.00000
-788.88889  877.77778    0.00000
-766.66667  877.77778    0.00000
-744.44444  877.77778    0.00000
-722.22222  877.77778    0.00000
-700.00000  877.77778    0.00000
-677.77778  877.77778    0.00000
-655.55556  877.77778    0.00000
-633.33333  877.77778    0.00000
-611.11111  877.77778    0.00000
-588.88889  877.77778    0.00000
-566.66667  877.77778    0.00000
-544.44444  877.77778    0.00000
-522.22222  877.77778    0.00000
-500.00000  877.77778    0.00000
-477.77778  877.77778    0.00000
-455.55556  877.77778    0.00000
-433.33333  877.77778    0.00000
-411.11111  877.77778    0.00000
-388.88889  877.77778    0.00000
-366.66667  877.77778    0.00000
-344.44444  877.77778    0.00000
-322.22222  877.77778    0.00000
-300.00000  877.77778    0.00000
-277.77778  877.77778    0.00000
-255.55556  877.77778    0.00000
-233.33333  877.77778    0.00000
-211.11111  877.77778    0.00000
-188.88889  877.77778    0.00000
-166.66667  877.77778    0.00000
-144.44444  877.77778    0.00000
-122.22222  877.77778    0.00000
-100.00000  877.77778    0.00000
 -77.77778  877.77778    0.00000
 -55.55556  877.77778    0.00000
 -33.33333  877.77778    0.00000
 -11.11111  877.77778    0.00000
  11.11111  877.77778    0.00000
  33.33333  877.77778    0.00000
  55.55556  877.77778    0.00000
  77.77778  877.77778    0.00000
 100.00000  877.77778    0.00000
 122.22222  877.77778    0.00000
 144.44444  877.77778    0.00000
 166.66667  877.77778    0.00000
 188.88889  877.77778    0.00000
 211.11111  877.77778    0.00000
 233.33333  877.77778    0.00000
 255.55556  877.77778    0.00000
 277.77778  877.77778    0.00000
 300.00000  877.77778    0.00000
 322.22222  877.77778    0.00000
 344.44444  877.77778    0.00000
 366.66667  877.77778    0.00000
 388.88889  877.77778    0.00000
 411.11111  877.77778    0.00000
 433.33333  877.77778    0.00000
 455.55556  877.77778    0.00000
 477.77778  877.77778    0.00000
 500.00000  877.77778    0.00000
 522.22222  877.77778    0.00000
 544.44444  877.77778    0.00000
 566.66667  877.77778    0.00000
 588.88889  877.77778    0.00000
 611.11111  877.77778    0.00000
 633.33333  877.77778    0.00000
 655.55556  877.77778    0.00000
 677.77778  877.77778    0.00000
 700.00000  877.77778    0.00000
 722.22222  877.77778    0.00000
 744.44444  877.77778    0.00000
 766.66667  877.77778    0.00000
 788.88889  877.77778    0.00000
 811.11111  877.77778    0.00000
 833.33333  877.77778    0.00000
 855.55556  877.77778    0.00000
 877.77778  877.77778    0.00000
 900.00000  877.77778    0.00000
 922.22222  877.77778    0.00000
 944.44444  877.77778    0.00000
 966.66667  877.77778    0.00000
 988.88889  877.77778    0.00000
1011.11111  877.77778    0.00000
1033.33333  877.77778    0.00000
1055.55556  877.77778    0.00000
1077.77778  877.77778    0.00000
1100.00000  877.77778    0.00000
-1100.00000  900.00000    0.00000
-1077.77778  900.00000    0.00000
-1055.55556  900.00000    0.00000
-1033.33333  900.00000    0.00000
-1011.11111  900.00000    0.00000
-988.88889  900.00000    0.00000
-966.66667  900.00000    0.00000
-944.44444  900.00000    0.00000
-922.22222  900.00000    0.00000
-900.00000  900.00000    0.00000
-877.77778  900.00000    0.00000
-855.55556  900.00000    0.00000
-833.33333  900.00000    0.00000
-811.11111  900.00000    0.00000
-788.88889  900.00000    0.00000
-766.66667  900.00000    0.00000
-744.44444  900.00000    0.00000
-722.22222  900.00000    0.00000
-700.00000  900.00000    0.00000
-677.77778  900.00000    0.00000
-655.55556  900.00000    0.00000
-633.33333  900.00000    0.00000
-611.11111  900.00000    0.00000
-588.88889  900.00000    0.00000
-566.66667  900.00000    0.00000
-544.44444  900.00000    0.00000
-522.22222  900.00000    0.00000
-500.00000  900.00000    0.00000
-477.77778  900.00000    0.00000
-455.55556  900.00000    0.00000
-433.33333  900.00000    0.00000
-411.11111  900.00000    0.00000
-388.88889  900.00000    0.00000
-366.66667  900.00000    0.00000
-344.44444  900.00000    0.00000
-322.22222  900.00000    0.00000
-300.00000  900.00000    0.00000
-277.77778  900.00000    0.00000
-255.55556  900.00000    0.00000
-233.33333  900.00000    0.00000
-211.11111  900.00000    0.00000
-188.88889  900.00000    0.00000
-166.66667  900.00000    0.00000
-144.44444  900.00000    0.00000
-122.22222  900.00000    0.00000
-100.00000  900.00000    0.00000
 -77.77778  900.00000    0.00000
 -55.55556  900.00000    0.00000
 -33.33333  900.00000    0.00000
 -11.11111  900.00000    0.00000
  11.11111  900.00000    0.00000
  33.33333  900.00000    0.00000
  55.55556  900.00000    0.00000
  77.77778  900.00000    0.00000
 100.00000  900.00000    0.00000
 122.22222  900.00000    0.00000
 144.44444  900.00000    0.00000
 166.66667  900.00000    0.00000
 188.88889  900.00000    0.00000
 211.11111  900.00000    0.00000
 233.33333  900.00000    0.00000
 255.55556  900.00000    0.00000
 277.77778  900.00000    0.00000
 300.00000  900.00000    0.00000
 322.22222  900.00000    0.00000
 344.44444  900.00000    0.00000
 366.66667  900.00000    0.00000
 388.88889  900.00000    0.00000
 411.11111  900.00000    0.00000
 433.33333  900.00000    0.00000
 455.55556  900.00000    0.00000
 477.77778  900.00000    0.00000
 500.00000  900.00000    0.00000
 522.22222  900.00000    0.00000
 544.44444  900.00000    0.00000
 566.66667  900.00000    0.00000
 588.88889  900.00000    0.00000
 611.11111  900.00000    0.00000
 633.33333  900.00000    0.00000
 655.55556  900.00000    0.00000
 677.77778  900.00000    0.00000
 700.00000  900.00000    0.00000
 722.22222  900.00000    0.00000
 744.44444  900.00000    0.00000
 766.66667  900.00000    0.00000
 788.88889  900.00000    0.00000
 811.11111  900.00000    0.00000
 833.33333  900.00000    0.00000
 855.55556  900.00000    0.00000
 877.77778  900.00000    0.00000
 900.00000  900.00000    0.00000
 922.22222  900.00000    0.00000
 944.44444  900.00000    0.00000
 966.66667  900.00000    0.00000
 988.88889  900.00000    0.00000
1011.11111  900.00000    0.00000
1033.33333  900.00000    0.00000
1055.55556  900.00000    0.00000
1077.77778  900.00000    0.00000
1100.00000  900.00000    0.00000
-1100.00000  922.22222    0.00000
-1077.77778  922.22222    0.00000
-1055.55556  922.22222    0.00000
-1033.33333  922.22222    0.00000
-1011.11111  922.22222    0.00000
-988.88889  922.22222    0.00000
-966.66667  922.22222    0.00000
-944.44444  922.22222    0.00000
-922.22222  922.22222    0.00000
-900.00000  922.22222    0.00000
-877.77778  922.22222    0.00000
-855.55556  922.22222    0.00000
-833.33333  922.22222    0.00000
-811.11111  922.22222    0.00000
-788.88889  922.22222    0.00000
-766.66667  922.22222    0.00000
-744.44444  922.22222    0.00000
-722.22222  922.22222    0.00000
-700.00000  922.22222    0.00000
-677.77778  922.22222    0.00000
-655.55556  922.22222    0.00000
-633.33333  922.22222    0.00000
-611.11111  922.22222    0.00000
-588.88889  922.22222    0.00000
-566.66667  922.22222    0.00000
-544.44444  922.22222    0.00000
-522.22222  922.22222    0.00000
-500.00000  922.22222    0.00000
-477.77778  922.22222    0.00000
-455.55556  922.22222    0.00000
-433.33333  922.22222    0.00000
-411.11111  922.22222    0.00000
-388.88889  922.22222    0.00000
-366.66667  922.22222    0.00000
-344.44444  922.22222    0.00000
-322.22222  922.22222    0.00000
-300.00000  922.22222    0.00000
-277.77778  922.22222    0.00000
-255.55556  922.22222    0.00000
-233.33333  922.22222    0.00000
-211.11111  922.22222    0.00000
-188.88889  922.22222    0.00000
-166.66667  922.22222    0.00000
-144.44444  922.22222    0.00000
-122.22222  922.22222    0.00000
-100.00000  922.22222    0.00000
 -77.77778  922.22222    0.00000
 -55.55556  922.22222    0.00000
 -33.33333  922.22222    0.00000
 -11.11111  922.22222    0.00000
  11.11111  922.22222    0.00000
  33.33333  922.22222    0.00000
  55.55556  922.22222    0.00000
  77.77778  922.22222    0.00000
 100.00000  922.22222    0.00000
 122.22222  922.22222    0.00000
 144.44444  922.22222    0.00000
 166.66667  922.22222    0.00000
 188.88889  922.22222    0.00000
 211.11111  922.22222    0.00000
 233.33333  922.22222    0.00000
 255.55556  922.22222    0.00000
 277.77778  922.22222    0.00000
 300.00000  922.22222    0.00000
 322.22222  922.22222    0.00000
 344.44444  922.22222    0.00000
 366.66667  922.22222    0.00000
 388.88889  922.22222    0.00000
 411.11111  922.22222    0.00000
 433.33333  922.22222    0.00000
 455.55556  922.22222    0.00000
 477.77778  922.22222    0.00000
 500.00000  922.22222    0.00000
 522.22222  922.22222    0.00000
 544.44444  922.22222    0.00000
 566.66667  922.22222    0.00000
 588.88889  922.22222    0.00000
 611.11111  922.22222    0.00000
 633.33333  922.22222    0.00000
 655.55556  922.22222    0.00000
 677.77778  922.22222    0.00000
 700.00000  922.22222    0.00000
 722.22222  922.22222    0.00000
 744.44444  922.22222    0.00000
 766.66667  922.22222    0.00000
 788.88889  922.22222    0.00000
 811.11111  922.22222    0.00000
 833.33333  922.22222    0.00000
 855.55556  922.22222    0.00000
 877.77778  922.22222    0.00000
 900.00000  922.22222    0.00000
 922.22222  922.22222    0.00000
 944.44444  922.22222    0.00000
 966.66667  922.22222    0.00000
 988.88889  922.22222    0.00000
1011.11111  922.22222    0.00000
1033.33333  922.22222    0.00000
1055.55556  922.22222    0.00000
1077.77778  922.22222    0.00000
1100.00000  922.22222    0.00000
-1100.00000  944.44444    0.00000
-1077.77778  944.44444    0.00000
-1055.55556  944.44444    0.00000
-1033.33333  944.44444    0.00000
-1011.11111  944.44444    0.00000
-988.88889  944.44444    0.00000
-966.66667  944.44444    0.00000
-944.44444  944.44444    0.00000
-922.22222  944.44444    0.00000
-900.00000  944.44444    0.00000
-877.77778  944.44444    0.00000
-855.55556  944.44444    0.00000
-833.33333  944.44444    0.00000
-811.11111  944.44444    0.00000
-788.88889  944.44444    0.00000
-766.66667  944.44444    0.00000
-744.44444  944.44444    0.00000
-722.22222  944.44444    0.00000
-700.00000  944.44444    0.00000
-677.77778  944.44444    0.00000
-655.55556  944.44444    0.00000
-633.33333  944.44444    0.00000
-611.11111  944.44444    0.00000
-588.88889  944.44444    0.00000
-566.66667  944.44444    0.00000
-544.44444  944.44444    0.00000
-522.22222  944.44444    0.00000
-500.00000  944.44444    0.00000
-477.77778  944.44444    0.00000
-455.55556  944.44444    0.00000
-433.33333  944.44444    0.00000
-411.11111  944.44444    0.00000
-388.88889  944.44444    0.00000
-366.66667  944.44444    0.00000
-344.44444  944.44444    0.00000
-322.22222  944.44444    0.00000
-300.00000  944.44444    0.00000
-277.77778  944.44444    0.00000
-255.55556  944.44444    0.00000
-233.33333  944.44444    0.00000
-211.11111  944.44444    0.00000
-188.88889  944.44444    0.00000
-166.66667  944.44444    0.00000
-144.44444  944.44444    0.00000
-122.22222  944.44444    0.00000
-100.00000  944.44444    0.00000
 -77.77778  944.44444    0.00000
 -55.55556  944.44444    0.00000
 -33.33333  944.44444    0.00000
 -11.11111  944.44444    0.00000
  11.11111  944.44444    0.00000
  33.33333  944.44444    0.00000
  55.55556  944.44444    0.00000
  77.77778  944.44444    0.00000
 100.00000  944.44444    0.00000
 122.22222  944.44444    0.00000
 144.44444  944.44444    0.00000
 166.66667  944.44444    0.00000
 188.88889  944.44444    0.00000
 211.11111  944.44444    0.00000
 233.33333  944.44444    0.00000
 255.55556  944.44444    0.00000
 277.77778  944.44444    0.00000
 300.00000  944.44444    0.00000
 322.22222  944.44444    0.00000
 344.44444  944.44444    0.00000
 366.66667  944.44444    0.00000
 388.88889  944.44444    0.00000
 411.11111  944.44444    0.00000
 433.33333  944.44444    0.00000
 455.55556  944.44444    0.00000
 477.77778  944.44444    0.00000
 500.00000  944.44444    0.00000
 522.22222  944.44444    0.00000
 544.44444  944.44444    0.00000
 566.66667  944.44444    0.00000
 588.88889  944.44444    0.00000
 611.11111  944.44444    0.00000
 633.33333  944.44444    0.00000
 655.55556  944.44444    0.00000
 677.77778  944.44444    0.00000
 700.00000  944.44444    0.00000
 722.22222  944.44444    0.00000
 744.44444  944.44444    0.00000
 766.66667  944.44444    0.00000
 788.88889  944.44444    0.00000
 811.11111  944.44444    0.00000
 833.33333  944.44444    0.00000
 855.55556  944.44444    0.00000
 877.77778  944.44444    0.00000
 900.00000  944.44444    0.00000
 922.22222  944.44444    0.00000
 944.44444  944.44444    0.00000
 966.66667  944.44444    0.00000
 988.88889  944.44444    0.00000
1011.11111  944.44444    0.00000
1033.33333  944.44444    0.00000
1055.55556  944.44444    0.00000
1077.77778  944.44444    0.00000
1100.00000  944.44444    0.00000
-1100.00000  966.66667    0.00000
-1077.77778  966.66667    0.00000
-1055.55556  966.66667    0.00000
-1033.33333  966.66667    0.00000
-1011.11111  966.66667    0.00000
-988.88889  966.66667    0.00000
-966.66667  966.66667    0.00000
-944.44444  966.66667    0.00000
-922.22222  966.66667    0.00000
-900.00000  966.66667    0.00000
-877.77778  966.66667    0.00000
-855.55556  966.66667    0.00000
-833.33333  966.66667    0.00000
-811.11111  966.66667    0.00000
-788.88889  966.66667    0.00000
-766.66667  966.66667    0.00000
-744.44444  966.66667    0.00000
-722.22222  966.66667    0.00000
-700.00000  966.66667    0.00000
-677.77778  966.66667    0.00000
-655.55556  966.66667    0.00000
-633.33333  966.66667    0.00000
-611.11111  966.66667    0.00000
-588.88889  966.66667    0.00000
-566.66667  966.66667    0.00000
-544.44444  966.66667    0.00000
-522.22222  966.66667    0.00000
-500.00000  966.66667    0.00000
-477.77778  966.66667    0.00000
-455.55556  966.66667    0.00000
-433.33333  966.66667    0.00000
-411.11111  966.66667    0.00000
-388.88889  966.66667    0.00000
-366.66667  966.66667    0.00000
-344.44444  966.66667    0.00000
-322.22222  966.66667    0.00000
-300.00000  966.66667    0.00000
-277.77778  966.66667    0.00000
-255.55556  966.66667    0.00000
-233.33333  966.66667    0.00000
-211.11111  966.66667    0.00000
-188.88889  966.66667    0.00000
-166.66667  966.66667    0.00000
-144.44444  966.66667    0.00000
-122.22222  966.66667    0.00000
-100.00000  966.66667    0.00000
 -77.77778  966.66667    0.00000
 -55.55556  966.66667    0.00000
 -33.33333  966.66667    0.00000
 -11.11111  966.66667    0.00000
  11.11111  966.66667    0.00000
  33.33333  966.66667    0.00000
  55.55556  966.66667    0.00000
  77.77778  966.66667    0.00000
 100.00000  966.66667    0.00000
 122.22222  966.66667    0.00000
 144.44444  966.66667    0.00000
 166.66667  966.66667    0.00000
 188.88889  966.66667    0.00000
 211.11111  966.66667    0.00000
 233.33333  966.66667    0.00000
 255.55556  966.66667    0.00000
 277.77778  966.66667    0.00000
 300.00000  966.66667    0.00000
 322.22222  966.66667    0.00000
 344.44444  966.66667    0.00000
 366.66667  966.66667    0.00000
 388.88889  966.66667    0.00000
 411.11111  966.66667    0.00000
 433.33333  966.66667    0.00000
 455.55556  966.66667    0.00000
 477.77778  966.66667    0.00000
 500.00000  966.66667    0.00000
 522.22222  966.66667    0.00000
 544.44444  966.66667    0.00000
 566.66667  966.66667    0.00000
 588.88889  966.66667    0.00000
 611.11111  966.66667    0.00000
 633.33333  966.66667    0.00000
 655.55556  966.66667    0.00000
 677.77778  966.66667    0.00000
 700.00000  966.66667    0.00000
 722.22222  966.66667    0.00000
 744.44444  966.66667    0.00000
 766.66667  966.66667    0.00000
 788.88889  966.66667    0.00000
 811.11111  966.66667    0.00000
 833.33333  966.66667    0.00000
 855.55556  966.66667    0.00000
 877.77778  966.66667    0.00000
 900.00000  966.66667    0.00000
 922.22222  966.66667    0.00000
 944.44444  966.66667    0.00000
 966.66667  966.66667    0.00000
 988.88889  966.66667    0.00000
1011.11111  966.66667    0.00000
1033.33333  966.66667    0.00000
1055.55556  966.66667    0.00000
1077.77778  966.66667    0.00000
1100.00000  966.66667    0.00000
-1100.00000  988.88889    0.00000
-1077.77778  988.88889    0.00000
-1055.55556  988.88889    0.00000
-1033.33333  988.88889    0.00000
-1011.11111  988.88889    0.00000
-988.88889  988.88889    0.00000
-966.66667  988.88889    0.00000
-944.44444  988.88889    0.00000
-922.22222  988.88889    0.00000
-900.00000  988.88889    0.00000
-877.77778  988.88889    0.00000
-855.55556  988.88889    0.00000
-833.33333  988.88889    0.00000
-811.11111  988.88889    0.00000
-788.88889  988.88889    0.00000
-766.66667  988.88889    0.00000
-744.44444  988.88889    0.00000
-722.22222  988.88889    0.00000
-700.00000  988.88889    0.00000
-677.77778  988.88889    0.00000
-655.55556  988.88889    0.00000
-633.33333  988.88889    0.00000
-611.11111  988.88889    0.00000
-588.88889  988.88889    0.00000
-566.66667  988.88889    0.00000
-544.44444  988.88889    0.00000
-522.22222  988.88889    0.00000
-500.00000  988.88889    0.00000
-477.77778  988.88889    0.00000
-455.55556  988.88889    0.00000
-433.33333  988.88889    0.00000
-411.11111  988.88889    0.00000
-388.88889  988.88889    0.00000
-366.66667  988.88889    0.00000
-344.44444  988.88889    0.00000
-322.22222  988.88889    0.00000
-300.00000  988.88889    0.00000
-277.77778  988.88889    0.00000
-255.55556  988.88889    0.00000
-233.33333  988.88889    0.00000
-211.11111  988.88889    0.00000
-188.88889  988.88889    0.00000
-166.66667  988.88889    0.00000
-144.44444  988.88889    0.00000
-122.22222  988.88889    0.00000
-100.00000  988.88889    0.00000
 -77.77778  988.88889    0.00000
 -55.55556  988.88889    0.00000
 -33.33333  988.88889    0.00000
 -11.11111  988.88889    0.00000
  11.11111  988.88889    0.00000
  33.33333  988.88889    0.00000
  55.55556  988.88889    0.00000
  77.77778  988.88889    0.00000
 100.00000  988.88889    0.00000
 122.22222  988.88889    0.00000
 144.44444  988.88889    0.00000
 166.66667  988.88889    0.00000
 188.88889  988.88889    0.00000
 211.11111  988.88889    0.00000
 233.33333  988.88889    0.00000
 255.55556  988.88889    0.00000
 277.77778  988.88889    0.00000
 300.00000  988.88889    0.00000
 322.22222  988.88889    0.00000
 344.44444  988.88889    0.00000
 366.66667  988.88889    0.00000
 388.88889  988.88889    0.00000
 411.11111  988.88889    0.00000
 433.33333  988.88889    0.00000
 455.55556  988.88889    0.00000
 477.77778  988.88889    0.00000
 500.00000  988.88889    0.00000
 522.22222  988.88889    0.00000
 544.44444  988.88889    0.00000
 566.66667  988.88889    0.00000
 588.88889  988.88889    0.00000
 611.11111  988.88889    0.00000
 633.33333  988.88889    0.00000
 655.55556  988.88889    0.00000
 677.77778  988.88889    0.00000
 700.00000  988.88889    0.00000
 722.22222  988.88889    0.00000
 744.44444  988.88889    0.00000
 766.66667  988.88889    0.00000
 788.88889  988.88889    0.00000
 811.11111  988.88889    0.00000
 833.33333  988.88889    0.00000
 855.55556  988.88889    0.00000
 877.77778  988.88889    0.00000
 900.00000  988.88889    0.00000
 922.22222  988.88889    0.00000
 944.44444  988.88889    0.00000
 966.66667  988.88889    0.00000
 988.88889  988.88889    0.00000
1011.11111  988.88889    0.00000
1033.33333  988.88889    0.00000
1055.55556  988.88889    0.00000
1077.77778  988.88889    0.00000
1100.00000  988.88889    0.00000
-1100.00000 1011.11111    0.00000
-1077.77778 1011.11111    0.00000
-1055.55556 1011.11111    0.00000
-1033.33333 1011.11111    0.00000
-1011.11111 1011.11111    0.00000
-988.88889 1011.11111    0.00000
-966.66667 1011.11111    0.00000
-944.44444 1011.11111    0.00000
-922.22222 1011.11111    0.00000
-900.00000 1011.11111    0.00000
-877.77778 1011.11111    0.00000
-855.55556 1011.11111    0.00000
-833.33333 1011.11111    0.00000
-811.11111 1011.11111    0.00000
-788.88889 1011.11111    0.00000
-766.66667 1011.11111    0.00000
-744.44444 1011.11111    0.00000
-722.22222 1011.11111    0.00000
-700.00000 1011.11111    0.00000
-677.77778 1011.11111    0.00000
-655.55556 1011.11111    0.00000
-633.33333 1011.11111    0.00000
-611.11111 1011.11111    0.00000
-588.88889 1011.11111    0.00000
-566.66667 1011.11111    0.00000
-544.44444 1011.11111    0.00000
-522.22222 1011.11111    0.00000
-500.00000 1011.11111    0.00000
-477.77778 1011.11111    0.00000
-455.55556 1011.11111    0.00000
-433.33333 1011.11111    0.00000
-411.11111 1011.11111    0.00000
-388.88889 1011.11111    0.00000
-366.66667 1011.11111    0.00000
-344.44444 1011.11111    0.00000
-322.22222 1011.11111    0.00000
-300.00000 1011.11111    0.00000
-277.77778 1011.11111    0.00000
-255.55556 1011.11111    0.00000
-233.33333 1011.11111    0.00000
-211.11111 1011.11111    0.00000
-188.88889 1011.11111    0.00000
-166.66667 1011.11111    0.00000
-144.44444 1011.11111    0.00000
-122.22222 1011.11111    0.00000
-100.00000 1011.11111    0.00000
 -77.77778 1011.11111    0.00000
 -55.55556 1011.11111    0.00000
 -33.33333 1011.11111    0.00000
 -11.11111 1011.11111    0.00000
  11.11111 1011.11111    0.00000
  33.33333 1011.11111    0.00000
  55.55556 1011.11111    0.00000
  77.77778 1011.11111    0.00000
 100.00000 1011.11111    0.00000
 122.22222 1011.11111    0.00000
 144.44444 1011.11111    0.00000
 166.66667 1011.11111    0.00000
 188.88889 1011.11111    0.00000
 211.11111 1011.11111    0.00000
 233.33333 1011.11111    0.00000
 255.55556 1011.11111    0.00000
 277.77778 1011.11111    0.00000
 300.00000 1011.11111    0.00000
 322.22222 1011.11111    0.00000
 344.44444 1011.11111    0.00000
 366.66667 1011.11111    0.00000
 388.88889 1011.11111    0.00000
 411.11111 1011.11111    0.00000
 433.33333 1011.11111    0.00000
 455.55556 1011.11111    0.00000
 477.77778 1011.11111    0.00000
 500.00000 1011.11111    0.00000
 522.22222 1011.11111    0.00000
 544.44444 1011.11111    0.00000
 566.66667 1011.11111    0.00000
 588.88889 1011.11111    0.00000
 611.11111 1011.11111    0.00000
 633.33333 1011.11111    0.00000
 655.55556 1011.11111    0.00000
 677.77778 1011.11111    0.00000
 700.00000 1011.11111    0.00000
 722.22222 1011.11111    0.00000
 744.44444 1011.11111    0.00000
 766.66667 1011.11111    0.00000
 788.88889 1011.11111    0.00000
 811.11111 1011.11111    0.00000
 833.33333 1011.11111    0.00000
 855.55556 1011.11111    0.00000
 877.77778 1011.11111    0.00000
 900.00000 1011.11111    0.00000
 922.22222 1011.11111    0.00000
 944.44444 1011.11111    0.00000
 966.66667 1011.11111    0.00000
 988.88889 1011.11111    0.00000
1011.11111 1011.11111    0.00000
1033.33333 1011.11111    0.00000
1055.55556 1011.11111    0.00000
1077.77778 1011.11111    0.00000
1100.00000 1011.11111    0.00000
-1100.00000 1033.33333    0.00000
-1077.77778 1033.33333    0.00000
-1055.55556 1033.33333    0.00000
-1033.33333 1033.33333    0.00000
-1011.11111 1033.33333    0.00000
-988.88889 1033.33333    0.00000
-966.66667 1033.33333    0.00000
-944.44444 1033.33333    0.00000
-922.22222 1033.33333    0.00000
-900.00000 1033.33333    0.00000
-877.77778 1033.33333    0.00000
-855.55556 1033.33333    0.00000
-833.33333 1033.33333    0.00000
-811.11111 1033.33333    0.00000
-788.88889 1033.33333    0.00000
-766.66667 1033.33333    0.00000
-744.44444 1033.33333    0.00000
-722.22222 1033.33333    0.00000
-700.00000 1033.33333    0.00000
-677.77778 1033.33333    0.00000
-655.55556 1033.33333    0.00000
-633.33333 1033.33333    0.00000
-611.11111 1033.33333    0.00000
-588.88889 1033.33333    0.00000
-566.66667 1033.33333    0.00000
-544.44444 1033.33333    0.00000
-522.22222 1033.33333    0.00000
-500.00000 1033.33333    0.00000
-477.77778 1033.33333    0.00000
-455.55556 1033.33333    0.00000
-433.33333 1033.33333    0.00000
-411.11111 1033.33333    0.00000
-388.88889 1033.33333    0.00000
-366.66667 1033.33333    0.00000
-344.44444 1033.33333    0.00000
-322.22222 1033.33333    0.00000
-300.00000 1033.33333    0.00000
-277.77778 1033.33333    0.00000
-255.55556 1033.33333    0.00000
-233.33333 1033.33333    0.00000
-211.11111 1033.33333    0.00000
-188.88889 1033.33333    0.00000
-166.66667 1033.33333    0.00000
-144.44444 1033.33333    0.00000
-122.22222 1033.33333    0.00000
-100.00000 1033.33333    0.00000
 -77.77778 1033.33333    0.00000
 -55.55556 1033.33333    0.00000
 -33.33333 1033.33333    0.00000
 -11.11111 1033.33333    0.00000
  11.11111 1033.33333    0.00000
  33.33333 1033.33333    0.00000
  55.55556 1033.33333    0.00000
  77.77778 1033.33333    0.00000
 100.00000 1033.33333    0.00000
 122.22222 1033.33333    0.00000
 144.44444 1033.33333    0.00000
 166.66667 1033.33333    0.00000
 188.88889 1033.33333    0.00000
 211.11111 1033.33333    0.00000
 233.33333 1033.33333    0.00000
 255.55556 1033.33333    0.00000
 277.77778 1033.33333    0.00000
 300.00000 1033.33333    0.00000
 322.22222 1033.33333    0.00000
 344.44444 1033.33333    0.00000
 366.66667 1033.33333    0.00000
 388.88889 1033.33333    0.00000
 411.11111 1033.33333    0.00000
 433.33333 1033.33333    0.00000
 455.55556 1033.33333    0.00000
 477.77778 1033.33333    0.00000
 500.00000 1033.33333    0.00000
 522.22222 1033.33333    0.00000
 544.44444 1033.33333    0.00000
 566.66667 1033.33333    0.00000
 588.88889 1033.33333    0.00000
 611.11111 1033.33333    0.00000
 633.33333 1033.33333    0.00000
 655.55556 1033.33333    0.00000
 677.77778 1033.33333    0.00000
 700.00000 1033.33333    0.00000
 722.22222 1033.33333    0.00000
 744.44444 1033.33333    0.00000
 766.66667 1033.33333    0.00000
 788.88889 1033.33333    0.00000
 811.11111 1033.33333    0.00000
 833.33333 1033.33333    0.00000
 855.55556 1033.33333    0.00000
 877.77778 1033.33333    0.00000
 900.00000 1033.33333    0.00000
 922.22222 1033.33333    0.00000
 944.44444 1033.33333    0.00000
 966.66667 1033.33333    0.00000
 988.88889 1033.33333    0.00000
1011.11111 1033.33333    0.00000
1033.33333 1033.33333    0.00000
1055.55556 1033.33333    0.00000
1077.77778 1033.33333    0.00000
1100.00000 1033.33333    0.00000
-1100.00000 1055.55556    0.00000
-1077.77778 1055.55556    0.00000
-1055.55556 1055.55556    0.00000
-1033.33333 1055.55556    0.00000
-1011.11111 1055.55556    0.00000
-988.88889 1055.55556    0.00000
-966.66667 1055.55556    0.00000
-944.44444 1055.55556    0.00000
-922.22222 1055.55556    0.00000
-900.00000 1055.55556    0.00000
-877.77778 1055.55556    0.00000
-855.55556 1055.55556    0.00000
-833.33333 1055.55556    0.00000
-811.11111 1055.55556    0.00000
-788.88889 1055.55556    0.00000
-766.66667 1055.55556    0.00000
-744.44444 1055.55556    0.00000
-722.22222 1055.55556    0.00000
-700.00000 1055.55556    0.00000
-677.77778 1055.55556    0.00000
-655.55556 1055.55556    0.00000
-633.33333 1055.55556    0.00000
-611.11111 1055.55556    0.00000
-588.88889 1055.55556    0.00000
-566.66667 1055.55556    0.00000
-544.44444 1055.55556    0.00000
-522.22222 1055.55556    0.00000
-500.00000 1055.55556    0.00000
-477.77778 1055.55556    0.00000
-455.55556 1055.55556    0.00000
-433.33333 1055.55556    0.00000
-411.11111 1055.55556    0.00000
-388.88889 1055.55556    0.00000
-366.66667 1055.55556    0.00000
-344.44444 1055.55556    0.00000
-322.22222 1055.55556    0.00000
-300.00000 1055.55556    0.00000
-277.77778 1055.55556    0.00000
-255.55556 1055.55556    0.00000
-233.33333 1055.55556    0.00000
-211.11111 1055.55556    0.00000
-188.88889 1055.55556    0.00000
-166.66667 1055.55556    0.00000
-144.44444 1055.55556    0.00000
-122.22222 1055.55556    0.00000
-100.00000 1055.55556    0.00000
 -77.77778 1055.55556    0.00000
 -55.55556 1055.55556    0.00000
 -33.33333 1055.55556    0.00000
 -11.11111 1055.55556    0.00000
  11.11111 1055.55556    0.00000
  33.33333 1055.55556    0.00000
  55.55556 1055.55556    0.00000
  77.77778 1055.55556    0.00000
 100.00000 1055.55556    0.00000
 122.22222 1055.55556    0.00000
 144.44444 1055.55556    0.00000
 166.66667 1055.55556    0.00000
 188.88889 1055.55556    0.00000
 211.11111 1055.55556    0.00000
 233.33333 1055.55556    0.00000
 255.55556 1055.55556    0.00000
 277.77778 1055.55556    0.00000
 300.00000 1055.55556    0.00000
 322.22222 1055.55556    0.00000
 344.44444 1055.55556    0.00000
 366.66667 1055.55556    0.00000
 388.88889 1055.55556    0.00000
 411.11111 1055.55556    0.00000
 433.33333 1055.55556    0.00000
 455.55556 1055.55556    0.00000
 477.77778 1055.55556    0.00000
 500.00000 1055.55556    0.00000
 522.22222 1055.55556    0.00000
 544.44444 1055.55556    0.00000
 566.66667 1055.55556    0.00000
 588.88889 1055.55556    0.00000
 611.11111 1055.55556    0.00000
 633.33333 1055.55556    0.00000
 655.55556 1055.55556    0.00000
 677.77778 1055.55556    0.00000
 700.00000 1055.55556    0.00000
 722.22222 1055.55556    0.00000
 744.44444 1055.55556    0.00000
 766.66667 1055.55556    0.00000
 788.88889 1055.55556    0.00000
 811.11111 1055.55556    0.00000
 833.33333 1055.55556    0.00000
 855.55556 1055.55556    0.00000
 877.77778 1055.55556    0.00000
 900.00000 1055.55556    0.00000
 922.22222 1055.55556    0.00000
 944.44444 1055.55556    0.00000
 966.66667 1055.55556    0.00000
 988.88889 1055.55556    0.00000
1011.11111 1055.55556    0.00000
1033.33333 1055.55556    0.00000
1055.55556 1055.55556    0.00000
1077.77778 1055.55556    0.00000
1100.00000 1055.55556    0.00000
-1100.00000 1077.77778    0.00000
-1077.77778 1077.77778    0.00000
-1055.55556 1077.77778    0.00000
-1033.33333 1077.77778    0.00000
-1011.11111 1077.77778    0.00000
-988.88889 1077.77778    0.00000
-966.66667 1077.77778    0.00000
-944.44444 1077.77778    0.00000
-922.22222 1077.77778    0.00000
-900.00000 1077.77778    0.00000
-877.77778 1077.77778    0.00000
-855.55556 1077.77778    0.00000
-833.33333 1077.77778    0.00000
-811.11111 1077.77778    0.00000
-788.88889 1077.77778    0.00000
-766.66667 1077.77778    0.00000
-744.44444 1077.77778    0.00000
-722.22222 1077.77778    0.00000
-700.00000 1077.77778    0.00000
-677.77778 1077.77778    0.00000
-655.55556 1077.77778    0.00000
-633.33333 1077.77778    0.00000
-611.11111 1077.77778    0.00000
-588.88889 1077.77778    0.00000
-566.66667 1077.77778    0.00000
-544.44444 1077.77778    0.00000
-522.22222 1077.77778    0.00000
-500.00000 1077.77778    0.00000
-477.77778 1077.77778    0.00000
-455.55556 1077.77778    0.00000
-433.33333 1077.77778    0.00000
-411.11111 1077.77778    0.00000
-388.88889 1077.77778    0.00000
-366.66667 1077.77778    0.00000
-344.44444 1077.77778    0.00000
-322.22222 1077.77778    0.00000
-300.00000 1077.77778    0.00000
-277.77778 1077.77778    0.00000
-255.55556 1077.77778    0.00000
-233.33333 1077.77778    0.00000
-211.11111 1077.77778    0.00000
-188.88889 1077.77778    0.00000
-166.66667 1077.77778    0.00000
-144.44444 1077.77778    0.00000
-122.22222 1077.77778    0.00000
-100.00000 1077.77778    0.00000
 -77.77778 1077.77778    0.00000
 -55.55556 1077.77778    0.00000
 -33.33333 1077.77778    0.00000
 -11.11111 1077.77778    0.00000
  11.11111 1077.77778    0.00000
  33.33333 1077.77778    0.00000
  55.55556 1077.77778    0.00000
  77.77778 1077.77778    0.00000
 100.00000 1077.77778    0.00000
 122.22222 1077.77778    0.00000
 144.44444 1077.77778    0.00000
 166.66667 1077.77778    0.00000
 188.88889 1077.77778    0.00000
 211.11111 1077.77778    0.00000
 233.33333 1077.77778    0.00000
 255.55556 1077.77778    0.00000
 277.77778 1077.77778    0.00000
 300.00000 1077.77778    0.00000
 322.22222 1077.77778    0.00000
 344.44444 1077.77778    0.00000
 366.66667 1077.77778    0.00000
 388.88889 1077.77778    0.00000
 411.11111 1077.77778    0.00000
 433.33333 1077.77778    0.00000
 455.55556 1077.77778    0.00000
 477.77778 1077.77778    0.00000
 500.00000 1077.77778    0.00000
 522.22222 1077.77778    0.00000
 544.44444 1077.77778    0.00000
 566.66667 1077.77778    0.00000
 588.88889 1077.77778    0.00000
 611.11111 1077.77778    0.00000
 633.33333 1077.77778    0.00000
 655.55556 1077.77778    0.00000
 677.77778 1077.77778    0.00000
 700.00000 1077.77778    0.00000
 722.22222 1077.77778    0.00000
 744.44444 1077.77778    0.00000
 766.66667 1077.77778    0.00000
 788.88889 1077.77778    0.00000
 811.11111 1077.77778    0.00000
 833.33333 1077.77778    0.00000
 855.55556 1077.77778    0.00000
 877.77778 1077.77778    0.00000
 900.00000 1077.77778    0.00000
 922.22222 1077.77778    0.00000
 944.44444 1077.77778    0.00000
 966.66667 1077.77778    0.00000
 988.88889 1077.77778    0.00000
1011.11111 1077.77778    0.00000
1033.33333 1077.77778    0.00000
1055.55556 1077.77778    0.00000
1077.77778 1077.77778    0.00000
1100.00000 1077.77778    0.00000
-1100.00000 1100.00000    0.00000
-1077.77778 1100.00000    0.00000
-1055.55556 1100.00000    0.00000
-1033.33333 1100.00000    0.00000
-1011.11111 1100.00000    0.00000
-988.88889 1100.00000    0.00000
-966.66667 1100.00000    0.00000
-944.44444 1100.00000    0.00000
-922.22222 1100.00000    0.00000
-900.00000 1100.00000    0.00000
-877.77778 1100.00000    0.00000
-855.55556 1100.00000    0.00000
-833.33333 1100.00000    0.00000
-811.11111 1100.00000    0.00000
-788.88889 1100.00000    0.00000
-766.66667 1100.00000    0.00000
-744.44444 1100.00000    0.00000
-722.22222 1100.00000    0.00000
-700.00000 1100.00000    0.00000
-677.77778 1100.00000    0.00000
-655.55556 1100.00000    0.00000
-633.33333 1100.00000    0.00000
-611.11111 1100.00000    0.00000
-588.88889 1100.00000    0.00000
-566.66667 1100.00000    0.00000
-544.44444 1100.00000    0.00000
-522.22222 1100.00000    0.00000
-500.00000 1100.00000    0.00000
-477.77778 1100.00000    0.00000
-455.55556 1100.00000    0.00000
-433.33333 1100.00000    0.00000
-411.11111 1100.00000    0.00000
-388.88889 1100.00000    0.00000
-366.66667 1100.00000    0.00000
-344.44444 1100.00000    0.00000
-322.22222 1100.00000    0.00000
-300.00000 1100.00000    0.00000
-277.77778 1100.00000    0.00000
-255.55556 1100.00000    0.00000
-233.33333 1100.00000    0.00000
-211.11111 1100.00000    0.00000
-188.88889 1100.00000    0.00000
-166.66667 1100.00000    0.00000
-144.44444 1100.00000    0.00000
-122.22222 1100.00000    0.00000
-100.00000 1100.00000    0.00000
 -77.77778 1100.00000    0.00000
 -55.55556 1100.00000    0.00000
 -33.33333 1100.00000    0.00000
 -11.11111 1100.00000    0.00000
  11.11111 1100.00000    0.00000
  33.33333 1100.00000    0.00000
  55.55556 1100.00000    0.00000
  77.77778 1100.00000    0.00000
 100.00000 1100.00000    0.00000
 122.22222 1100.00000    0.00000
 144.44444 1100.00000    0.00000
 166.66667 1100.00000    0.00000
 188.88889 1100.00000    0.00000
 211.11111 1100.00000    0.00000
 233.33333 1100.00000    0.00000
 255.55556 1100.00000    0.00000
 277.77778 1100.00000    0.00000
 300.00000 1100.00000    0.00000
 322.22222 1100.00000    0.00000
 344.44444 1100.00000    0.00000
 366.66667 1100.00000    0.00000
 388.88889 1100.00000    0.00000
 411.11111 1100.00000    0.00000
 433.33333 1100.00000    0.00000
 455.55556 1100.00000    0.00000
 477.77778 1100.00000    0.00000
 500.00000 1100.00000    0.00000
 522.22222 1100.00000    0.00000
 544.44444 1100.00000    0.00000
 566.66667 1100.00000    0.00000
 588.88889 1100.00000    0.00000
 611.11111 1100.00000    0.00000
 633.33333 1100.00000    0.00000
 655.55556 1100.00000    0.00000
 677.77778 1100.00000    0.00000
 700.00000 1100.00000    0.00000
 722.22222 1100.00000    0.00000
 744.44444 1100.00000    0.00000
 766.66667 1100.00000    0.00000
 788.88889 1100.00000    0.00000
 811.11111 1100.00000    0.00000
 833.33333 1100.00000    0.00000
 855.55556 1100.00000    0.00000
 877.77778 1100.00000    0.00000
 900.00000 1100.00000    0.00000
 922.22222 1100.00000    0.00000
 944.44444 1100.00000    0.00000
 966.66667 1100.00000    0.00000
 988.88889 1100.00000    0.00000
1011.11111 1100.00000    0.00000
1033.33333 1100.00000    0.00000
1055.55556 1100.00000    0.00000
1077.77778 1100.00000    0.00000
1100.00000 1100.00000    0.00000
