nohup: les entrées sont ignorées
[NbConvertApp] Converting notebook MAIN_DEFINITIVE_DONT_TOUCH.ipynb to notebook
Traceback (most recent call last):
  File "/usr/users/cea_seism/benede_gio/.venv/st7/bin/jupyter-nbconvert", line 8, in <module>
    sys.exit(main())
  File "/usr/users/cea_seism/benede_gio/.venv/st7/lib/python3.10/site-packages/jupyter_core/application.py", line 284, in launch_instance
    super().launch_instance(argv=argv, **kwargs)
  File "/usr/users/cea_seism/benede_gio/.venv/st7/lib/python3.10/site-packages/traitlets/config/application.py", line 1075, in launch_instance
    app.start()
  File "/usr/users/cea_seism/benede_gio/.venv/st7/lib/python3.10/site-packages/nbconvert/nbconvertapp.py", line 420, in start
    self.convert_notebooks()
  File "/usr/users/cea_seism/benede_gio/.venv/st7/lib/python3.10/site-packages/nbconvert/nbconvertapp.py", line 597, in convert_notebooks
    self.convert_single_notebook(notebook_filename)
  File "/usr/users/cea_seism/benede_gio/.venv/st7/lib/python3.10/site-packages/nbconvert/nbconvertapp.py", line 563, in convert_single_notebook
    output, resources = self.export_single_notebook(
  File "/usr/users/cea_seism/benede_gio/.venv/st7/lib/python3.10/site-packages/nbconvert/nbconvertapp.py", line 487, in export_single_notebook
    output, resources = self.exporter.from_filename(
  File "/usr/users/cea_seism/benede_gio/.venv/st7/lib/python3.10/site-packages/nbconvert/exporters/exporter.py", line 201, in from_filename
    return self.from_file(f, resources=resources, **kw)
  File "/usr/users/cea_seism/benede_gio/.venv/st7/lib/python3.10/site-packages/nbconvert/exporters/exporter.py", line 220, in from_file
    return self.from_notebook_node(
  File "/usr/users/cea_seism/benede_gio/.venv/st7/lib/python3.10/site-packages/nbconvert/exporters/notebook.py", line 36, in from_notebook_node
    nb_copy, resources = super().from_notebook_node(nb, resources, **kw)
  File "/usr/users/cea_seism/benede_gio/.venv/st7/lib/python3.10/site-packages/nbconvert/exporters/exporter.py", line 154, in from_notebook_node
    nb_copy, resources = self._preprocess(nb_copy, resources)
  File "/usr/users/cea_seism/benede_gio/.venv/st7/lib/python3.10/site-packages/nbconvert/exporters/exporter.py", line 353, in _preprocess
    nbc, resc = preprocessor(nbc, resc)
  File "/usr/users/cea_seism/benede_gio/.venv/st7/lib/python3.10/site-packages/nbconvert/preprocessors/base.py", line 48, in __call__
    return self.preprocess(nb, resources)
  File "/usr/users/cea_seism/benede_gio/.venv/st7/lib/python3.10/site-packages/nbconvert/preprocessors/execute.py", line 103, in preprocess
    self.preprocess_cell(cell, resources, index)
  File "/usr/users/cea_seism/benede_gio/.venv/st7/lib/python3.10/site-packages/nbconvert/preprocessors/execute.py", line 124, in preprocess_cell
    cell = self.execute_cell(cell, index, store_history=True)
  File "/usr/users/cea_seism/benede_gio/.venv/st7/lib/python3.10/site-packages/jupyter_core/utils/__init__.py", line 165, in wrapped
    return loop.run_until_complete(inner)
  File "/usr/lib/python3.10/asyncio/base_events.py", line 649, in run_until_complete
    return future.result()
  File "/usr/users/cea_seism/benede_gio/.venv/st7/lib/python3.10/site-packages/nbclient/client.py", line 1062, in async_execute_cell
    await self._check_raise_for_error(cell, cell_index, exec_reply)
  File "/usr/users/cea_seism/benede_gio/.venv/st7/lib/python3.10/site-packages/nbclient/client.py", line 918, in _check_raise_for_error
    raise CellExecutionError.from_cell_and_msg(cell, exec_reply_content)
nbclient.exceptions.CellExecutionError: An error occurred while executing the following cell:
------------------
N_ITER = 10 #to be modified

#sbatch_and_wait(FORWARD_PROBLEM_MESHER_SBATCH_PATH)
#! cp -r {SEM3D_CONFIG_RES_FOLDER_PATH}/sem {SEM3D_CONFIG_RES_FOLDER_PATH_ADJ}

stations = np.loadtxt(STATIONS_FILE_PATH) #read_stations_pos(STATIONS_FILE_PATH)

for n in range(N_ITER):

    # ── STEP 1 ────────────────────────────────────────
    
    sbatch_and_wait(FORWARD_PROBLEM_SOLVER_SBATCH_PATH)

    # ── STEP 2: MISFIT ────────────────────────────────────────────────────

    J, residual, t_sim, dt_sim = compute_misfit(TRACES_SIMULATED_FOLDER_PATH, TRACES_OSSERVATED_FOLDER_PATH)
      

    # ── STEP 3 ────────────────────────────────────────
    
    time_reversed_residual = residual[::-1, :, :]
    
    file_names = write_time_reversed_residual_files(time_reversed_residual, 
                                                  t_sim, 
                                                  OUTPUT_DIR=ADJOINT_SOURCES_FOLDER_PATH)

    write_backward_spec_from_template(template_backward_spec_path=BACKWARD_INPUT_SPEC_TEMPLATE_FILE_PATH, 
                                      output_backward_spec_path = SEM3D_CONFIG_RES_FOLDER_PATH_ADJ,
                                      adjoint_sources_folder_path = ADJOINT_SOURCES_FOLDER_PATH, 
                                      stations = stations, 
                                      file_names = file_names)

    sbatch_and_wait(ADJOINT_PROBLEM_SOLVER_SBATCH_PATH)
    
    # ── STEP 4-5: GRADIENT & SEARCH DIRECTIONS ─────────────────────────────────────────────────
    
    update_parameters_file(parameters_file_path=GRADIENT_SEARCH_DIRECTION_PARAMETERS_SBATCH_PATH, 
                           n_iter=n, 
                           LBFGS_MEM=LBFGS_MEM, 
                           LBFGS_STATE_FOLDER_PATH = LBFGS_STATE_FOLDER_PATH, 
                           LBFGS_OUTPUT_FOLDER_PATH = LBFGS_OUTPUT_FOLDER_PATH)
    
    sbatch_and_wait(GRADIENT_SEARCH_DIRECTION_SBATCH_PATH)



    # -----------------------------------------------------------------------
    # ESTRAZIONE DIREZIONI (r) E GRADIENTI (g) GLOBALI E ORDINATI
    # -----------------------------------------------------------------------
    iter_folder = f"iter_{str(n).zfill(4)}"    
    vectors_file_path = (
        Path(GRADIENT_SEARCH_DIRECTION_FOLDER_PATH).resolve()
        / LBFGS_OUTPUT_FOLDER_PATH
        / iter_folder
        / "global_vectors.npz"
    )

    max_tries = 30
    sleep_seconds = 2

    data = None
    last_err = None

    for _ in range(max_tries):
        if vectors_file_path.is_file():
            try:
                data = np.load(vectors_file_path)
                break
            except (OSError, EOFError, ValueError) as e:
                # file seen but maybe not fully visible / not fully flushed yet
                last_err = e
        time.sleep(sleep_seconds)

    if data is None:
        raise FileNotFoundError(
            f"Could not safely load file after waiting: {vectors_file_path}\n"
            f"Last error: {last_err}"
        )

    # Ecco le tue 4 variabili pronte, 1D, globali e ordinate secondo il mesh!
    dir_la = data['dir_lam']
    dir_mu  = data['dir_mu']
    p1, p2 = data['scalar_prod_lam'] , data['scalar_prod_mu']
    x_gl, y_gl, z_gl = data['x_gl'], data['y_gl'], data['z_gl']



    ### ======================================== STEP 10 ======================================= ###    
    import shutil
    import glob

    # 1. PRECONDIZIONAMENTO / SCALATURA DEL GRADIENTE
    # Imposta un limite massimo fisico per la perturbazione (es. 50 MPa o un valore appropriato per il tuo dominio)
    MAX_PERTURBATION = 5e7  

    max_dir_la = np.max(np.abs(dir_la)) + 1e-16 # Evita divisioni per zero
    max_dir_mu = np.max(np.abs(dir_mu)) + 1e-16

    scale_la = MAX_PERTURBATION / max_dir_la
    scale_mu = MAX_PERTURBATION / max_dir_mu

    # Applichiamo la scala ai vettori direzione
    dir_la = dir_la * scale_la
    dir_mu = dir_mu * scale_mu

    # Poiché p1 = grad_la * dir_la, se scaliamo dir_la di un fattore, anche p1 scala dello stesso fattore
    p1 = p1 * scale_la
    p2 = p2 * scale_mu

    # Inizializzazione Line Search
    alpha_la = 1.0 
    alpha_mu = 1.0
    c1 = 1e-4 
    xi = 0.5
    J_thresh = -np.inf
    J_learn = np.inf

    # 2. BACKUP DEI MODELLI BASE
    materials_paths = {
        'La': os.path.join(SEM3D_CONFIG_RES_FOLDER_PATH, "example_la.h5"), 
        'Mu': os.path.join(SEM3D_CONFIG_RES_FOLDER_PATH, "example_mu.h5")
    }

    base_la_path = os.path.join(SEM3D_CONFIG_RES_FOLDER_PATH, "base_la_backup.h5")
    base_mu_path = os.path.join(SEM3D_CONFIG_RES_FOLDER_PATH, "base_mu_backup.h5")

    # Salviamo lo stato m_0 intonso
    shutil.copy(materials_paths['La'], base_la_path)
    shutil.copy(materials_paths['Mu'], base_mu_path)

    mapping_list = [np.array([x_gl[i], y_gl[i], z_gl[i]]) for i in range(x_gl.size)]

    max_ls_iter = 10
    ls_iter = 0

    ## Backtracking loop ##
    while J_learn >= J_thresh:
        print(f"--- Line Search Iteration {ls_iter} ---")
        
        # 3. RIPRISTINO DEL MODELLO BASE PER APPLICARE L'UPDATE CORRETTO
        shutil.copy(base_la_path, materials_paths['La'])
        shutil.copy(base_mu_path, materials_paths['Mu'])

        # Calcoliamo la perturbazione per questo step (m_trial = m_0 + alpha * d)
        step_la = alpha_la * dir_la
        step_mu = alpha_mu * dir_mu

        # Applichiamo la perturbazione al file appena ripristinato
        modify_h5_g(materials_paths['La'], step_la, mapping_list)
        modify_h5_g(materials_paths['Mu'], step_mu, mapping_list)

        # 4. PULIZIA DEI VECCHI SISMOGRAMMI (Bug Override)
        simulated_traces = glob.glob(os.path.join(TRACES_SIMULATED_FOLDER_PATH, "*"))
        for trace_file in simulated_traces:
            if os.path.isfile(trace_file):
                os.remove(trace_file)

        # Eseguiamo il solver Forward
        sbatch_and_wait(FORWARD_PROBLEM_SOLVER_SBATCH_PATH)
        
        # Verifichiamo che i sismogrammi siano stati creati (Se SEM3D è crashato, la cartella è vuota)
        new_traces = glob.glob(os.path.join(TRACES_SIMULATED_FOLDER_PATH, "*"))
        if len(new_traces) == 0:
            print("ERRORE CRITICO: SEM3D non ha prodotto tracce. Parametri non fisici o instabilità CFL.")
            # Forziamo il backtracking punendo severamente J_learn
            J_learn = np.inf
        else:
            J_learn, _, _, _ = compute_misfit(TRACES_SIMULATED_FOLDER_PATH, TRACES_OSSERVATED_FOLDER_PATH)
        
        # Condizione di Armijo
        J_thresh = J + c1 * (alpha_la * p1 + alpha_mu * p2)
        
        print(f"J_base   = {J:.12e}")
        print(f"J_learn  = {J_learn:.12e}")
        print(f"J_thresh = {J_thresh:.12e}")
        print(f"alpha_la = {alpha_la:.12e} | alpha_mu = {alpha_mu:.12e}")
        print(f"diff     = {(J_learn - J_thresh):.12e}")
        print("--------------------------------------------------")

        if J_learn < J_thresh:
            print("Condizione di Armijo soddisfatta!")
            break

        # Riduzione del passo se non soddisfatto (o se c'è stato crash)
        alpha_la *= xi
        alpha_mu *= xi
        ls_iter += 1

    if ls_iter == max_ls_iter:
        print("ATTENZIONE: Raggiunto numero massimo iterazioni Line Search. Modello aggiornato con alpha minimo.")

    # 5. AGGIORNAMENTO MODELLO ADJOINTO
    materials_paths_adj = {
        'La': os.path.join(SEM3D_CONFIG_RES_FOLDER_PATH_ADJ, "example_la.h5"), 
        'Mu': os.path.join(SEM3D_CONFIG_RES_FOLDER_PATH_ADJ, "example_mu.h5")
    }

    # Il loop termina avendo trovato l'alpha corretto (o minimo), aggiorniamo la cartella adj
    # Nota: copio dal base dell'adjoin, altrimenti c'è lo stesso bug del forward!
    # Se i file .h5 in ADJ sono gli stessi di BASE prima dell'aggiornamento, possiamo 
    # sovrascriverli col risultato finale.
    shutil.copy(materials_paths['La'], materials_paths_adj['La'])
    shutil.copy(materials_paths['Mu'], materials_paths_adj['Mu'])

    '''
    ### ======================================== STEP 10 ======================================= ###    
    # Initialization of the Backtracking Line Search (BLS)

    alpha_la=1 
    alpha_mu=1
    c1=1e-4 
    xi=0.5
    J_thresh = -np.inf
    J_learn = np.inf
        
    vec_to_add_la, vec_to_add_mu = 2*alpha_la*dir_la , 2*alpha_mu*dir_mu
    materials_paths = {'La': os.path.join(SEM3D_CONFIG_RES_FOLDER_PATH,"example_la.h5") , 'Mu' : os.path.join(SEM3D_CONFIG_RES_FOLDER_PATH,"example_mu.h5")} # Enter the correct paths where the h5 material files are stored
    mapping_list = [np.array([x_gl[i],y_gl[i],z_gl[i]]) for i in range(x_gl.size)] # The mapping list that Long builds : [(x,y,z), (x,y,z), ...]    
    modify_h5_g(materials_paths['La'],vec_to_add_la,mapping_list)
    modify_h5_g(materials_paths['Mu'],vec_to_add_mu,mapping_list)

    ## Backtracking loop ##
    while J_learn >= J_thresh:
        print("--------------------------------------------------")
        vec_to_add_la -= alpha_la*dir_la
        vec_to_add_mu -= alpha_mu*dir_mu

        #la_before = inspect_h5_samples(materials_paths['La'], "BEFORE")
        #mu_before = inspect_h5_samples(materials_paths['Mu'], "BEFORE")
        modify_h5_g(materials_paths['La'],vec_to_add_la,mapping_list)
        #print("la.h5 modified",flush=True)
        modify_h5_g(materials_paths['Mu'],vec_to_add_mu,mapping_list)
        #print("mu.h5 modified",flush=True)
        #la_after = inspect_h5_samples(materials_paths['La'], "AFTER")
        #mu_after = inspect_h5_samples(materials_paths['Mu'], "AFTER")

        print("LA changed?", not np.array_equal(la_before, la_after))
        print("MU changed?", not np.array_equal(mu_before, mu_after))

        print("LA max abs diff =", np.max(np.abs(la_after - la_before)))
        print("MU max abs diff =", np.max(np.abs(mu_after - mu_before)))

        print("LA allclose?", np.allclose(la_before, la_after))
        print("MU allclose?", np.allclose(mu_before, mu_after))

        sbatch_and_wait(FORWARD_PROBLEM_SOLVER_SBATCH_PATH)
        J_learn, _, _, _ = compute_misfit(TRACES_SIMULATED_FOLDER_PATH,TRACES_OSSERVATED_FOLDER_PATH)
        J_thresh = J + c1*(alpha_la*p1 + alpha_mu*p2)
        alpha_la *= xi
        alpha_mu *= xi
        
        
        print(f"J        = {J:.12e}")
        print(f"J_learn  = {J_learn:.12e}")
        print(f"p1       = {p1:.12e}")
        print(f"p2       = {p2:.12e}")
        print(f"p1 + p2  = {(p1+p2):.12e}")
        print(f"alpha_la = {alpha_la:.12e}")
        print(f"alpha_mu = {alpha_mu:.12e}")

        print(f"||dir_la|| = {np.linalg.norm(dir_la):.12e}")
        print(f"||dir_mu|| = {np.linalg.norm(dir_mu):.12e}")
        print(f"dir_la min/max = {dir_la.min():.12e} / {dir_la.max():.12e}")
        print(f"dir_mu min/max = {dir_mu.min():.12e} / {dir_mu.max():.12e}")

        print(f"J_learn  = {J_learn:.12e}")
        print(f"J_thresh = {J_thresh:.12e}")
        print(f"diff     = {(J_learn - J_thresh):.12e}")
        
        print("--------------------------------------------------")
    materials_paths_adj = {'La': os.path.join(SEM3D_CONFIG_RES_FOLDER_PATH_ADJ,"example_la.h5") , 'Mu' : os.path.join(SEM3D_CONFIG_RES_FOLDER_PATH_ADJ,"example_mu.h5")} # Enter the correct paths where the h5 material files are stored    
    vec_to_add_la_adj = -alpha_la/xi*vec_to_add_la
    vec_to_add_mu_adj = -alpha_mu/xi*vec_to_add_mu
    modify_h5_g(materials_paths_adj['La'],vec_to_add_la_adj,mapping_list)
    modify_h5_g(materials_paths_adj['Mu'],vec_to_add_mu_adj,mapping_list)    
    '''
    '''
    mapping_list = load_global_xyz_tuples(LBFGS_OUTPUT_FOLDER_PATH)
    '''
------------------

----- stdout -----
Submitted SOLVER.sbatch from /usr/users/cea_seism/benede_gio/CEISM-Project/sem3d_config_files -> job 181187
----- stdout -----
Job 181187 finished with state: COMPLETED
SOLVER.sbatch executed in 93.20 seconds
----- stdout -----
Submitted SOLVER_ADJOINT.sbatch from /usr/users/cea_seism/benede_gio/CEISM-Project/sem3d_config_files_adj -> job 181188
----- stdout -----
Job 181188 finished with state: COMPLETED
SOLVER_ADJOINT.sbatch executed in 93.20 seconds

Submitted gradient_search_direction.sbatch from /usr/users/cea_seism/benede_gio/CEISM-Project/gradient_search_direction -> job 181190
----- stdout -----
Job 181190 finished with state: COMPLETED
gradient_search_direction.sbatch executed in 48.11 seconds
----- stdout -----
--- Line Search Iteration 0 ---
----- stdout -----
Submitted SOLVER.sbatch from /usr/users/cea_seism/benede_gio/CEISM-Project/sem3d_config_files -> job 181191
----- stdout -----
Job 181191 finished with state: COMPLETED
SOLVER.sbatch executed in 93.18 seconds
----- stdout -----
J_base   = 1.377718529358e-01
J_learn  = 1.377718529358e-01
J_thresh = -1.209035452754e+21
alpha_la = 1.000000000000e+00 | alpha_mu = 1.000000000000e+00
diff     = 1.209035452754e+21
--------------------------------------------------
--- Line Search Iteration 1 ---
----- stdout -----
Submitted SOLVER.sbatch from /usr/users/cea_seism/benede_gio/CEISM-Project/sem3d_config_files -> job 181193
----- stdout -----
Job 181193 finished with state: COMPLETED
SOLVER.sbatch executed in 93.17 seconds
----- stdout -----
J_base   = 1.377718529358e-01
J_learn  = 1.377718529358e-01
J_thresh = -6.045177263768e+20
alpha_la = 5.000000000000e-01 | alpha_mu = 5.000000000000e-01
diff     = 6.045177263768e+20
--------------------------------------------------
--- Line Search Iteration 2 ---
----- stdout -----
Submitted SOLVER.sbatch from /usr/users/cea_seism/benede_gio/CEISM-Project/sem3d_config_files -> job 181196
----- stdout -----
Job 181196 finished with state: COMPLETED
SOLVER.sbatch executed in 93.19 seconds
----- stdout -----
J_base   = 1.377718529358e-01
J_learn  = 1.377718529358e-01
J_thresh = -3.022588631884e+20
alpha_la = 2.500000000000e-01 | alpha_mu = 2.500000000000e-01
diff     = 3.022588631884e+20
--------------------------------------------------
--- Line Search Iteration 3 ---
----- stdout -----
Submitted SOLVER.sbatch from /usr/users/cea_seism/benede_gio/CEISM-Project/sem3d_config_files -> job 181197
----- stdout -----
Job 181197 finished with state: COMPLETED
SOLVER.sbatch executed in 93.19 seconds
----- stdout -----
J_base   = 1.377718529358e-01
J_learn  = 1.377718529358e-01
J_thresh = -1.511294315942e+20
alpha_la = 1.250000000000e-01 | alpha_mu = 1.250000000000e-01
diff     = 1.511294315942e+20
--------------------------------------------------
--- Line Search Iteration 4 ---
----- stdout -----
Submitted SOLVER.sbatch from /usr/users/cea_seism/benede_gio/CEISM-Project/sem3d_config_files -> job 181199
----- stdout -----
Job 181199 finished with state: COMPLETED
SOLVER.sbatch executed in 93.19 seconds
----- stdout -----
J_base   = 1.377718529358e-01
J_learn  = 1.377718529358e-01
J_thresh = -7.556471579710e+19
alpha_la = 6.250000000000e-02 | alpha_mu = 6.250000000000e-02
diff     = 7.556471579710e+19
--------------------------------------------------
--- Line Search Iteration 5 ---
----- stdout -----
Submitted SOLVER.sbatch from /usr/users/cea_seism/benede_gio/CEISM-Project/sem3d_config_files -> job 181201
----- stdout -----
Job 181201 finished with state: COMPLETED
SOLVER.sbatch executed in 93.18 seconds
----- stdout -----
J_base   = 1.377718529358e-01
J_learn  = 1.377718529358e-01
J_thresh = -3.778235789855e+19
alpha_la = 3.125000000000e-02 | alpha_mu = 3.125000000000e-02
diff     = 3.778235789855e+19
--------------------------------------------------
--- Line Search Iteration 6 ---
----- stdout -----
Submitted SOLVER.sbatch from /usr/users/cea_seism/benede_gio/CEISM-Project/sem3d_config_files -> job 181202
----- stdout -----
Job 181202 finished with state: COMPLETED
SOLVER.sbatch executed in 93.18 seconds
----- stdout -----
J_base   = 1.377718529358e-01
J_learn  = 1.377718529358e-01
J_thresh = -1.889117894927e+19
alpha_la = 1.562500000000e-02 | alpha_mu = 1.562500000000e-02
diff     = 1.889117894927e+19
--------------------------------------------------
--- Line Search Iteration 7 ---
----- stdout -----
Submitted SOLVER.sbatch from /usr/users/cea_seism/benede_gio/CEISM-Project/sem3d_config_files -> job 181204
----- stdout -----
Job 181204 finished with state: COMPLETED
SOLVER.sbatch executed in 93.17 seconds
----- stdout -----
J_base   = 1.377718529358e-01
J_learn  = 1.377718529358e-01
J_thresh = -9.445589474637e+18
alpha_la = 7.812500000000e-03 | alpha_mu = 7.812500000000e-03
diff     = 9.445589474637e+18
--------------------------------------------------
--- Line Search Iteration 8 ---
----- stdout -----
Submitted SOLVER.sbatch from /usr/users/cea_seism/benede_gio/CEISM-Project/sem3d_config_files -> job 181206
----- stdout -----
Job 181206 finished with state: COMPLETED
SOLVER.sbatch executed in 93.19 seconds
----- stdout -----
J_base   = 1.377718529358e-01
J_learn  = 1.377718529358e-01
J_thresh = -4.722794737319e+18
alpha_la = 3.906250000000e-03 | alpha_mu = 3.906250000000e-03
diff     = 4.722794737319e+18
--------------------------------------------------
--- Line Search Iteration 9 ---
----- stdout -----
Submitted SOLVER.sbatch from /usr/users/cea_seism/benede_gio/CEISM-Project/sem3d_config_files -> job 181207
----- stdout -----
Job 181207 finished with state: COMPLETED
SOLVER.sbatch executed in 93.19 seconds
----- stdout -----
J_base   = 1.377718529358e-01
J_learn  = 1.377718529358e-01
J_thresh = -2.361397368659e+18
alpha_la = 1.953125000000e-03 | alpha_mu = 1.953125000000e-03
diff     = 2.361397368659e+18
--------------------------------------------------
--- Line Search Iteration 10 ---
----- stdout -----
Submitted SOLVER.sbatch from /usr/users/cea_seism/benede_gio/CEISM-Project/sem3d_config_files -> job 181209
----- stdout -----
Job 181209 finished with state: COMPLETED
SOLVER.sbatch executed in 93.18 seconds
----- stdout -----
J_base   = 1.377718529358e-01
J_learn  = 1.377718529358e-01
J_thresh = -1.180698684330e+18
alpha_la = 9.765625000000e-04 | alpha_mu = 9.765625000000e-04
diff     = 1.180698684330e+18
--------------------------------------------------
--- Line Search Iteration 11 ---
----- stdout -----
Submitted SOLVER.sbatch from /usr/users/cea_seism/benede_gio/CEISM-Project/sem3d_config_files -> job 181211
----- stdout -----
Job 181211 finished with state: COMPLETED
SOLVER.sbatch executed in 93.19 seconds
----- stdout -----
J_base   = 1.377718529358e-01
J_learn  = 1.377718529358e-01
J_thresh = -5.903493421648e+17
alpha_la = 4.882812500000e-04 | alpha_mu = 4.882812500000e-04
diff     = 5.903493421648e+17
--------------------------------------------------
--- Line Search Iteration 12 ---
----- stdout -----
Submitted SOLVER.sbatch from /usr/users/cea_seism/benede_gio/CEISM-Project/sem3d_config_files -> job 181212
----- stdout -----
Job 181212 finished with state: COMPLETED
SOLVER.sbatch executed in 93.19 seconds
----- stdout -----
J_base   = 1.377718529358e-01
J_learn  = 1.377718529358e-01
J_thresh = -2.951746710824e+17
alpha_la = 2.441406250000e-04 | alpha_mu = 2.441406250000e-04
diff     = 2.951746710824e+17
--------------------------------------------------
--- Line Search Iteration 13 ---
----- stdout -----
Submitted SOLVER.sbatch from /usr/users/cea_seism/benede_gio/CEISM-Project/sem3d_config_files -> job 181214
----- stdout -----
Job 181214 finished with state: COMPLETED
SOLVER.sbatch executed in 93.20 seconds
----- stdout -----
J_base   = 1.377718529358e-01
J_learn  = 1.377718529358e-01
J_thresh = -1.475873355412e+17
alpha_la = 1.220703125000e-04 | alpha_mu = 1.220703125000e-04
diff     = 1.475873355412e+17
--------------------------------------------------
--- Line Search Iteration 14 ---
----- stdout -----
Submitted SOLVER.sbatch from /usr/users/cea_seism/benede_gio/CEISM-Project/sem3d_config_files -> job 181216
----- stdout -----
Job 181216 finished with state: COMPLETED
SOLVER.sbatch executed in 93.19 seconds
----- stdout -----
J_base   = 1.377718529358e-01
J_learn  = 1.377718529358e-01
J_thresh = -7.379366777060e+16
alpha_la = 6.103515625000e-05 | alpha_mu = 6.103515625000e-05
diff     = 7.379366777060e+16
--------------------------------------------------
--- Line Search Iteration 15 ---
----- stdout -----
Submitted SOLVER.sbatch from /usr/users/cea_seism/benede_gio/CEISM-Project/sem3d_config_files -> job 181218
----- stdout -----
Job 181218 finished with state: COMPLETED
SOLVER.sbatch executed in 93.19 seconds
----- stdout -----
J_base   = 1.377718529358e-01
J_learn  = 1.377718529358e-01
J_thresh = -3.689683388530e+16
alpha_la = 3.051757812500e-05 | alpha_mu = 3.051757812500e-05
diff     = 3.689683388530e+16
--------------------------------------------------
--- Line Search Iteration 16 ---
----- stdout -----
Submitted SOLVER.sbatch from /usr/users/cea_seism/benede_gio/CEISM-Project/sem3d_config_files -> job 181221
----- stdout -----
Job 181221 finished with state: COMPLETED
SOLVER.sbatch executed in 93.17 seconds
----- stdout -----
J_base   = 1.377718529358e-01
J_learn  = 1.377718529358e-01
J_thresh = -1.844841694265e+16
alpha_la = 1.525878906250e-05 | alpha_mu = 1.525878906250e-05
diff     = 1.844841694265e+16
--------------------------------------------------
--- Line Search Iteration 17 ---
----- stdout -----
Submitted SOLVER.sbatch from /usr/users/cea_seism/benede_gio/CEISM-Project/sem3d_config_files -> job 181223
----- stdout -----
Job 181223 finished with state: COMPLETED
SOLVER.sbatch executed in 93.19 seconds
----- stdout -----
J_base   = 1.377718529358e-01
J_learn  = 1.377718529358e-01
J_thresh = -9.224208471325e+15
alpha_la = 7.629394531250e-06 | alpha_mu = 7.629394531250e-06
diff     = 9.224208471325e+15
--------------------------------------------------
--- Line Search Iteration 18 ---
----- stdout -----
Submitted SOLVER.sbatch from /usr/users/cea_seism/benede_gio/CEISM-Project/sem3d_config_files -> job 181224
----- stdout -----
Job 181224 finished with state: COMPLETED
SOLVER.sbatch executed in 93.20 seconds
----- stdout -----
J_base   = 1.377718529358e-01
J_learn  = 1.377718529358e-01
J_thresh = -4.612104235663e+15
alpha_la = 3.814697265625e-06 | alpha_mu = 3.814697265625e-06
diff     = 4.612104235663e+15
--------------------------------------------------
--- Line Search Iteration 19 ---
----- stdout -----
Submitted SOLVER.sbatch from /usr/users/cea_seism/benede_gio/CEISM-Project/sem3d_config_files -> job 181226
----- stdout -----
Job 181226 finished with state: COMPLETED
SOLVER.sbatch executed in 93.18 seconds
----- stdout -----
J_base   = 1.377718529358e-01
J_learn  = 1.377718529358e-01
J_thresh = -2.306052117831e+15
alpha_la = 1.907348632812e-06 | alpha_mu = 1.907348632812e-06
diff     = 2.306052117831e+15
--------------------------------------------------
--- Line Search Iteration 20 ---
----- stdout -----
Submitted SOLVER.sbatch from /usr/users/cea_seism/benede_gio/CEISM-Project/sem3d_config_files -> job 181228
----- stdout -----
Job 181228 finished with state: COMPLETED
SOLVER.sbatch executed in 93.20 seconds
----- stdout -----
J_base   = 1.377718529358e-01
J_learn  = 1.377718529358e-01
J_thresh = -1.153026058916e+15
alpha_la = 9.536743164062e-07 | alpha_mu = 9.536743164062e-07
diff     = 1.153026058916e+15
--------------------------------------------------
--- Line Search Iteration 21 ---
----- stdout -----
Submitted SOLVER.sbatch from /usr/users/cea_seism/benede_gio/CEISM-Project/sem3d_config_files -> job 181229
----- stdout -----
Job 181229 finished with state: COMPLETED
SOLVER.sbatch executed in 93.20 seconds
----- stdout -----
J_base   = 1.377718529358e-01
J_learn  = 1.377718529358e-01
J_thresh = -5.765130294578e+14
alpha_la = 4.768371582031e-07 | alpha_mu = 4.768371582031e-07
diff     = 5.765130294578e+14
--------------------------------------------------
--- Line Search Iteration 22 ---
----- stdout -----
Submitted SOLVER.sbatch from /usr/users/cea_seism/benede_gio/CEISM-Project/sem3d_config_files -> job 181231
----- stdout -----
Job 181231 finished with state: COMPLETED
SOLVER.sbatch executed in 93.20 seconds
----- stdout -----
J_base   = 1.377718529358e-01
J_learn  = 1.377718529358e-01
J_thresh = -2.882565147289e+14
alpha_la = 2.384185791016e-07 | alpha_mu = 2.384185791016e-07
diff     = 2.882565147289e+14
--------------------------------------------------
--- Line Search Iteration 23 ---
----- stdout -----
Submitted SOLVER.sbatch from /usr/users/cea_seism/benede_gio/CEISM-Project/sem3d_config_files -> job 181233
----- stdout -----
Job 181233 finished with state: COMPLETED
SOLVER.sbatch executed in 93.20 seconds
----- stdout -----
J_base   = 1.377718529358e-01
J_learn  = 1.377718529358e-01
J_thresh = -1.441282573645e+14
alpha_la = 1.192092895508e-07 | alpha_mu = 1.192092895508e-07
diff     = 1.441282573645e+14
--------------------------------------------------
--- Line Search Iteration 24 ---
----- stdout -----
Submitted SOLVER.sbatch from /usr/users/cea_seism/benede_gio/CEISM-Project/sem3d_config_files -> job 181234
----- stdout -----
Job 181234 finished with state: COMPLETED
SOLVER.sbatch executed in 93.38 seconds
----- stdout -----
J_base   = 1.377718529358e-01
J_learn  = 1.377718529358e-01
J_thresh = -7.206412868223e+13
alpha_la = 5.960464477539e-08 | alpha_mu = 5.960464477539e-08
diff     = 7.206412868223e+13
--------------------------------------------------
--- Line Search Iteration 25 ---
----- stdout -----
Submitted SOLVER.sbatch from /usr/users/cea_seism/benede_gio/CEISM-Project/sem3d_config_files -> job 181236
----- stdout -----
Job 181236 finished with state: COMPLETED
SOLVER.sbatch executed in 93.18 seconds
----- stdout -----
J_base   = 1.377718529358e-01
J_learn  = 1.377718529358e-01
J_thresh = -3.603206434111e+13
alpha_la = 2.980232238770e-08 | alpha_mu = 2.980232238770e-08
diff     = 3.603206434111e+13
--------------------------------------------------
--- Line Search Iteration 26 ---
----- stdout -----
Submitted SOLVER.sbatch from /usr/users/cea_seism/benede_gio/CEISM-Project/sem3d_config_files -> job 181238
----- stdout -----
Job 181238 finished with state: COMPLETED
SOLVER.sbatch executed in 93.20 seconds
----- stdout -----
J_base   = 1.377718529358e-01
J_learn  = 1.377718529358e-01
J_thresh = -1.801603217056e+13
alpha_la = 1.490116119385e-08 | alpha_mu = 1.490116119385e-08
diff     = 1.801603217056e+13
--------------------------------------------------
--- Line Search Iteration 27 ---
----- stdout -----
Submitted SOLVER.sbatch from /usr/users/cea_seism/benede_gio/CEISM-Project/sem3d_config_files -> job 181239
----- stdout -----
Job 181239 finished with state: COMPLETED
SOLVER.sbatch executed in 93.19 seconds
----- stdout -----
J_base   = 1.377718529358e-01
J_learn  = 1.377718529358e-01
J_thresh = -9.008016085278e+12
alpha_la = 7.450580596924e-09 | alpha_mu = 7.450580596924e-09
diff     = 9.008016085279e+12
--------------------------------------------------
--- Line Search Iteration 28 ---
----- stdout -----
Submitted SOLVER.sbatch from /usr/users/cea_seism/benede_gio/CEISM-Project/sem3d_config_files -> job 181241
----- stdout -----
Job 181241 finished with state: COMPLETED
SOLVER.sbatch executed in 93.19 seconds
----- stdout -----
J_base   = 1.377718529358e-01
J_learn  = 1.377718529358e-01
J_thresh = -4.504008042639e+12
alpha_la = 3.725290298462e-09 | alpha_mu = 3.725290298462e-09
diff     = 4.504008042639e+12
--------------------------------------------------
--- Line Search Iteration 29 ---
----- stdout -----
Submitted SOLVER.sbatch from /usr/users/cea_seism/benede_gio/CEISM-Project/sem3d_config_files -> job 181243
----- stdout -----
Job 181243 finished with state: COMPLETED
SOLVER.sbatch executed in 93.20 seconds
----- stdout -----
J_base   = 1.377718529358e-01
J_learn  = 1.377718529358e-01
J_thresh = -2.252004021320e+12
alpha_la = 1.862645149231e-09 | alpha_mu = 1.862645149231e-09
diff     = 2.252004021320e+12
--------------------------------------------------
--- Line Search Iteration 30 ---
----- stdout -----
Submitted SOLVER.sbatch from /usr/users/cea_seism/benede_gio/CEISM-Project/sem3d_config_files -> job 181247
----- stdout -----
Job 181247 finished with state: COMPLETED
SOLVER.sbatch executed in 93.19 seconds
----- stdout -----
J_base   = 1.377718529358e-01
J_learn  = 1.377718529358e-01
J_thresh = -1.126002010660e+12
alpha_la = 9.313225746155e-10 | alpha_mu = 9.313225746155e-10
diff     = 1.126002010660e+12
--------------------------------------------------
--- Line Search Iteration 31 ---
----- stdout -----
Submitted SOLVER.sbatch from /usr/users/cea_seism/benede_gio/CEISM-Project/sem3d_config_files -> job 181248
----- stdout -----
Job 181248 finished with state: COMPLETED
SOLVER.sbatch executed in 93.18 seconds
----- stdout -----
J_base   = 1.377718529358e-01
J_learn  = 1.377718529358e-01
J_thresh = -5.630010053298e+11
alpha_la = 4.656612873077e-10 | alpha_mu = 4.656612873077e-10
diff     = 5.630010053299e+11
--------------------------------------------------
--- Line Search Iteration 32 ---
----- stdout -----
Submitted SOLVER.sbatch from /usr/users/cea_seism/benede_gio/CEISM-Project/sem3d_config_files -> job 181250
----- stdout -----
Job 181250 finished with state: COMPLETED
SOLVER.sbatch executed in 93.19 seconds
----- stdout -----
J_base   = 1.377718529358e-01
J_learn  = 1.377718529358e-01
J_thresh = -2.815005026648e+11
alpha_la = 2.328306436539e-10 | alpha_mu = 2.328306436539e-10
diff     = 2.815005026650e+11
--------------------------------------------------
--- Line Search Iteration 33 ---
----- stdout -----
Submitted SOLVER.sbatch from /usr/users/cea_seism/benede_gio/CEISM-Project/sem3d_config_files -> job 181252
----- stdout -----
Job 181252 finished with state: COMPLETED
SOLVER.sbatch executed in 93.19 seconds
----- stdout -----
J_base   = 1.377718529358e-01
J_learn  = 1.377718529358e-01
J_thresh = -1.407502513323e+11
alpha_la = 1.164153218269e-10 | alpha_mu = 1.164153218269e-10
diff     = 1.407502513325e+11
--------------------------------------------------
--- Line Search Iteration 34 ---
----- stdout -----
Submitted SOLVER.sbatch from /usr/users/cea_seism/benede_gio/CEISM-Project/sem3d_config_files -> job 181253
----- stdout -----
Job 181253 finished with state: COMPLETED
SOLVER.sbatch executed in 93.19 seconds
----- stdout -----
J_base   = 1.377718529358e-01
J_learn  = 1.377718529358e-01
J_thresh = -7.037512566610e+10
alpha_la = 5.820766091347e-11 | alpha_mu = 5.820766091347e-11
diff     = 7.037512566624e+10
--------------------------------------------------
--- Line Search Iteration 35 ---
----- stdout -----
Submitted SOLVER.sbatch from /usr/users/cea_seism/benede_gio/CEISM-Project/sem3d_config_files -> job 181255
----- stdout -----
Job 181255 finished with state: COMPLETED
SOLVER.sbatch executed in 93.19 seconds
----- stdout -----
J_base   = 1.377718529358e-01
J_learn  = 1.377718529358e-01
J_thresh = -3.518756283298e+10
alpha_la = 2.910383045673e-11 | alpha_mu = 2.910383045673e-11
diff     = 3.518756283312e+10
--------------------------------------------------
--- Line Search Iteration 36 ---
----- stdout -----
Submitted SOLVER.sbatch from /usr/users/cea_seism/benede_gio/CEISM-Project/sem3d_config_files -> job 181257
----- stdout -----
Job 181257 finished with state: COMPLETED
SOLVER.sbatch executed in 93.19 seconds
----- stdout -----
J_base   = 1.377718529358e-01
J_learn  = 1.377718529358e-01
J_thresh = -1.759378141642e+10
alpha_la = 1.455191522837e-11 | alpha_mu = 1.455191522837e-11
diff     = 1.759378141656e+10
--------------------------------------------------
--- Line Search Iteration 37 ---
----- stdout -----
Submitted SOLVER.sbatch from /usr/users/cea_seism/benede_gio/CEISM-Project/sem3d_config_files -> job 181258
----- stdout -----
Job 181258 finished with state: COMPLETED
SOLVER.sbatch executed in 93.19 seconds
----- stdout -----
J_base   = 1.377718529358e-01
J_learn  = 1.377718529358e-01
J_thresh = -8.796890708142e+09
alpha_la = 7.275957614183e-12 | alpha_mu = 7.275957614183e-12
diff     = 8.796890708280e+09
--------------------------------------------------
--- Line Search Iteration 38 ---
----- stdout -----
Submitted SOLVER.sbatch from /usr/users/cea_seism/benede_gio/CEISM-Project/sem3d_config_files -> job 181260
----- stdout -----
Job 181260 finished with state: COMPLETED
SOLVER.sbatch executed in 93.19 seconds
----- stdout -----
J_base   = 1.377718529358e-01
J_learn  = 1.377718529358e-01
J_thresh = -4.398445354002e+09
alpha_la = 3.637978807092e-12 | alpha_mu = 3.637978807092e-12
diff     = 4.398445354140e+09
--------------------------------------------------
--- Line Search Iteration 39 ---
----- stdout -----
Submitted SOLVER.sbatch from /usr/users/cea_seism/benede_gio/CEISM-Project/sem3d_config_files -> job 181262
----- stdout -----
Job 181262 finished with state: COMPLETED
SOLVER.sbatch executed in 93.19 seconds
----- stdout -----
J_base   = 1.377718529358e-01
J_learn  = 1.377718529358e-01
J_thresh = -2.199222676932e+09
alpha_la = 1.818989403546e-12 | alpha_mu = 1.818989403546e-12
diff     = 2.199222677070e+09
--------------------------------------------------
--- Line Search Iteration 40 ---
----- stdout -----
Submitted SOLVER.sbatch from /usr/users/cea_seism/benede_gio/CEISM-Project/sem3d_config_files -> job 181263
----- stdout -----
Job 181263 finished with state: COMPLETED
SOLVER.sbatch executed in 93.19 seconds
----- stdout -----
J_base   = 1.377718529358e-01
J_learn  = 1.377718529358e-01
J_thresh = -1.099611338397e+09
alpha_la = 9.094947017729e-13 | alpha_mu = 9.094947017729e-13
diff     = 1.099611338535e+09
--------------------------------------------------
--- Line Search Iteration 41 ---
----- stdout -----
Submitted SOLVER.sbatch from /usr/users/cea_seism/benede_gio/CEISM-Project/sem3d_config_files -> job 181265
----- stdout -----
Job 181265 finished with state: COMPLETED
SOLVER.sbatch executed in 93.18 seconds
----- stdout -----
J_base   = 1.377718529358e-01
J_learn  = 1.377718529358e-01
J_thresh = -5.498056691297e+08
alpha_la = 4.547473508865e-13 | alpha_mu = 4.547473508865e-13
diff     = 5.498056692675e+08
--------------------------------------------------
--- Line Search Iteration 42 ---
----- stdout -----
Submitted SOLVER.sbatch from /usr/users/cea_seism/benede_gio/CEISM-Project/sem3d_config_files -> job 181267
----- stdout -----
Job 181267 finished with state: COMPLETED
SOLVER.sbatch executed in 93.19 seconds
----- stdout -----
J_base   = 1.377718529358e-01
J_learn  = 1.377718529358e-01
J_thresh = -2.749028344960e+08
alpha_la = 2.273736754432e-13 | alpha_mu = 2.273736754432e-13
diff     = 2.749028346337e+08
--------------------------------------------------
--- Line Search Iteration 43 ---
----- stdout -----
Submitted SOLVER.sbatch from /usr/users/cea_seism/benede_gio/CEISM-Project/sem3d_config_files -> job 181269
----- stdout -----
Job 181269 finished with state: COMPLETED
SOLVER.sbatch executed in 93.20 seconds
----- stdout -----
J_base   = 1.377718529358e-01
J_learn  = 1.377718529358e-01
J_thresh = -1.374514171791e+08
alpha_la = 1.136868377216e-13 | alpha_mu = 1.136868377216e-13
diff     = 1.374514173169e+08
--------------------------------------------------
--- Line Search Iteration 44 ---
----- stdout -----
Submitted SOLVER.sbatch from /usr/users/cea_seism/benede_gio/CEISM-Project/sem3d_config_files -> job 181272
----- stdout -----
Job 181272 finished with state: COMPLETED
SOLVER.sbatch executed in 93.19 seconds
----- stdout -----
J_base   = 1.377718529358e-01
J_learn  = 1.377718529358e-01
J_thresh = -6.872570852066e+07
alpha_la = 5.684341886081e-14 | alpha_mu = 5.684341886081e-14
diff     = 6.872570865844e+07
--------------------------------------------------
--- Line Search Iteration 45 ---
----- stdout -----
Submitted SOLVER.sbatch from /usr/users/cea_seism/benede_gio/CEISM-Project/sem3d_config_files -> job 181274
----- stdout -----
Job 181274 finished with state: COMPLETED
SOLVER.sbatch executed in 93.14 seconds
----- stdout -----
J_base   = 1.377718529358e-01
J_learn  = 1.377718529358e-01
J_thresh = -3.436285419145e+07
alpha_la = 2.842170943040e-14 | alpha_mu = 2.842170943040e-14
diff     = 3.436285432922e+07
--------------------------------------------------
--- Line Search Iteration 46 ---
----- stdout -----
Submitted SOLVER.sbatch from /usr/users/cea_seism/benede_gio/CEISM-Project/sem3d_config_files -> job 181275
----- stdout -----
Job 181275 finished with state: COMPLETED
SOLVER.sbatch executed in 93.19 seconds
----- stdout -----
J_base   = 1.377718529358e-01
J_learn  = 1.377718529358e-01
J_thresh = -1.718142702684e+07
alpha_la = 1.421085471520e-14 | alpha_mu = 1.421085471520e-14
diff     = 1.718142716461e+07
--------------------------------------------------
--- Line Search Iteration 47 ---
----- stdout -----
Submitted SOLVER.sbatch from /usr/users/cea_seism/benede_gio/CEISM-Project/sem3d_config_files -> job 181277
----- stdout -----
Job 181277 finished with state: COMPLETED
SOLVER.sbatch executed in 93.18 seconds
----- stdout -----
J_base   = 1.377718529358e-01
J_learn  = 1.377718529358e-01
J_thresh = -8.590713444533e+06
alpha_la = 7.105427357601e-15 | alpha_mu = 7.105427357601e-15
diff     = 8.590713582305e+06
--------------------------------------------------
--- Line Search Iteration 48 ---
----- stdout -----
Submitted SOLVER.sbatch from /usr/users/cea_seism/benede_gio/CEISM-Project/sem3d_config_files -> job 181279
----- stdout -----
Job 181279 finished with state: COMPLETED
SOLVER.sbatch executed in 93.17 seconds
----- stdout -----
J_base   = 1.377718529358e-01
J_learn  = 1.377718529358e-01
J_thresh = -4.295356653380e+06
alpha_la = 3.552713678801e-15 | alpha_mu = 3.552713678801e-15
diff     = 4.295356791152e+06
--------------------------------------------------
--- Line Search Iteration 49 ---
----- stdout -----
Submitted SOLVER.sbatch from /usr/users/cea_seism/benede_gio/CEISM-Project/sem3d_config_files -> job 181280
----- stdout -----
Job 181280 finished with state: COMPLETED
SOLVER.sbatch executed in 93.20 seconds
----- stdout -----
J_base   = 1.377718529358e-01
J_learn  = 1.377718529358e-01
J_thresh = -2.147678257804e+06
alpha_la = 1.776356839400e-15 | alpha_mu = 1.776356839400e-15
diff     = 2.147678395576e+06
--------------------------------------------------
--- Line Search Iteration 50 ---
----- stdout -----
Submitted SOLVER.sbatch from /usr/users/cea_seism/benede_gio/CEISM-Project/sem3d_config_files -> job 181282
----- stdout -----
Job 181282 finished with state: COMPLETED
SOLVER.sbatch executed in 93.20 seconds
----- stdout -----
J_base   = 1.377718529358e-01
J_learn  = 1.377718529358e-01
J_thresh = -1.073839060016e+06
alpha_la = 8.881784197001e-16 | alpha_mu = 8.881784197001e-16
diff     = 1.073839197788e+06
--------------------------------------------------
--- Line Search Iteration 51 ---
----- stdout -----
Submitted SOLVER.sbatch from /usr/users/cea_seism/benede_gio/CEISM-Project/sem3d_config_files -> job 181284
----- stdout -----
Job 181284 finished with state: COMPLETED
SOLVER.sbatch executed in 93.19 seconds
----- stdout -----
J_base   = 1.377718529358e-01
J_learn  = 1.377718529358e-01
J_thresh = -5.369194611222e+05
alpha_la = 4.440892098501e-16 | alpha_mu = 4.440892098501e-16
diff     = 5.369195988940e+05
--------------------------------------------------
--- Line Search Iteration 52 ---
----- stdout -----
Submitted SOLVER.sbatch from /usr/users/cea_seism/benede_gio/CEISM-Project/sem3d_config_files -> job 181285
----- stdout -----
Job 181285 finished with state: COMPLETED
SOLVER.sbatch executed in 93.19 seconds
----- stdout -----
J_base   = 1.377718529358e-01
J_learn  = 1.377718529358e-01
J_thresh = -2.684596616752e+05
alpha_la = 2.220446049250e-16 | alpha_mu = 2.220446049250e-16
diff     = 2.684597994470e+05
--------------------------------------------------
--- Line Search Iteration 53 ---
----- stdout -----
Submitted SOLVER.sbatch from /usr/users/cea_seism/benede_gio/CEISM-Project/sem3d_config_files -> job 181287
----- stdout -----
Job 181287 finished with state: COMPLETED
SOLVER.sbatch executed in 108.23 seconds
----- stdout -----
J_base   = 1.377718529358e-01
J_learn  = 1.377718529358e-01
J_thresh = -1.342297619517e+05
alpha_la = 1.110223024625e-16 | alpha_mu = 1.110223024625e-16
diff     = 1.342298997235e+05
--------------------------------------------------
--- Line Search Iteration 54 ---
----- stdout -----
Submitted SOLVER.sbatch from /usr/users/cea_seism/benede_gio/CEISM-Project/sem3d_config_files -> job 181289
----- stdout -----
Job 181289 finished with state: COMPLETED
SOLVER.sbatch executed in 93.28 seconds
----- stdout -----
J_base   = 1.377718529358e-01
J_learn  = 1.377718529358e-01
J_thresh = -6.711481208990e+04
alpha_la = 5.551115123126e-17 | alpha_mu = 5.551115123126e-17
diff     = 6.711494986175e+04
--------------------------------------------------
--- Line Search Iteration 55 ---
----- stdout -----
Submitted SOLVER.sbatch from /usr/users/cea_seism/benede_gio/CEISM-Project/sem3d_config_files -> job 181290
----- stdout -----
Job 181290 finished with state: COMPLETED
SOLVER.sbatch executed in 93.17 seconds
----- stdout -----
J_base   = 1.377718529358e-01
J_learn  = 1.377718529358e-01
J_thresh = -3.355733715902e+04
alpha_la = 2.775557561563e-17 | alpha_mu = 2.775557561563e-17
diff     = 3.355747493088e+04
--------------------------------------------------
--- Line Search Iteration 56 ---
----- stdout -----
Submitted SOLVER.sbatch from /usr/users/cea_seism/benede_gio/CEISM-Project/sem3d_config_files -> job 181292
----- stdout -----
Job 181292 finished with state: COMPLETED
SOLVER.sbatch executed in 93.19 seconds
----- stdout -----
J_base   = 1.377718529358e-01
J_learn  = 1.377718529358e-01
J_thresh = -1.677859969359e+04
alpha_la = 1.387778780781e-17 | alpha_mu = 1.387778780781e-17
diff     = 1.677873746544e+04
--------------------------------------------------
--- Line Search Iteration 57 ---
----- stdout -----
Submitted SOLVER.sbatch from /usr/users/cea_seism/benede_gio/CEISM-Project/sem3d_config_files -> job 181294
----- stdout -----
Job 181294 finished with state: COMPLETED
SOLVER.sbatch executed in 93.19 seconds
----- stdout -----
J_base   = 1.377718529358e-01
J_learn  = 1.377718529358e-01
J_thresh = -8.389230960866e+03
alpha_la = 6.938893903907e-18 | alpha_mu = 6.938893903907e-18
diff     = 8.389368732719e+03
--------------------------------------------------
--- Line Search Iteration 58 ---
----- stdout -----
Submitted SOLVER.sbatch from /usr/users/cea_seism/benede_gio/CEISM-Project/sem3d_config_files -> job 181296
----- stdout -----
Job 181296 finished with state: COMPLETED
SOLVER.sbatch executed in 93.20 seconds
----- stdout -----
J_base   = 1.377718529358e-01
J_learn  = 1.377718529358e-01
J_thresh = -4.194546594507e+03
alpha_la = 3.469446951954e-18 | alpha_mu = 3.469446951954e-18
diff     = 4.194684366360e+03
--------------------------------------------------
--- Line Search Iteration 59 ---
----- stdout -----
Submitted SOLVER.sbatch from /usr/users/cea_seism/benede_gio/CEISM-Project/sem3d_config_files -> job 181298
----- stdout -----
Job 181298 finished with state: COMPLETED
SOLVER.sbatch executed in 93.17 seconds
----- stdout -----
J_base   = 1.377718529358e-01
J_learn  = 1.377718529358e-01
J_thresh = -2.097204411327e+03
alpha_la = 1.734723475977e-18 | alpha_mu = 1.734723475977e-18
diff     = 2.097342183180e+03
--------------------------------------------------
--- Line Search Iteration 60 ---
----- stdout -----
Submitted SOLVER.sbatch from /usr/users/cea_seism/benede_gio/CEISM-Project/sem3d_config_files -> job 181300
----- stdout -----
Job 181300 finished with state: COMPLETED
SOLVER.sbatch executed in 93.19 seconds
----- stdout -----
J_base   = 1.377718529358e-01
J_learn  = 1.377718529358e-01
J_thresh = -1.048533319737e+03
alpha_la = 8.673617379884e-19 | alpha_mu = 8.673617379884e-19
diff     = 1.048671091590e+03
--------------------------------------------------
--- Line Search Iteration 61 ---
----- stdout -----
Submitted SOLVER.sbatch from /usr/users/cea_seism/benede_gio/CEISM-Project/sem3d_config_files -> job 181301
----- stdout -----
Job 181301 finished with state: COMPLETED
SOLVER.sbatch executed in 93.19 seconds
----- stdout -----
J_base   = 1.377718529358e-01
J_learn  = 1.377718529358e-01
J_thresh = -5.241977739420e+02
alpha_la = 4.336808689942e-19 | alpha_mu = 4.336808689942e-19
diff     = 5.243355457950e+02
--------------------------------------------------
--- Line Search Iteration 62 ---
----- stdout -----
Submitted SOLVER.sbatch from /usr/users/cea_seism/benede_gio/CEISM-Project/sem3d_config_files -> job 181303
----- stdout -----
Job 181303 finished with state: COMPLETED
SOLVER.sbatch executed in 93.19 seconds
----- stdout -----
J_base   = 1.377718529358e-01
J_learn  = 1.377718529358e-01
J_thresh = -2.620300010445e+02
alpha_la = 2.168404344971e-19 | alpha_mu = 2.168404344971e-19
diff     = 2.621677728975e+02
--------------------------------------------------
--- Line Search Iteration 63 ---
----- stdout -----
Submitted SOLVER.sbatch from /usr/users/cea_seism/benede_gio/CEISM-Project/sem3d_config_files -> job 181305
----- stdout -----
Job 181305 finished with state: COMPLETED
SOLVER.sbatch executed in 93.16 seconds
----- stdout -----
J_base   = 1.377718529358e-01
J_learn  = 1.377718529358e-01
J_thresh = -1.309461145958e+02
alpha_la = 1.084202172486e-19 | alpha_mu = 1.084202172486e-19
diff     = 1.310838864487e+02
--------------------------------------------------
--- Line Search Iteration 64 ---
----- stdout -----
Submitted SOLVER.sbatch from /usr/users/cea_seism/benede_gio/CEISM-Project/sem3d_config_files -> job 181309
----- stdout -----
Job 181309 finished with state: COMPLETED
SOLVER.sbatch executed in 93.20 seconds
----- stdout -----
J_base   = 1.377718529358e-01
J_learn  = 1.377718529358e-01
J_thresh = -6.540417137143e+01
alpha_la = 5.421010862428e-20 | alpha_mu = 5.421010862428e-20
diff     = 6.554194322437e+01
--------------------------------------------------
--- Line Search Iteration 65 ---
----- stdout -----
Submitted SOLVER.sbatch from /usr/users/cea_seism/benede_gio/CEISM-Project/sem3d_config_files -> job 181311
----- stdout -----
Job 181311 finished with state: COMPLETED
SOLVER.sbatch executed in 93.19 seconds
----- stdout -----
J_base   = 1.377718529358e-01
J_learn  = 1.377718529358e-01
J_thresh = -3.263319975925e+01
alpha_la = 2.710505431214e-20 | alpha_mu = 2.710505431214e-20
diff     = 3.277097161218e+01
--------------------------------------------------
--- Line Search Iteration 66 ---
----- stdout -----
Submitted SOLVER.sbatch from /usr/users/cea_seism/benede_gio/CEISM-Project/sem3d_config_files -> job 181313
----- stdout -----
Job 181313 finished with state: COMPLETED
SOLVER.sbatch executed in 93.18 seconds
----- stdout -----
J_base   = 1.377718529358e-01
J_learn  = 1.377718529358e-01
J_thresh = -1.624771395316e+01
alpha_la = 1.355252715607e-20 | alpha_mu = 1.355252715607e-20
diff     = 1.638548580609e+01
--------------------------------------------------
--- Line Search Iteration 67 ---
----- stdout -----
Submitted SOLVER.sbatch from /usr/users/cea_seism/benede_gio/CEISM-Project/sem3d_config_files -> job 181314
----- stdout -----
Job 181314 finished with state: COMPLETED
SOLVER.sbatch executed in 93.19 seconds
----- stdout -----
J_base   = 1.377718529358e-01
J_learn  = 1.377718529358e-01
J_thresh = -8.054971050110e+00
alpha_la = 6.776263578034e-21 | alpha_mu = 6.776263578034e-21
diff     = 8.192742903046e+00
--------------------------------------------------
--- Line Search Iteration 68 ---
----- stdout -----
Submitted SOLVER.sbatch from /usr/users/cea_seism/benede_gio/CEISM-Project/sem3d_config_files -> job 181316
----- stdout -----
Job 181316 finished with state: COMPLETED
SOLVER.sbatch executed in 93.18 seconds
----- stdout -----
J_base   = 1.377718529358e-01
J_learn  = 1.377718529358e-01
J_thresh = -3.958599598587e+00
alpha_la = 3.388131789017e-21 | alpha_mu = 3.388131789017e-21
diff     = 4.096371451523e+00
--------------------------------------------------
--- Line Search Iteration 69 ---
----- stdout -----
Submitted SOLVER.sbatch from /usr/users/cea_seism/benede_gio/CEISM-Project/sem3d_config_files -> job 181318
----- stdout -----
Job 181318 finished with state: COMPLETED
SOLVER.sbatch executed in 93.19 seconds
----- stdout -----
J_base   = 1.377718529358e-01
J_learn  = 1.377718529358e-01
J_thresh = -1.910413872826e+00
alpha_la = 1.694065894509e-21 | alpha_mu = 1.694065894509e-21
diff     = 2.048185725762e+00
--------------------------------------------------
--- Line Search Iteration 70 ---
----- stdout -----
Submitted SOLVER.sbatch from /usr/users/cea_seism/benede_gio/CEISM-Project/sem3d_config_files -> job 181319
----- stdout -----
Job 181319 finished with state: COMPLETED
SOLVER.sbatch executed in 93.19 seconds
----- stdout -----
J_base   = 1.377718529358e-01
J_learn  = 1.377718529358e-01
J_thresh = -8.863210099449e-01
alpha_la = 8.470329472543e-22 | alpha_mu = 8.470329472543e-22
diff     = 1.024092862881e+00
--------------------------------------------------
--- Line Search Iteration 71 ---
----- stdout -----
Submitted SOLVER.sbatch from /usr/users/cea_seism/benede_gio/CEISM-Project/sem3d_config_files -> job 181321
----- stdout -----
Job 181321 finished with state: COMPLETED
SOLVER.sbatch executed in 93.21 seconds
----- stdout -----
J_base   = 1.377718529358e-01
J_learn  = 1.377718529358e-01
J_thresh = -3.742745785046e-01
alpha_la = 4.235164736272e-22 | alpha_mu = 4.235164736272e-22
diff     = 5.120464314404e-01
--------------------------------------------------
--- Line Search Iteration 72 ---
----- stdout -----
Submitted SOLVER.sbatch from /usr/users/cea_seism/benede_gio/CEISM-Project/sem3d_config_files -> job 181324
----- stdout -----
Job 181324 finished with state: COMPLETED
SOLVER.sbatch executed in 93.19 seconds
----- stdout -----
J_base   = 1.377718529358e-01
J_learn  = 1.377718529358e-01
J_thresh = -1.182513627844e-01
alpha_la = 2.117582368136e-22 | alpha_mu = 2.117582368136e-22
diff     = 2.560232157202e-01
--------------------------------------------------
--- Line Search Iteration 73 ---
----- stdout -----
Submitted SOLVER.sbatch from /usr/users/cea_seism/benede_gio/CEISM-Project/sem3d_config_files -> job 181325
----- stdout -----
Job 181325 finished with state: COMPLETED
SOLVER.sbatch executed in 93.21 seconds
----- stdout -----
J_base   = 1.377718529358e-01
J_learn  = 1.377718529358e-01
J_thresh = 9.760245075729e-03
alpha_la = 1.058791184068e-22 | alpha_mu = 1.058791184068e-22
diff     = 1.280116078601e-01
--------------------------------------------------
--- Line Search Iteration 74 ---
----- stdout -----
Submitted SOLVER.sbatch from /usr/users/cea_seism/benede_gio/CEISM-Project/sem3d_config_files -> job 181327
----- stdout -----
Job 181327 finished with state: COMPLETED
SOLVER.sbatch executed in 93.18 seconds
----- stdout -----
J_base   = 1.377718529358e-01
J_learn  = 1.377718529358e-01
J_thresh = 7.376604900578e-02
alpha_la = 5.293955920339e-23 | alpha_mu = 5.293955920339e-23
diff     = 6.400580393005e-02
--------------------------------------------------
--- Line Search Iteration 75 ---
----- stdout -----
Submitted SOLVER.sbatch from /usr/users/cea_seism/benede_gio/CEISM-Project/sem3d_config_files -> job 181329
----- stdout -----
Job 181329 finished with state: COMPLETED
SOLVER.sbatch executed in 93.20 seconds
----- stdout -----
J_base   = 1.377718529358e-01
J_learn  = 1.377718529358e-01
J_thresh = 1.057689509708e-01
alpha_la = 2.646977960170e-23 | alpha_mu = 2.646977960170e-23
diff     = 3.200290196502e-02
--------------------------------------------------
--- Line Search Iteration 76 ---
----- stdout -----
Submitted SOLVER.sbatch from /usr/users/cea_seism/benede_gio/CEISM-Project/sem3d_config_files -> job 181330
----- stdout -----
Job 181330 finished with state: COMPLETED
SOLVER.sbatch executed in 93.20 seconds
----- stdout -----
J_base   = 1.377718529358e-01
J_learn  = 1.377718529358e-01
J_thresh = 1.217704019533e-01
alpha_la = 1.323488980085e-23 | alpha_mu = 1.323488980085e-23
diff     = 1.600145098251e-02
--------------------------------------------------
--- Line Search Iteration 77 ---
----- stdout -----
Submitted SOLVER.sbatch from /usr/users/cea_seism/benede_gio/CEISM-Project/sem3d_config_files -> job 181332
----- stdout -----
Job 181332 finished with state: COMPLETED
SOLVER.sbatch executed in 93.20 seconds
----- stdout -----
J_base   = 1.377718529358e-01
J_learn  = 1.377718529358e-01
J_thresh = 1.297711274446e-01
alpha_la = 6.617444900424e-24 | alpha_mu = 6.617444900424e-24
diff     = 8.000725491256e-03
--------------------------------------------------
--- Line Search Iteration 78 ---
----- stdout -----
Submitted SOLVER.sbatch from /usr/users/cea_seism/benede_gio/CEISM-Project/sem3d_config_files -> job 181334
----- stdout -----
Job 181334 finished with state: COMPLETED
SOLVER.sbatch executed in 93.19 seconds
----- stdout -----
J_base   = 1.377718529358e-01
J_learn  = 1.377718529358e-01
J_thresh = 1.337714901902e-01
alpha_la = 3.308722450212e-24 | alpha_mu = 3.308722450212e-24
diff     = 4.000362745628e-03
--------------------------------------------------
--- Line Search Iteration 79 ---
----- stdout -----
Submitted SOLVER.sbatch from /usr/users/cea_seism/benede_gio/CEISM-Project/sem3d_config_files -> job 181335
----- stdout -----
Job 181335 finished with state: COMPLETED
SOLVER.sbatch executed in 93.20 seconds
----- stdout -----
J_base   = 1.377718529358e-01
J_learn  = 1.377718529358e-01
J_thresh = 1.357716715630e-01
alpha_la = 1.654361225106e-24 | alpha_mu = 1.654361225106e-24
diff     = 2.000181372814e-03
--------------------------------------------------
--- Line Search Iteration 80 ---
----- stdout -----
Submitted SOLVER.sbatch from /usr/users/cea_seism/benede_gio/CEISM-Project/sem3d_config_files -> job 181337
----- stdout -----
Job 181337 finished with state: COMPLETED
SOLVER.sbatch executed in 93.18 seconds
----- stdout -----
J_base   = 1.377718529358e-01
J_learn  = 1.377718529358e-01
J_thresh = 1.367717622494e-01
alpha_la = 8.271806125530e-25 | alpha_mu = 8.271806125530e-25
diff     = 1.000090686407e-03
--------------------------------------------------
--- Line Search Iteration 81 ---
----- stdout -----
Submitted SOLVER.sbatch from /usr/users/cea_seism/benede_gio/CEISM-Project/sem3d_config_files -> job 181339
----- stdout -----
Job 181339 finished with state: COMPLETED
SOLVER.sbatch executed in 93.19 seconds
----- stdout -----
J_base   = 1.377718529358e-01
J_learn  = 1.377718529358e-01
J_thresh = 1.372718075926e-01
alpha_la = 4.135903062765e-25 | alpha_mu = 4.135903062765e-25
diff     = 5.000453432035e-04
--------------------------------------------------
--- Line Search Iteration 82 ---
----- stdout -----
Submitted SOLVER.sbatch from /usr/users/cea_seism/benede_gio/CEISM-Project/sem3d_config_files -> job 181340
----- stdout -----
Job 181340 finished with state: COMPLETED
SOLVER.sbatch executed in 93.18 seconds
----- stdout -----
J_base   = 1.377718529358e-01
J_learn  = 1.377718529358e-01
J_thresh = 1.375218302642e-01
alpha_la = 2.067951531383e-25 | alpha_mu = 2.067951531383e-25
diff     = 2.500226716018e-04
--------------------------------------------------
--- Line Search Iteration 83 ---
----- stdout -----
Submitted SOLVER.sbatch from /usr/users/cea_seism/benede_gio/CEISM-Project/sem3d_config_files -> job 181342
----- stdout -----
Job 181342 finished with state: COMPLETED
SOLVER.sbatch executed in 93.19 seconds
----- stdout -----
J_base   = 1.377718529358e-01
J_learn  = 1.377718529358e-01
J_thresh = 1.376468416000e-01
alpha_la = 1.033975765691e-25 | alpha_mu = 1.033975765691e-25
diff     = 1.250113358009e-04
--------------------------------------------------
--- Line Search Iteration 84 ---
----- stdout -----
Submitted SOLVER.sbatch from /usr/users/cea_seism/benede_gio/CEISM-Project/sem3d_config_files -> job 181344
----- stdout -----
Job 181344 finished with state: COMPLETED
SOLVER.sbatch executed in 93.20 seconds
----- stdout -----
J_base   = 1.377718529358e-01
J_learn  = 1.377718529358e-01
J_thresh = 1.377093472679e-01
alpha_la = 5.169878828456e-26 | alpha_mu = 5.169878828456e-26
diff     = 6.250566790045e-05
--------------------------------------------------
--- Line Search Iteration 85 ---
----- stdout -----
Submitted SOLVER.sbatch from /usr/users/cea_seism/benede_gio/CEISM-Project/sem3d_config_files -> job 181345
----- stdout -----
Job 181345 finished with state: COMPLETED
SOLVER.sbatch executed in 93.19 seconds
----- stdout -----
J_base   = 1.377718529358e-01
J_learn  = 1.377718529358e-01
J_thresh = 1.377406001019e-01
alpha_la = 2.584939414228e-26 | alpha_mu = 2.584939414228e-26
diff     = 3.125283395022e-05
--------------------------------------------------
--- Line Search Iteration 86 ---
----- stdout -----
Submitted SOLVER.sbatch from /usr/users/cea_seism/benede_gio/CEISM-Project/sem3d_config_files -> job 181348
----- stdout -----
Job 181348 finished with state: COMPLETED
SOLVER.sbatch executed in 93.20 seconds
----- stdout -----
J_base   = 1.377718529358e-01
J_learn  = 1.377718529358e-01
J_thresh = 1.377562265189e-01
alpha_la = 1.292469707114e-26 | alpha_mu = 1.292469707114e-26
diff     = 1.562641697511e-05
--------------------------------------------------
--- Line Search Iteration 87 ---
----- stdout -----
Submitted SOLVER.sbatch from /usr/users/cea_seism/benede_gio/CEISM-Project/sem3d_config_files -> job 181350
----- stdout -----
Job 181350 finished with state: COMPLETED
SOLVER.sbatch executed in 93.18 seconds
----- stdout -----
J_base   = 1.377718529358e-01
J_learn  = 1.377718529358e-01
J_thresh = 1.377640397273e-01
alpha_la = 6.462348535571e-27 | alpha_mu = 6.462348535571e-27
diff     = 7.813208487556e-06
--------------------------------------------------
--- Line Search Iteration 88 ---
----- stdout -----
Submitted SOLVER.sbatch from /usr/users/cea_seism/benede_gio/CEISM-Project/sem3d_config_files -> job 181351
----- stdout -----
Job 181351 finished with state: COMPLETED
SOLVER.sbatch executed in 93.19 seconds
----- stdout -----
J_base   = 1.377718529358e-01
J_learn  = 1.377718529358e-01
J_thresh = 1.377679463316e-01
alpha_la = 3.231174267785e-27 | alpha_mu = 3.231174267785e-27
diff     = 3.906604243764e-06
--------------------------------------------------
--- Line Search Iteration 89 ---
----- stdout -----
Submitted SOLVER.sbatch from /usr/users/cea_seism/benede_gio/CEISM-Project/sem3d_config_files -> job 181353
----- stdout -----
Job 181353 finished with state: COMPLETED
SOLVER.sbatch executed in 93.16 seconds
----- stdout -----
J_base   = 1.377718529358e-01
J_learn  = 1.377718529358e-01
J_thresh = 1.377698996337e-01
alpha_la = 1.615587133893e-27 | alpha_mu = 1.615587133893e-27
diff     = 1.953302121882e-06
--------------------------------------------------
--- Line Search Iteration 90 ---
----- stdout -----
Submitted SOLVER.sbatch from /usr/users/cea_seism/benede_gio/CEISM-Project/sem3d_config_files -> job 181355
----- stdout -----
Job 181355 finished with state: COMPLETED
SOLVER.sbatch executed in 93.18 seconds
----- stdout -----
J_base   = 1.377718529358e-01
J_learn  = 1.377718529358e-01
J_thresh = 1.377708762848e-01
alpha_la = 8.077935669463e-28 | alpha_mu = 8.077935669463e-28
diff     = 9.766510609410e-07
--------------------------------------------------
--- Line Search Iteration 91 ---
----- stdout -----
Submitted SOLVER.sbatch from /usr/users/cea_seism/benede_gio/CEISM-Project/sem3d_config_files -> job 181357
----- stdout -----
Job 181357 finished with state: COMPLETED
SOLVER.sbatch executed in 93.19 seconds
----- stdout -----
J_base   = 1.377718529358e-01
J_learn  = 1.377718529358e-01
J_thresh = 1.377713646103e-01
alpha_la = 4.038967834732e-28 | alpha_mu = 4.038967834732e-28
diff     = 4.883255304844e-07
--------------------------------------------------
--- Line Search Iteration 92 ---
----- stdout -----
Submitted SOLVER.sbatch from /usr/users/cea_seism/benede_gio/CEISM-Project/sem3d_config_files -> job 181358
----- stdout -----
Job 181358 finished with state: COMPLETED
SOLVER.sbatch executed in 93.17 seconds
----- stdout -----
J_base   = 1.377718529358e-01
J_learn  = 1.377718529358e-01
J_thresh = 1.377716087731e-01
alpha_la = 2.019483917366e-28 | alpha_mu = 2.019483917366e-28
diff     = 2.441627652283e-07
--------------------------------------------------
--- Line Search Iteration 93 ---
----- stdout -----
Submitted SOLVER.sbatch from /usr/users/cea_seism/benede_gio/CEISM-Project/sem3d_config_files -> job 181360
----- stdout -----
Job 181360 finished with state: COMPLETED
SOLVER.sbatch executed in 93.19 seconds
----- stdout -----
J_base   = 1.377718529358e-01
J_learn  = 1.377718529358e-01
J_thresh = 1.377717308544e-01
alpha_la = 1.009741958683e-28 | alpha_mu = 1.009741958683e-28
diff     = 1.220813826142e-07
--------------------------------------------------
--- Line Search Iteration 94 ---
----- stdout -----
Submitted SOLVER.sbatch from /usr/users/cea_seism/benede_gio/CEISM-Project/sem3d_config_files -> job 181362
----- stdout -----
Job 181362 finished with state: COMPLETED
SOLVER.sbatch executed in 93.20 seconds
----- stdout -----
J_base   = 1.377718529358e-01
J_learn  = 1.377718529358e-01
J_thresh = 1.377717918951e-01
alpha_la = 5.048709793414e-29 | alpha_mu = 5.048709793414e-29
diff     = 6.104069130708e-08
--------------------------------------------------
--- Line Search Iteration 95 ---
----- stdout -----
Submitted SOLVER.sbatch from /usr/users/cea_seism/benede_gio/CEISM-Project/sem3d_config_files -> job 181363
----- stdout -----
Job 181363 finished with state: COMPLETED
SOLVER.sbatch executed in 93.19 seconds
----- stdout -----
J_base   = 1.377718529358e-01
J_learn  = 1.377718529358e-01
J_thresh = 1.377718224155e-01
alpha_la = 2.524354896707e-29 | alpha_mu = 2.524354896707e-29
diff     = 3.052034566742e-08
--------------------------------------------------
--- Line Search Iteration 96 ---
----- stdout -----
Submitted SOLVER.sbatch from /usr/users/cea_seism/benede_gio/CEISM-Project/sem3d_config_files -> job 181365
----- stdout -----
Job 181365 finished with state: COMPLETED
SOLVER.sbatch executed in 93.19 seconds
----- stdout -----
J_base   = 1.377718529358e-01
J_learn  = 1.377718529358e-01
J_thresh = 1.377718376757e-01
alpha_la = 1.262177448354e-29 | alpha_mu = 1.262177448354e-29
diff     = 1.526017281983e-08
--------------------------------------------------
--- Line Search Iteration 97 ---
----- stdout -----
Submitted SOLVER.sbatch from /usr/users/cea_seism/benede_gio/CEISM-Project/sem3d_config_files -> job 181367
----- stdout -----
Job 181367 finished with state: COMPLETED
SOLVER.sbatch executed in 93.22 seconds
----- stdout -----
J_base   = 1.377718529358e-01
J_learn  = 1.377718529358e-01
J_thresh = 1.377718453057e-01
alpha_la = 6.310887241768e-30 | alpha_mu = 6.310887241768e-30
diff     = 7.630086423793e-09
--------------------------------------------------
--- Line Search Iteration 98 ---
----- stdout -----
Submitted SOLVER.sbatch from /usr/users/cea_seism/benede_gio/CEISM-Project/sem3d_config_files -> job 181368
----- stdout -----
Job 181368 finished with state: COMPLETED
SOLVER.sbatch executed in 93.19 seconds
----- stdout -----
J_base   = 1.377718529358e-01
J_learn  = 1.377718529358e-01
J_thresh = 1.377718491208e-01
alpha_la = 3.155443620884e-30 | alpha_mu = 3.155443620884e-30
diff     = 3.815043198019e-09
--------------------------------------------------
--- Line Search Iteration 99 ---
----- stdout -----
Submitted SOLVER.sbatch from /usr/users/cea_seism/benede_gio/CEISM-Project/sem3d_config_files -> job 181370
----- stdout -----
Job 181370 finished with state: COMPLETED
SOLVER.sbatch executed in 93.24 seconds
----- stdout -----
J_base   = 1.377718529358e-01
J_learn  = 1.377718529358e-01
J_thresh = 1.377718510283e-01
alpha_la = 1.577721810442e-30 | alpha_mu = 1.577721810442e-30
diff     = 1.907521612887e-09
--------------------------------------------------
--- Line Search Iteration 100 ---
----- stdout -----
Submitted SOLVER.sbatch from /usr/users/cea_seism/benede_gio/CEISM-Project/sem3d_config_files -> job 181373
----- stdout -----
Job 181373 finished with state: COMPLETED
SOLVER.sbatch executed in 93.18 seconds
----- stdout -----
J_base   = 1.377718529358e-01
J_learn  = 1.377718529358e-01
J_thresh = 1.377718519821e-01
alpha_la = 7.888609052210e-31 | alpha_mu = 7.888609052210e-31
diff     = 9.537607925658e-10
--------------------------------------------------
--- Line Search Iteration 101 ---
----- stdout -----
Submitted SOLVER.sbatch from /usr/users/cea_seism/benede_gio/CEISM-Project/sem3d_config_files -> job 181374
----- stdout -----
Job 181374 finished with state: COMPLETED
SOLVER.sbatch executed in 93.20 seconds
----- stdout -----
J_base   = 1.377718529358e-01
J_learn  = 1.377718529358e-01
J_thresh = 1.377718524589e-01
alpha_la = 3.944304526105e-31 | alpha_mu = 3.944304526105e-31
diff     = 4.768803962829e-10
--------------------------------------------------
--- Line Search Iteration 102 ---
----- stdout -----
Submitted SOLVER.sbatch from /usr/users/cea_seism/benede_gio/CEISM-Project/sem3d_config_files -> job 181376
----- stdout -----
Job 181376 finished with state: COMPLETED
SOLVER.sbatch executed in 93.19 seconds
----- stdout -----
J_base   = 1.377718529358e-01
J_learn  = 1.377718529358e-01
J_thresh = 1.377718526974e-01
alpha_la = 1.972152263053e-31 | alpha_mu = 1.972152263053e-31
diff     = 2.384402120192e-10
--------------------------------------------------
--- Line Search Iteration 103 ---
----- stdout -----
Submitted SOLVER.sbatch from /usr/users/cea_seism/benede_gio/CEISM-Project/sem3d_config_files -> job 181378
----- stdout -----
Job 181378 finished with state: COMPLETED
SOLVER.sbatch executed in 93.17 seconds
----- stdout -----
J_base   = 1.377718529358e-01
J_learn  = 1.377718529358e-01
J_thresh = 1.377718528166e-01
alpha_la = 9.860761315263e-32 | alpha_mu = 9.860761315263e-32
diff     = 1.192201060096e-10
--------------------------------------------------
--- Line Search Iteration 104 ---
----- stdout -----
Submitted SOLVER.sbatch from /usr/users/cea_seism/benede_gio/CEISM-Project/sem3d_config_files -> job 181379
----- stdout -----
Job 181379 finished with state: COMPLETED
SOLVER.sbatch executed in 93.16 seconds
----- stdout -----
J_base   = 1.377718529358e-01
J_learn  = 1.377718529358e-01
J_thresh = 1.377718528762e-01
alpha_la = 4.930380657631e-32 | alpha_mu = 4.930380657631e-32
diff     = 5.961003912702e-11
--------------------------------------------------
--- Line Search Iteration 105 ---
----- stdout -----
Submitted SOLVER.sbatch from /usr/users/cea_seism/benede_gio/CEISM-Project/sem3d_config_files -> job 181381
----- stdout -----
Job 181381 finished with state: COMPLETED
SOLVER.sbatch executed in 93.17 seconds
----- stdout -----
J_base   = 1.377718529358e-01
J_learn  = 1.377718529358e-01
J_thresh = 1.377718529060e-01
alpha_la = 2.465190328816e-32 | alpha_mu = 2.465190328816e-32
diff     = 2.980501956351e-11
--------------------------------------------------
--- Line Search Iteration 106 ---
----- stdout -----
Submitted SOLVER.sbatch from /usr/users/cea_seism/benede_gio/CEISM-Project/sem3d_config_files -> job 181384
----- stdout -----
Job 181384 finished with state: COMPLETED
SOLVER.sbatch executed in 93.19 seconds
----- stdout -----
J_base   = 1.377718529358e-01
J_learn  = 1.377718529358e-01
J_thresh = 1.377718529209e-01
alpha_la = 1.232595164408e-32 | alpha_mu = 1.232595164408e-32
diff     = 1.490252365954e-11
--------------------------------------------------
--- Line Search Iteration 107 ---
----- stdout -----
Submitted SOLVER.sbatch from /usr/users/cea_seism/benede_gio/CEISM-Project/sem3d_config_files -> job 181385
----- stdout -----
Job 181385 finished with state: COMPLETED
SOLVER.sbatch executed in 93.19 seconds
----- stdout -----
J_base   = 1.377718529358e-01
J_learn  = 1.377718529358e-01
J_thresh = 1.377718529284e-01
alpha_la = 6.162975822039e-33 | alpha_mu = 6.162975822039e-33
diff     = 7.451261829772e-12
--------------------------------------------------
--- Line Search Iteration 108 ---
----- stdout -----
Submitted SOLVER.sbatch from /usr/users/cea_seism/benede_gio/CEISM-Project/sem3d_config_files -> job 181387
----- stdout -----
Job 181387 finished with state: COMPLETED
SOLVER.sbatch executed in 93.18 seconds
----- stdout -----
J_base   = 1.377718529358e-01
J_learn  = 1.377718529358e-01
J_thresh = 1.377718529321e-01
alpha_la = 3.081487911020e-33 | alpha_mu = 3.081487911020e-33
diff     = 3.725630914886e-12
--------------------------------------------------
--- Line Search Iteration 109 ---
----- stdout -----
Submitted SOLVER.sbatch from /usr/users/cea_seism/benede_gio/CEISM-Project/sem3d_config_files -> job 181389
----- stdout -----
Job 181389 finished with state: COMPLETED
SOLVER.sbatch executed in 93.17 seconds
----- stdout -----
J_base   = 1.377718529358e-01
J_learn  = 1.377718529358e-01
J_thresh = 1.377718529340e-01
alpha_la = 1.540743955510e-33 | alpha_mu = 1.540743955510e-33
diff     = 1.862815457443e-12
--------------------------------------------------
--- Line Search Iteration 110 ---
----- stdout -----
Submitted SOLVER.sbatch from /usr/users/cea_seism/benede_gio/CEISM-Project/sem3d_config_files -> job 181390
----- stdout -----
Job 181390 finished with state: COMPLETED
SOLVER.sbatch executed in 93.17 seconds
----- stdout -----
J_base   = 1.377718529358e-01
J_learn  = 1.377718529358e-01
J_thresh = 1.377718529349e-01
alpha_la = 7.703719777549e-34 | alpha_mu = 7.703719777549e-34
diff     = 9.313938509337e-13
--------------------------------------------------
--- Line Search Iteration 111 ---
----- stdout -----
Submitted SOLVER.sbatch from /usr/users/cea_seism/benede_gio/CEISM-Project/sem3d_config_files -> job 181392
----- stdout -----
Job 181392 finished with state: COMPLETED
SOLVER.sbatch executed in 93.19 seconds
----- stdout -----
J_base   = 1.377718529358e-01
J_learn  = 1.377718529358e-01
J_thresh = 1.377718529354e-01
alpha_la = 3.851859888774e-34 | alpha_mu = 3.851859888774e-34
diff     = 4.657108032546e-13
--------------------------------------------------
--- Line Search Iteration 112 ---
----- stdout -----
Submitted SOLVER.sbatch from /usr/users/cea_seism/benede_gio/CEISM-Project/sem3d_config_files -> job 181394
----- stdout -----
Job 181394 finished with state: COMPLETED
SOLVER.sbatch executed in 93.19 seconds
----- stdout -----
J_base   = 1.377718529358e-01
J_learn  = 1.377718529358e-01
J_thresh = 1.377718529356e-01
alpha_la = 1.925929944387e-34 | alpha_mu = 1.925929944387e-34
diff     = 2.328415238395e-13
--------------------------------------------------
--- Line Search Iteration 113 ---
----- stdout -----
Submitted SOLVER.sbatch from /usr/users/cea_seism/benede_gio/CEISM-Project/sem3d_config_files -> job 181395
----- stdout -----
Job 181395 finished with state: COMPLETED
SOLVER.sbatch executed in 93.17 seconds
----- stdout -----
J_base   = 1.377718529358e-01
J_learn  = 1.377718529358e-01
J_thresh = 1.377718529357e-01
alpha_la = 9.629649721936e-35 | alpha_mu = 9.629649721936e-35
diff     = 1.164346397076e-13
--------------------------------------------------
--- Line Search Iteration 114 ---
----- stdout -----
Submitted SOLVER.sbatch from /usr/users/cea_seism/benede_gio/CEISM-Project/sem3d_config_files -> job 181397
----- stdout -----
Job 181397 finished with state: COMPLETED
SOLVER.sbatch executed in 93.20 seconds
----- stdout -----
J_base   = 1.377718529358e-01
J_learn  = 1.377718529358e-01
J_thresh = 1.377718529358e-01
alpha_la = 4.814824860968e-35 | alpha_mu = 4.814824860968e-35
diff     = 5.820344206597e-14
--------------------------------------------------
--- Line Search Iteration 115 ---
----- stdout -----
Submitted SOLVER.sbatch from /usr/users/cea_seism/benede_gio/CEISM-Project/sem3d_config_files -> job 181400
----- stdout -----
Job 181400 finished with state: COMPLETED
SOLVER.sbatch executed in 93.20 seconds
----- stdout -----
J_base   = 1.377718529358e-01
J_learn  = 1.377718529358e-01
J_thresh = 1.377718529358e-01
alpha_la = 2.407412430484e-35 | alpha_mu = 2.407412430484e-35
diff     = 2.911559882079e-14
--------------------------------------------------
--- Line Search Iteration 116 ---
----- stdout -----
Submitted SOLVER.sbatch from /usr/users/cea_seism/benede_gio/CEISM-Project/sem3d_config_files -> job 181401
----- stdout -----
Job 181401 finished with state: COMPLETED
SOLVER.sbatch executed in 93.20 seconds
----- stdout -----
J_base   = 1.377718529358e-01
J_learn  = 1.377718529358e-01
J_thresh = 1.377718529358e-01
alpha_la = 1.203706215242e-35 | alpha_mu = 1.203706215242e-35
diff     = 1.454392162259e-14
--------------------------------------------------
--- Line Search Iteration 117 ---
----- stdout -----
Submitted SOLVER.sbatch from /usr/users/cea_seism/benede_gio/CEISM-Project/sem3d_config_files -> job 181403
----- stdout -----
Job 181403 finished with state: COMPLETED
SOLVER.sbatch executed in 93.19 seconds
----- stdout -----
J_base   = 1.377718529358e-01
J_learn  = 1.377718529358e-01
J_thresh = 1.377718529358e-01
alpha_la = 6.018531076210e-36 | alpha_mu = 6.018531076210e-36
diff     = 7.271960811295e-15
--------------------------------------------------
--- Line Search Iteration 118 ---
----- stdout -----
Submitted SOLVER.sbatch from /usr/users/cea_seism/benede_gio/CEISM-Project/sem3d_config_files -> job 181405
----- stdout -----
Job 181405 finished with state: COMPLETED
SOLVER.sbatch executed in 93.20 seconds
----- stdout -----
J_base   = 1.377718529358e-01
J_learn  = 1.377718529358e-01
J_thresh = 1.377718529358e-01
alpha_la = 3.009265538105e-36 | alpha_mu = 3.009265538105e-36
diff     = 3.635980405647e-15
--------------------------------------------------
--- Line Search Iteration 119 ---
----- stdout -----
Submitted SOLVER.sbatch from /usr/users/cea_seism/benede_gio/CEISM-Project/sem3d_config_files -> job 181406
----- stdout -----
Job 181406 finished with state: COMPLETED
SOLVER.sbatch executed in 93.19 seconds
----- stdout -----
J_base   = 1.377718529358e-01
J_learn  = 1.377718529358e-01
J_thresh = 1.377718529358e-01
alpha_la = 1.504632769053e-36 | alpha_mu = 1.504632769053e-36
diff     = 1.831867990632e-15
--------------------------------------------------
--- Line Search Iteration 120 ---
----- stdout -----
Submitted SOLVER.sbatch from /usr/users/cea_seism/benede_gio/CEISM-Project/sem3d_config_files -> job 181408
----- stdout -----
Job 181408 finished with state: COMPLETED
SOLVER.sbatch executed in 93.19 seconds
----- stdout -----
J_base   = 1.377718529358e-01
J_learn  = 1.377718529358e-01
J_thresh = 1.377718529358e-01
alpha_la = 7.523163845263e-37 | alpha_mu = 7.523163845263e-37
diff     = 9.159339953158e-16
--------------------------------------------------
--- Line Search Iteration 121 ---
----- stdout -----
Submitted SOLVER.sbatch from /usr/users/cea_seism/benede_gio/CEISM-Project/sem3d_config_files -> job 181410
----- stdout -----
Job 181410 finished with state: COMPLETED
SOLVER.sbatch executed in 93.20 seconds
----- stdout -----
J_base   = 1.377718529358e-01
J_learn  = 1.377718529358e-01
J_thresh = 1.377718529358e-01
alpha_la = 3.761581922631e-37 | alpha_mu = 3.761581922631e-37
diff     = 4.440892098501e-16
--------------------------------------------------
--- Line Search Iteration 122 ---
----- stdout -----
Submitted SOLVER.sbatch from /usr/users/cea_seism/benede_gio/CEISM-Project/sem3d_config_files -> job 181411
----- stdout -----
Job 181411 finished with state: COMPLETED
SOLVER.sbatch executed in 93.20 seconds
----- stdout -----
J_base   = 1.377718529358e-01
J_learn  = 1.377718529358e-01
J_thresh = 1.377718529358e-01
alpha_la = 1.880790961316e-37 | alpha_mu = 1.880790961316e-37
diff     = 2.220446049250e-16
--------------------------------------------------
--- Line Search Iteration 123 ---
----- stdout -----
Submitted SOLVER.sbatch from /usr/users/cea_seism/benede_gio/CEISM-Project/sem3d_config_files -> job 181413
----- stdout -----
Job 181413 finished with state: COMPLETED
SOLVER.sbatch executed in 93.19 seconds
----- stdout -----
J_base   = 1.377718529358e-01
J_learn  = 1.377718529358e-01
J_thresh = 1.377718529358e-01
alpha_la = 9.403954806578e-38 | alpha_mu = 9.403954806578e-38
diff     = 1.110223024625e-16
--------------------------------------------------
--- Line Search Iteration 124 ---
----- stdout -----
Submitted SOLVER.sbatch from /usr/users/cea_seism/benede_gio/CEISM-Project/sem3d_config_files -> job 181415
----- stdout -----
Job 181415 finished with state: COMPLETED
SOLVER.sbatch executed in 93.20 seconds
----- stdout -----
J_base   = 1.377718529358e-01
J_learn  = 1.377718529358e-01
J_thresh = 1.377718529358e-01
alpha_la = 4.701977403289e-38 | alpha_mu = 4.701977403289e-38
diff     = 5.551115123126e-17
--------------------------------------------------
--- Line Search Iteration 125 ---
----- stdout -----
Submitted SOLVER.sbatch from /usr/users/cea_seism/benede_gio/CEISM-Project/sem3d_config_files -> job 181416
----- stdout -----
Job 181416 finished with state: COMPLETED
SOLVER.sbatch executed in 93.20 seconds
----- stdout -----
J_base   = 1.377718529358e-01
J_learn  = 1.377718529358e-01
J_thresh = 1.377718529358e-01
alpha_la = 2.350988701645e-38 | alpha_mu = 2.350988701645e-38
diff     = 2.775557561563e-17
--------------------------------------------------
--- Line Search Iteration 126 ---
----- stdout -----
Submitted SOLVER.sbatch from /usr/users/cea_seism/benede_gio/CEISM-Project/sem3d_config_files -> job 181418
----- stdout -----
Job 181418 finished with state: COMPLETED
SOLVER.sbatch executed in 93.19 seconds
----- stdout -----
J_base   = 1.377718529358e-01
J_learn  = 1.377718529358e-01
J_thresh = 1.377718529358e-01
alpha_la = 1.175494350822e-38 | alpha_mu = 1.175494350822e-38
diff     = 2.775557561563e-17
--------------------------------------------------
--- Line Search Iteration 127 ---
----- stdout -----
Submitted SOLVER.sbatch from /usr/users/cea_seism/benede_gio/CEISM-Project/sem3d_config_files -> job 181420
----- stdout -----
Job 181420 finished with state: COMPLETED
SOLVER.sbatch executed in 93.20 seconds
----- stdout -----
J_base   = 1.377718529358e-01
J_learn  = 1.377718529358e-01
J_thresh = 1.377718529358e-01
alpha_la = 5.877471754111e-39 | alpha_mu = 5.877471754111e-39
diff     = 0.000000000000e+00
--------------------------------------------------
--- Line Search Iteration 128 ---
----- stdout -----
Submitted SOLVER.sbatch from /usr/users/cea_seism/benede_gio/CEISM-Project/sem3d_config_files -> job 181421
----- stdout -----
Job 181421 finished with state: COMPLETED
SOLVER.sbatch executed in 93.19 seconds
----- stdout -----
J_base   = 1.377718529358e-01
J_learn  = 1.377718529358e-01
J_thresh = 1.377718529358e-01
alpha_la = 2.938735877056e-39 | alpha_mu = 2.938735877056e-39
diff     = 0.000000000000e+00
--------------------------------------------------
--- Line Search Iteration 129 ---
----- stdout -----
Submitted SOLVER.sbatch from /usr/users/cea_seism/benede_gio/CEISM-Project/sem3d_config_files -> job 181424
----- stdout -----
Job 181424 finished with state: COMPLETED
SOLVER.sbatch executed in 93.19 seconds
----- stdout -----
J_base   = 1.377718529358e-01
J_learn  = 1.377718529358e-01
J_thresh = 1.377718529358e-01
alpha_la = 1.469367938528e-39 | alpha_mu = 1.469367938528e-39
diff     = 0.000000000000e+00
--------------------------------------------------
--- Line Search Iteration 130 ---
----- stdout -----
Submitted SOLVER.sbatch from /usr/users/cea_seism/benede_gio/CEISM-Project/sem3d_config_files -> job 181426
----- stdout -----
Job 181426 finished with state: COMPLETED
SOLVER.sbatch executed in 93.19 seconds
----- stdout -----
J_base   = 1.377718529358e-01
J_learn  = 1.377718529358e-01
J_thresh = 1.377718529358e-01
alpha_la = 7.346839692639e-40 | alpha_mu = 7.346839692639e-40
diff     = 0.000000000000e+00
--------------------------------------------------
--- Line Search Iteration 131 ---
----- stdout -----
Submitted SOLVER.sbatch from /usr/users/cea_seism/benede_gio/CEISM-Project/sem3d_config_files -> job 181427
----- stdout -----
Job 181427 finished with state: COMPLETED
SOLVER.sbatch executed in 93.19 seconds
----- stdout -----
J_base   = 1.377718529358e-01
J_learn  = 1.377718529358e-01
J_thresh = 1.377718529358e-01
alpha_la = 3.673419846320e-40 | alpha_mu = 3.673419846320e-40
diff     = 0.000000000000e+00
--------------------------------------------------
--- Line Search Iteration 132 ---
----- stdout -----
Submitted SOLVER.sbatch from /usr/users/cea_seism/benede_gio/CEISM-Project/sem3d_config_files -> job 181429
----- stdout -----
Job 181429 finished with state: COMPLETED
SOLVER.sbatch executed in 108.44 seconds
----- stdout -----
J_base   = 1.377718529358e-01
J_learn  = 1.377718529358e-01
J_thresh = 1.377718529358e-01
alpha_la = 1.836709923160e-40 | alpha_mu = 1.836709923160e-40
diff     = 0.000000000000e+00
--------------------------------------------------
--- Line Search Iteration 133 ---
----- stdout -----
Submitted SOLVER.sbatch from /usr/users/cea_seism/benede_gio/CEISM-Project/sem3d_config_files -> job 181431
----- stdout -----
Job 181431 finished with state: COMPLETED
SOLVER.sbatch executed in 93.20 seconds
----- stdout -----
J_base   = 1.377718529358e-01
J_learn  = 1.377718529358e-01
J_thresh = 1.377718529358e-01
alpha_la = 9.183549615799e-41 | alpha_mu = 9.183549615799e-41
diff     = 0.000000000000e+00
--------------------------------------------------
--- Line Search Iteration 134 ---
----- stdout -----
Submitted SOLVER.sbatch from /usr/users/cea_seism/benede_gio/CEISM-Project/sem3d_config_files -> job 181432
----- stdout -----
Job 181432 finished with state: COMPLETED
SOLVER.sbatch executed in 93.19 seconds
----- stdout -----
J_base   = 1.377718529358e-01
J_learn  = 1.377718529358e-01
J_thresh = 1.377718529358e-01
alpha_la = 4.591774807900e-41 | alpha_mu = 4.591774807900e-41
diff     = 0.000000000000e+00
--------------------------------------------------
--- Line Search Iteration 135 ---
----- stdout -----
Submitted SOLVER.sbatch from /usr/users/cea_seism/benede_gio/CEISM-Project/sem3d_config_files -> job 181434
----- stdout -----
Job 181434 finished with state: COMPLETED
SOLVER.sbatch executed in 93.18 seconds
----- stdout -----
J_base   = 1.377718529358e-01
J_learn  = 1.377718529358e-01
J_thresh = 1.377718529358e-01
alpha_la = 2.295887403950e-41 | alpha_mu = 2.295887403950e-41
diff     = 0.000000000000e+00
--------------------------------------------------
--- Line Search Iteration 136 ---
----- stdout -----
Submitted SOLVER.sbatch from /usr/users/cea_seism/benede_gio/CEISM-Project/sem3d_config_files -> job 181436
----- stdout -----
Job 181436 finished with state: COMPLETED
SOLVER.sbatch executed in 93.19 seconds
----- stdout -----
J_base   = 1.377718529358e-01
J_learn  = 1.377718529358e-01
J_thresh = 1.377718529358e-01
alpha_la = 1.147943701975e-41 | alpha_mu = 1.147943701975e-41
diff     = 0.000000000000e+00
--------------------------------------------------
--- Line Search Iteration 137 ---
----- stdout -----
Submitted SOLVER.sbatch from /usr/users/cea_seism/benede_gio/CEISM-Project/sem3d_config_files -> job 181437
----- stdout -----
Job 181437 finished with state: COMPLETED
SOLVER.sbatch executed in 93.20 seconds
----- stdout -----
J_base   = 1.377718529358e-01
J_learn  = 1.377718529358e-01
J_thresh = 1.377718529358e-01
alpha_la = 5.739718509874e-42 | alpha_mu = 5.739718509874e-42
diff     = 0.000000000000e+00
--------------------------------------------------
--- Line Search Iteration 138 ---
----- stdout -----
Submitted SOLVER.sbatch from /usr/users/cea_seism/benede_gio/CEISM-Project/sem3d_config_files -> job 181439
----- stdout -----
Job 181439 finished with state: COMPLETED
SOLVER.sbatch executed in 93.19 seconds
----- stdout -----
J_base   = 1.377718529358e-01
J_learn  = 1.377718529358e-01
J_thresh = 1.377718529358e-01
alpha_la = 2.869859254937e-42 | alpha_mu = 2.869859254937e-42
diff     = 0.000000000000e+00
--------------------------------------------------
--- Line Search Iteration 139 ---
----- stdout -----
Submitted SOLVER.sbatch from /usr/users/cea_seism/benede_gio/CEISM-Project/sem3d_config_files -> job 181441
----- stdout -----
Job 181441 finished with state: COMPLETED
SOLVER.sbatch executed in 93.20 seconds
----- stdout -----
J_base   = 1.377718529358e-01
J_learn  = 1.377718529358e-01
J_thresh = 1.377718529358e-01
alpha_la = 1.434929627469e-42 | alpha_mu = 1.434929627469e-42
diff     = 0.000000000000e+00
--------------------------------------------------
--- Line Search Iteration 140 ---
----- stdout -----
Submitted SOLVER.sbatch from /usr/users/cea_seism/benede_gio/CEISM-Project/sem3d_config_files -> job 181442
----- stdout -----
Job 181442 finished with state: COMPLETED
SOLVER.sbatch executed in 93.19 seconds
----- stdout -----
J_base   = 1.377718529358e-01
J_learn  = 1.377718529358e-01
J_thresh = 1.377718529358e-01
alpha_la = 7.174648137343e-43 | alpha_mu = 7.174648137343e-43
diff     = 0.000000000000e+00
--------------------------------------------------
--- Line Search Iteration 141 ---
----- stdout -----
Submitted SOLVER.sbatch from /usr/users/cea_seism/benede_gio/CEISM-Project/sem3d_config_files -> job 181444
----- stdout -----
Job 181444 finished with state: COMPLETED
SOLVER.sbatch executed in 93.19 seconds
----- stdout -----
J_base   = 1.377718529358e-01
J_learn  = 1.377718529358e-01
J_thresh = 1.377718529358e-01
alpha_la = 3.587324068672e-43 | alpha_mu = 3.587324068672e-43
diff     = 0.000000000000e+00
--------------------------------------------------
--- Line Search Iteration 142 ---
----- stdout -----
Submitted SOLVER.sbatch from /usr/users/cea_seism/benede_gio/CEISM-Project/sem3d_config_files -> job 181446
----- stdout -----
Job 181446 finished with state: COMPLETED
SOLVER.sbatch executed in 93.19 seconds
----- stdout -----
J_base   = 1.377718529358e-01
J_learn  = 1.377718529358e-01
J_thresh = 1.377718529358e-01
alpha_la = 1.793662034336e-43 | alpha_mu = 1.793662034336e-43
diff     = 0.000000000000e+00
--------------------------------------------------
--- Line Search Iteration 143 ---
----- stdout -----
Submitted SOLVER.sbatch from /usr/users/cea_seism/benede_gio/CEISM-Project/sem3d_config_files -> job 181448
----- stdout -----
Job 181448 finished with state: COMPLETED
SOLVER.sbatch executed in 93.19 seconds
----- stdout -----
J_base   = 1.377718529358e-01
J_learn  = 1.377718529358e-01
J_thresh = 1.377718529358e-01
alpha_la = 8.968310171679e-44 | alpha_mu = 8.968310171679e-44
diff     = 0.000000000000e+00
--------------------------------------------------
--- Line Search Iteration 144 ---
----- stdout -----
Submitted SOLVER.sbatch from /usr/users/cea_seism/benede_gio/CEISM-Project/sem3d_config_files -> job 181450
----- stdout -----
Job 181450 finished with state: COMPLETED
SOLVER.sbatch executed in 93.19 seconds
----- stdout -----
J_base   = 1.377718529358e-01
J_learn  = 1.377718529358e-01
J_thresh = 1.377718529358e-01
alpha_la = 4.484155085839e-44 | alpha_mu = 4.484155085839e-44
diff     = 0.000000000000e+00
--------------------------------------------------
--- Line Search Iteration 145 ---
----- stdout -----
Submitted SOLVER.sbatch from /usr/users/cea_seism/benede_gio/CEISM-Project/sem3d_config_files -> job 181452
----- stdout -----
Job 181452 finished with state: COMPLETED
SOLVER.sbatch executed in 93.19 seconds
----- stdout -----
J_base   = 1.377718529358e-01
J_learn  = 1.377718529358e-01
J_thresh = 1.377718529358e-01
alpha_la = 2.242077542920e-44 | alpha_mu = 2.242077542920e-44
diff     = 0.000000000000e+00
--------------------------------------------------
--- Line Search Iteration 146 ---
----- stdout -----
Submitted SOLVER.sbatch from /usr/users/cea_seism/benede_gio/CEISM-Project/sem3d_config_files -> job 181453
----- stdout -----
Job 181453 finished with state: COMPLETED
SOLVER.sbatch executed in 93.20 seconds
----- stdout -----
J_base   = 1.377718529358e-01
J_learn  = 1.377718529358e-01
J_thresh = 1.377718529358e-01
alpha_la = 1.121038771460e-44 | alpha_mu = 1.121038771460e-44
diff     = 0.000000000000e+00
--------------------------------------------------
--- Line Search Iteration 147 ---
----- stdout -----
Submitted SOLVER.sbatch from /usr/users/cea_seism/benede_gio/CEISM-Project/sem3d_config_files -> job 181455
----- stdout -----
Job 181455 finished with state: COMPLETED
SOLVER.sbatch executed in 93.20 seconds
----- stdout -----
J_base   = 1.377718529358e-01
J_learn  = 1.377718529358e-01
J_thresh = 1.377718529358e-01
alpha_la = 5.605193857299e-45 | alpha_mu = 5.605193857299e-45
diff     = 0.000000000000e+00
--------------------------------------------------
--- Line Search Iteration 148 ---
----- stdout -----
Submitted SOLVER.sbatch from /usr/users/cea_seism/benede_gio/CEISM-Project/sem3d_config_files -> job 181457
----- stdout -----
Job 181457 finished with state: COMPLETED
SOLVER.sbatch executed in 93.18 seconds
----- stdout -----
J_base   = 1.377718529358e-01
J_learn  = 1.377718529358e-01
J_thresh = 1.377718529358e-01
alpha_la = 2.802596928650e-45 | alpha_mu = 2.802596928650e-45
diff     = 0.000000000000e+00
--------------------------------------------------
--- Line Search Iteration 149 ---
----- stdout -----
Submitted SOLVER.sbatch from /usr/users/cea_seism/benede_gio/CEISM-Project/sem3d_config_files -> job 181458
----- stdout -----
Job 181458 finished with state: COMPLETED
SOLVER.sbatch executed in 93.19 seconds
----- stdout -----
J_base   = 1.377718529358e-01
J_learn  = 1.377718529358e-01
J_thresh = 1.377718529358e-01
alpha_la = 1.401298464325e-45 | alpha_mu = 1.401298464325e-45
diff     = 0.000000000000e+00
--------------------------------------------------
--- Line Search Iteration 150 ---
----- stdout -----
Submitted SOLVER.sbatch from /usr/users/cea_seism/benede_gio/CEISM-Project/sem3d_config_files -> job 181460
----- stdout -----
Job 181460 finished with state: COMPLETED
SOLVER.sbatch executed in 93.18 seconds
----- stdout -----
J_base   = 1.377718529358e-01
J_learn  = 1.377718529358e-01
J_thresh = 1.377718529358e-01
alpha_la = 7.006492321624e-46 | alpha_mu = 7.006492321624e-46
diff     = 0.000000000000e+00
--------------------------------------------------
--- Line Search Iteration 151 ---
----- stdout -----
Submitted SOLVER.sbatch from /usr/users/cea_seism/benede_gio/CEISM-Project/sem3d_config_files -> job 181462
----- stdout -----
Job 181462 finished with state: COMPLETED
SOLVER.sbatch executed in 93.20 seconds
----- stdout -----
J_base   = 1.377718529358e-01
J_learn  = 1.377718529358e-01
J_thresh = 1.377718529358e-01
alpha_la = 3.503246160812e-46 | alpha_mu = 3.503246160812e-46
diff     = 0.000000000000e+00
--------------------------------------------------
--- Line Search Iteration 152 ---
----- stdout -----
Submitted SOLVER.sbatch from /usr/users/cea_seism/benede_gio/CEISM-Project/sem3d_config_files -> job 181463
----- stdout -----
Job 181463 finished with state: COMPLETED
SOLVER.sbatch executed in 93.17 seconds
----- stdout -----
J_base   = 1.377718529358e-01
J_learn  = 1.377718529358e-01
J_thresh = 1.377718529358e-01
alpha_la = 1.751623080406e-46 | alpha_mu = 1.751623080406e-46
diff     = 0.000000000000e+00
--------------------------------------------------
--- Line Search Iteration 153 ---
----- stdout -----
Submitted SOLVER.sbatch from /usr/users/cea_seism/benede_gio/CEISM-Project/sem3d_config_files -> job 181465
----- stdout -----
Job 181465 finished with state: COMPLETED
SOLVER.sbatch executed in 93.18 seconds
----- stdout -----
J_base   = 1.377718529358e-01
J_learn  = 1.377718529358e-01
J_thresh = 1.377718529358e-01
alpha_la = 8.758115402030e-47 | alpha_mu = 8.758115402030e-47
diff     = 0.000000000000e+00
--------------------------------------------------
--- Line Search Iteration 154 ---
----- stdout -----
Submitted SOLVER.sbatch from /usr/users/cea_seism/benede_gio/CEISM-Project/sem3d_config_files -> job 181467
----- stdout -----
Job 181467 finished with state: COMPLETED
SOLVER.sbatch executed in 93.20 seconds
----- stdout -----
J_base   = 1.377718529358e-01
J_learn  = 1.377718529358e-01
J_thresh = 1.377718529358e-01
alpha_la = 4.379057701015e-47 | alpha_mu = 4.379057701015e-47
diff     = 0.000000000000e+00
--------------------------------------------------
--- Line Search Iteration 155 ---
----- stdout -----
Submitted SOLVER.sbatch from /usr/users/cea_seism/benede_gio/CEISM-Project/sem3d_config_files -> job 181469
----- stdout -----
Job 181469 finished with state: COMPLETED
SOLVER.sbatch executed in 93.20 seconds
----- stdout -----
J_base   = 1.377718529358e-01
J_learn  = 1.377718529358e-01
J_thresh = 1.377718529358e-01
alpha_la = 2.189528850508e-47 | alpha_mu = 2.189528850508e-47
diff     = 0.000000000000e+00
--------------------------------------------------
--- Line Search Iteration 156 ---
----- stdout -----
Submitted SOLVER.sbatch from /usr/users/cea_seism/benede_gio/CEISM-Project/sem3d_config_files -> job 181470
----- stdout -----
Job 181470 finished with state: COMPLETED
SOLVER.sbatch executed in 93.20 seconds
----- stdout -----
J_base   = 1.377718529358e-01
J_learn  = 1.377718529358e-01
J_thresh = 1.377718529358e-01
alpha_la = 1.094764425254e-47 | alpha_mu = 1.094764425254e-47
diff     = 0.000000000000e+00
--------------------------------------------------
--- Line Search Iteration 157 ---
----- stdout -----
Submitted SOLVER.sbatch from /usr/users/cea_seism/benede_gio/CEISM-Project/sem3d_config_files -> job 181473
----- stdout -----
Job 181473 finished with state: COMPLETED
SOLVER.sbatch executed in 93.21 seconds
----- stdout -----
J_base   = 1.377718529358e-01
J_learn  = 1.377718529358e-01
J_thresh = 1.377718529358e-01
alpha_la = 5.473822126269e-48 | alpha_mu = 5.473822126269e-48
diff     = 0.000000000000e+00
--------------------------------------------------
--- Line Search Iteration 158 ---
----- stdout -----
Submitted SOLVER.sbatch from /usr/users/cea_seism/benede_gio/CEISM-Project/sem3d_config_files -> job 181475
----- stdout -----
Job 181475 finished with state: COMPLETED
SOLVER.sbatch executed in 93.18 seconds
----- stdout -----
J_base   = 1.377718529358e-01
J_learn  = 1.377718529358e-01
J_thresh = 1.377718529358e-01
alpha_la = 2.736911063134e-48 | alpha_mu = 2.736911063134e-48
diff     = 0.000000000000e+00
--------------------------------------------------
--- Line Search Iteration 159 ---
----- stdout -----
Submitted SOLVER.sbatch from /usr/users/cea_seism/benede_gio/CEISM-Project/sem3d_config_files -> job 181476
----- stdout -----
Job 181476 finished with state: COMPLETED
SOLVER.sbatch executed in 93.19 seconds
----- stdout -----
J_base   = 1.377718529358e-01
J_learn  = 1.377718529358e-01
J_thresh = 1.377718529358e-01
alpha_la = 1.368455531567e-48 | alpha_mu = 1.368455531567e-48
diff     = 0.000000000000e+00
--------------------------------------------------
--- Line Search Iteration 160 ---
----- stdout -----
Submitted SOLVER.sbatch from /usr/users/cea_seism/benede_gio/CEISM-Project/sem3d_config_files -> job 181478
----- stdout -----
Job 181478 finished with state: COMPLETED
SOLVER.sbatch executed in 93.19 seconds
----- stdout -----
J_base   = 1.377718529358e-01
J_learn  = 1.377718529358e-01
J_thresh = 1.377718529358e-01
alpha_la = 6.842277657836e-49 | alpha_mu = 6.842277657836e-49
diff     = 0.000000000000e+00
--------------------------------------------------
--- Line Search Iteration 161 ---
----- stdout -----
Submitted SOLVER.sbatch from /usr/users/cea_seism/benede_gio/CEISM-Project/sem3d_config_files -> job 181480
----- stdout -----
Job 181480 finished with state: COMPLETED
SOLVER.sbatch executed in 93.19 seconds
----- stdout -----
J_base   = 1.377718529358e-01
J_learn  = 1.377718529358e-01
J_thresh = 1.377718529358e-01
alpha_la = 3.421138828918e-49 | alpha_mu = 3.421138828918e-49
diff     = 0.000000000000e+00
--------------------------------------------------
--- Line Search Iteration 162 ---
----- stdout -----
Submitted SOLVER.sbatch from /usr/users/cea_seism/benede_gio/CEISM-Project/sem3d_config_files -> job 181481
----- stdout -----
Job 181481 finished with state: COMPLETED
SOLVER.sbatch executed in 93.18 seconds
----- stdout -----
J_base   = 1.377718529358e-01
J_learn  = 1.377718529358e-01
J_thresh = 1.377718529358e-01
alpha_la = 1.710569414459e-49 | alpha_mu = 1.710569414459e-49
diff     = 0.000000000000e+00
--------------------------------------------------
--- Line Search Iteration 163 ---
----- stdout -----
Submitted SOLVER.sbatch from /usr/users/cea_seism/benede_gio/CEISM-Project/sem3d_config_files -> job 181483
----- stdout -----
Job 181483 finished with state: COMPLETED
SOLVER.sbatch executed in 93.20 seconds
----- stdout -----
J_base   = 1.377718529358e-01
J_learn  = 1.377718529358e-01
J_thresh = 1.377718529358e-01
alpha_la = 8.552847072295e-50 | alpha_mu = 8.552847072295e-50
diff     = 0.000000000000e+00
--------------------------------------------------
--- Line Search Iteration 164 ---
----- stdout -----
Submitted SOLVER.sbatch from /usr/users/cea_seism/benede_gio/CEISM-Project/sem3d_config_files -> job 181485
----- stdout -----
Job 181485 finished with state: COMPLETED
SOLVER.sbatch executed in 93.19 seconds
----- stdout -----
J_base   = 1.377718529358e-01
J_learn  = 1.377718529358e-01
J_thresh = 1.377718529358e-01
alpha_la = 4.276423536148e-50 | alpha_mu = 4.276423536148e-50
diff     = 0.000000000000e+00
--------------------------------------------------
--- Line Search Iteration 165 ---
----- stdout -----
Submitted SOLVER.sbatch from /usr/users/cea_seism/benede_gio/CEISM-Project/sem3d_config_files -> job 181486
----- stdout -----
Job 181486 finished with state: COMPLETED
SOLVER.sbatch executed in 93.20 seconds
----- stdout -----
J_base   = 1.377718529358e-01
J_learn  = 1.377718529358e-01
J_thresh = 1.377718529358e-01
alpha_la = 2.138211768074e-50 | alpha_mu = 2.138211768074e-50
diff     = 0.000000000000e+00
--------------------------------------------------
--- Line Search Iteration 166 ---
----- stdout -----
Submitted SOLVER.sbatch from /usr/users/cea_seism/benede_gio/CEISM-Project/sem3d_config_files -> job 181488
----- stdout -----
Job 181488 finished with state: COMPLETED
SOLVER.sbatch executed in 93.19 seconds
----- stdout -----
J_base   = 1.377718529358e-01
J_learn  = 1.377718529358e-01
J_thresh = 1.377718529358e-01
alpha_la = 1.069105884037e-50 | alpha_mu = 1.069105884037e-50
diff     = 0.000000000000e+00
--------------------------------------------------
--- Line Search Iteration 167 ---
----- stdout -----
Submitted SOLVER.sbatch from /usr/users/cea_seism/benede_gio/CEISM-Project/sem3d_config_files -> job 181490
----- stdout -----
Job 181490 finished with state: COMPLETED
SOLVER.sbatch executed in 93.19 seconds
----- stdout -----
J_base   = 1.377718529358e-01
J_learn  = 1.377718529358e-01
J_thresh = 1.377718529358e-01
alpha_la = 5.345529420184e-51 | alpha_mu = 5.345529420184e-51
diff     = 0.000000000000e+00
--------------------------------------------------
--- Line Search Iteration 168 ---
----- stdout -----
Submitted SOLVER.sbatch from /usr/users/cea_seism/benede_gio/CEISM-Project/sem3d_config_files -> job 181491
----- stdout -----
Job 181491 finished with state: COMPLETED
SOLVER.sbatch executed in 93.19 seconds
----- stdout -----
J_base   = 1.377718529358e-01
J_learn  = 1.377718529358e-01
J_thresh = 1.377718529358e-01
alpha_la = 2.672764710092e-51 | alpha_mu = 2.672764710092e-51
diff     = 0.000000000000e+00
--------------------------------------------------
--- Line Search Iteration 169 ---
----- stdout -----
Submitted SOLVER.sbatch from /usr/users/cea_seism/benede_gio/CEISM-Project/sem3d_config_files -> job 181493
----- stdout -----
Job 181493 finished with state: COMPLETED
SOLVER.sbatch executed in 93.20 seconds
----- stdout -----
J_base   = 1.377718529358e-01
J_learn  = 1.377718529358e-01
J_thresh = 1.377718529358e-01
alpha_la = 1.336382355046e-51 | alpha_mu = 1.336382355046e-51
diff     = 0.000000000000e+00
--------------------------------------------------
--- Line Search Iteration 170 ---
----- stdout -----
Submitted SOLVER.sbatch from /usr/users/cea_seism/benede_gio/CEISM-Project/sem3d_config_files -> job 181496
----- stdout -----
Job 181496 finished with state: COMPLETED
SOLVER.sbatch executed in 93.19 seconds
----- stdout -----
J_base   = 1.377718529358e-01
J_learn  = 1.377718529358e-01
J_thresh = 1.377718529358e-01
alpha_la = 6.681911775230e-52 | alpha_mu = 6.681911775230e-52
diff     = 0.000000000000e+00
--------------------------------------------------
--- Line Search Iteration 171 ---
----- stdout -----
Submitted SOLVER.sbatch from /usr/users/cea_seism/benede_gio/CEISM-Project/sem3d_config_files -> job 181497
----- stdout -----
Job 181497 finished with state: COMPLETED
SOLVER.sbatch executed in 93.19 seconds
----- stdout -----
J_base   = 1.377718529358e-01
J_learn  = 1.377718529358e-01
J_thresh = 1.377718529358e-01
alpha_la = 3.340955887615e-52 | alpha_mu = 3.340955887615e-52
diff     = 0.000000000000e+00
--------------------------------------------------
--- Line Search Iteration 172 ---
----- stdout -----
Submitted SOLVER.sbatch from /usr/users/cea_seism/benede_gio/CEISM-Project/sem3d_config_files -> job 181500
----- stdout -----
Job 181500 finished with state: COMPLETED
SOLVER.sbatch executed in 93.19 seconds
----- stdout -----
J_base   = 1.377718529358e-01
J_learn  = 1.377718529358e-01
J_thresh = 1.377718529358e-01
alpha_la = 1.670477943808e-52 | alpha_mu = 1.670477943808e-52
diff     = 0.000000000000e+00
--------------------------------------------------
--- Line Search Iteration 173 ---
----- stdout -----
Submitted SOLVER.sbatch from /usr/users/cea_seism/benede_gio/CEISM-Project/sem3d_config_files -> job 181502
----- stdout -----
Job 181502 finished with state: COMPLETED
SOLVER.sbatch executed in 93.19 seconds
----- stdout -----
J_base   = 1.377718529358e-01
J_learn  = 1.377718529358e-01
J_thresh = 1.377718529358e-01
alpha_la = 8.352389719038e-53 | alpha_mu = 8.352389719038e-53
diff     = 0.000000000000e+00
--------------------------------------------------
--- Line Search Iteration 174 ---
----- stdout -----
Submitted SOLVER.sbatch from /usr/users/cea_seism/benede_gio/CEISM-Project/sem3d_config_files -> job 181503
----- stdout -----
Job 181503 finished with state: COMPLETED
SOLVER.sbatch executed in 93.18 seconds
----- stdout -----
J_base   = 1.377718529358e-01
J_learn  = 1.377718529358e-01
J_thresh = 1.377718529358e-01
alpha_la = 4.176194859519e-53 | alpha_mu = 4.176194859519e-53
diff     = 0.000000000000e+00
--------------------------------------------------
--- Line Search Iteration 175 ---
----- stdout -----
Submitted SOLVER.sbatch from /usr/users/cea_seism/benede_gio/CEISM-Project/sem3d_config_files -> job 181505
----- stdout -----
Job 181505 finished with state: COMPLETED
SOLVER.sbatch executed in 93.20 seconds
----- stdout -----
J_base   = 1.377718529358e-01
J_learn  = 1.377718529358e-01
J_thresh = 1.377718529358e-01
alpha_la = 2.088097429760e-53 | alpha_mu = 2.088097429760e-53
diff     = 0.000000000000e+00
--------------------------------------------------
--- Line Search Iteration 176 ---
----- stdout -----
Submitted SOLVER.sbatch from /usr/users/cea_seism/benede_gio/CEISM-Project/sem3d_config_files -> job 181507
----- stdout -----
Job 181507 finished with state: COMPLETED
SOLVER.sbatch executed in 93.19 seconds
----- stdout -----
J_base   = 1.377718529358e-01
J_learn  = 1.377718529358e-01
J_thresh = 1.377718529358e-01
alpha_la = 1.044048714880e-53 | alpha_mu = 1.044048714880e-53
diff     = 0.000000000000e+00
--------------------------------------------------
--- Line Search Iteration 177 ---
----- stdout -----
Submitted SOLVER.sbatch from /usr/users/cea_seism/benede_gio/CEISM-Project/sem3d_config_files -> job 181508
----- stdout -----
Job 181508 finished with state: COMPLETED
SOLVER.sbatch executed in 93.19 seconds
----- stdout -----
J_base   = 1.377718529358e-01
J_learn  = 1.377718529358e-01
J_thresh = 1.377718529358e-01
alpha_la = 5.220243574399e-54 | alpha_mu = 5.220243574399e-54
diff     = 0.000000000000e+00
--------------------------------------------------
--- Line Search Iteration 178 ---
----- stdout -----
Submitted SOLVER.sbatch from /usr/users/cea_seism/benede_gio/CEISM-Project/sem3d_config_files -> job 181510
----- stdout -----
Job 181510 finished with state: COMPLETED
SOLVER.sbatch executed in 93.20 seconds
----- stdout -----
J_base   = 1.377718529358e-01
J_learn  = 1.377718529358e-01
J_thresh = 1.377718529358e-01
alpha_la = 2.610121787199e-54 | alpha_mu = 2.610121787199e-54
diff     = 0.000000000000e+00
--------------------------------------------------
--- Line Search Iteration 179 ---
----- stdout -----
Submitted SOLVER.sbatch from /usr/users/cea_seism/benede_gio/CEISM-Project/sem3d_config_files -> job 181512
----- stdout -----
Job 181512 finished with state: COMPLETED
SOLVER.sbatch executed in 93.19 seconds
----- stdout -----
J_base   = 1.377718529358e-01
J_learn  = 1.377718529358e-01
J_thresh = 1.377718529358e-01
alpha_la = 1.305060893600e-54 | alpha_mu = 1.305060893600e-54
diff     = 0.000000000000e+00
--------------------------------------------------
--- Line Search Iteration 180 ---
----- stdout -----
Submitted SOLVER.sbatch from /usr/users/cea_seism/benede_gio/CEISM-Project/sem3d_config_files -> job 181513
----- stdout -----
Job 181513 finished with state: COMPLETED
SOLVER.sbatch executed in 93.20 seconds
----- stdout -----
J_base   = 1.377718529358e-01
J_learn  = 1.377718529358e-01
J_thresh = 1.377718529358e-01
alpha_la = 6.525304467999e-55 | alpha_mu = 6.525304467999e-55
diff     = 0.000000000000e+00
--------------------------------------------------
--- Line Search Iteration 181 ---
----- stdout -----
Submitted SOLVER.sbatch from /usr/users/cea_seism/benede_gio/CEISM-Project/sem3d_config_files -> job 181515
----- stdout -----
Job 181515 finished with state: COMPLETED
SOLVER.sbatch executed in 93.19 seconds
----- stdout -----
J_base   = 1.377718529358e-01
J_learn  = 1.377718529358e-01
J_thresh = 1.377718529358e-01
alpha_la = 3.262652233999e-55 | alpha_mu = 3.262652233999e-55
diff     = 0.000000000000e+00
--------------------------------------------------
--- Line Search Iteration 182 ---
----- stdout -----
Submitted SOLVER.sbatch from /usr/users/cea_seism/benede_gio/CEISM-Project/sem3d_config_files -> job 181517
----- stdout -----
Job 181517 finished with state: COMPLETED
SOLVER.sbatch executed in 93.19 seconds
----- stdout -----
J_base   = 1.377718529358e-01
J_learn  = 1.377718529358e-01
J_thresh = 1.377718529358e-01
alpha_la = 1.631326117000e-55 | alpha_mu = 1.631326117000e-55
diff     = 0.000000000000e+00
--------------------------------------------------
--- Line Search Iteration 183 ---
----- stdout -----
Submitted SOLVER.sbatch from /usr/users/cea_seism/benede_gio/CEISM-Project/sem3d_config_files -> job 181519
----- stdout -----
Job 181519 finished with state: COMPLETED
SOLVER.sbatch executed in 93.20 seconds
----- stdout -----
J_base   = 1.377718529358e-01
J_learn  = 1.377718529358e-01
J_thresh = 1.377718529358e-01
alpha_la = 8.156630584998e-56 | alpha_mu = 8.156630584998e-56
diff     = 0.000000000000e+00
--------------------------------------------------
--- Line Search Iteration 184 ---
----- stdout -----
Submitted SOLVER.sbatch from /usr/users/cea_seism/benede_gio/CEISM-Project/sem3d_config_files -> job 181521
----- stdout -----
Job 181521 finished with state: COMPLETED
SOLVER.sbatch executed in 93.19 seconds
----- stdout -----
J_base   = 1.377718529358e-01
J_learn  = 1.377718529358e-01
J_thresh = 1.377718529358e-01
alpha_la = 4.078315292499e-56 | alpha_mu = 4.078315292499e-56
diff     = 0.000000000000e+00
--------------------------------------------------
--- Line Search Iteration 185 ---
----- stdout -----
Submitted SOLVER.sbatch from /usr/users/cea_seism/benede_gio/CEISM-Project/sem3d_config_files -> job 181523
----- stdout -----
Job 181523 finished with state: COMPLETED
SOLVER.sbatch executed in 93.20 seconds
----- stdout -----
J_base   = 1.377718529358e-01
J_learn  = 1.377718529358e-01
J_thresh = 1.377718529358e-01
alpha_la = 2.039157646250e-56 | alpha_mu = 2.039157646250e-56
diff     = 0.000000000000e+00
--------------------------------------------------
--- Line Search Iteration 186 ---
----- stdout -----
Submitted SOLVER.sbatch from /usr/users/cea_seism/benede_gio/CEISM-Project/sem3d_config_files -> job 181525
----- stdout -----
Job 181525 finished with state: COMPLETED
SOLVER.sbatch executed in 93.18 seconds
----- stdout -----
J_base   = 1.377718529358e-01
J_learn  = 1.377718529358e-01
J_thresh = 1.377718529358e-01
alpha_la = 1.019578823125e-56 | alpha_mu = 1.019578823125e-56
diff     = 0.000000000000e+00
--------------------------------------------------
--- Line Search Iteration 187 ---
----- stdout -----
Submitted SOLVER.sbatch from /usr/users/cea_seism/benede_gio/CEISM-Project/sem3d_config_files -> job 181527
----- stdout -----
Job 181527 finished with state: COMPLETED
SOLVER.sbatch executed in 93.20 seconds
----- stdout -----
J_base   = 1.377718529358e-01
J_learn  = 1.377718529358e-01
J_thresh = 1.377718529358e-01
alpha_la = 5.097894115624e-57 | alpha_mu = 5.097894115624e-57
diff     = 0.000000000000e+00
--------------------------------------------------
--- Line Search Iteration 188 ---
----- stdout -----
Submitted SOLVER.sbatch from /usr/users/cea_seism/benede_gio/CEISM-Project/sem3d_config_files -> job 181529
----- stdout -----
Job 181529 finished with state: COMPLETED
SOLVER.sbatch executed in 93.19 seconds
----- stdout -----
J_base   = 1.377718529358e-01
J_learn  = 1.377718529358e-01
J_thresh = 1.377718529358e-01
alpha_la = 2.548947057812e-57 | alpha_mu = 2.548947057812e-57
diff     = 0.000000000000e+00
--------------------------------------------------
--- Line Search Iteration 189 ---
----- stdout -----
Submitted SOLVER.sbatch from /usr/users/cea_seism/benede_gio/CEISM-Project/sem3d_config_files -> job 181530
----- stdout -----
Job 181530 finished with state: COMPLETED
SOLVER.sbatch executed in 93.19 seconds
----- stdout -----
J_base   = 1.377718529358e-01
J_learn  = 1.377718529358e-01
J_thresh = 1.377718529358e-01
alpha_la = 1.274473528906e-57 | alpha_mu = 1.274473528906e-57
diff     = 0.000000000000e+00
--------------------------------------------------
--- Line Search Iteration 190 ---
----- stdout -----
Submitted SOLVER.sbatch from /usr/users/cea_seism/benede_gio/CEISM-Project/sem3d_config_files -> job 181532
----- stdout -----
Job 181532 finished with state: COMPLETED
SOLVER.sbatch executed in 93.20 seconds
----- stdout -----
J_base   = 1.377718529358e-01
J_learn  = 1.377718529358e-01
J_thresh = 1.377718529358e-01
alpha_la = 6.372367644530e-58 | alpha_mu = 6.372367644530e-58
diff     = 0.000000000000e+00
--------------------------------------------------
--- Line Search Iteration 191 ---
----- stdout -----
Submitted SOLVER.sbatch from /usr/users/cea_seism/benede_gio/CEISM-Project/sem3d_config_files -> job 181534
----- stdout -----
Job 181534 finished with state: COMPLETED
SOLVER.sbatch executed in 93.24 seconds
----- stdout -----
J_base   = 1.377718529358e-01
J_learn  = 1.377718529358e-01
J_thresh = 1.377718529358e-01
alpha_la = 3.186183822265e-58 | alpha_mu = 3.186183822265e-58
diff     = 0.000000000000e+00
--------------------------------------------------
--- Line Search Iteration 192 ---
----- stdout -----
Submitted SOLVER.sbatch from /usr/users/cea_seism/benede_gio/CEISM-Project/sem3d_config_files -> job 181535
----- stdout -----
Job 181535 finished with state: COMPLETED
SOLVER.sbatch executed in 93.20 seconds
----- stdout -----
J_base   = 1.377718529358e-01
J_learn  = 1.377718529358e-01
J_thresh = 1.377718529358e-01
alpha_la = 1.593091911132e-58 | alpha_mu = 1.593091911132e-58
diff     = 0.000000000000e+00
--------------------------------------------------
--- Line Search Iteration 193 ---
----- stdout -----
Submitted SOLVER.sbatch from /usr/users/cea_seism/benede_gio/CEISM-Project/sem3d_config_files -> job 181537
----- stdout -----
Job 181537 finished with state: COMPLETED
SOLVER.sbatch executed in 93.20 seconds
----- stdout -----
J_base   = 1.377718529358e-01
J_learn  = 1.377718529358e-01
J_thresh = 1.377718529358e-01
alpha_la = 7.965459555662e-59 | alpha_mu = 7.965459555662e-59
diff     = 0.000000000000e+00
--------------------------------------------------
--- Line Search Iteration 194 ---
----- stdout -----
Submitted SOLVER.sbatch from /usr/users/cea_seism/benede_gio/CEISM-Project/sem3d_config_files -> job 181539
----- stdout -----
Job 181539 finished with state: COMPLETED
SOLVER.sbatch executed in 93.21 seconds
----- stdout -----
J_base   = 1.377718529358e-01
J_learn  = 1.377718529358e-01
J_thresh = 1.377718529358e-01
alpha_la = 3.982729777831e-59 | alpha_mu = 3.982729777831e-59
diff     = 0.000000000000e+00
--------------------------------------------------
--- Line Search Iteration 195 ---
----- stdout -----
Submitted SOLVER.sbatch from /usr/users/cea_seism/benede_gio/CEISM-Project/sem3d_config_files -> job 181540
----- stdout -----
Job 181540 finished with state: COMPLETED
SOLVER.sbatch executed in 93.19 seconds
----- stdout -----
J_base   = 1.377718529358e-01
J_learn  = 1.377718529358e-01
J_thresh = 1.377718529358e-01
alpha_la = 1.991364888916e-59 | alpha_mu = 1.991364888916e-59
diff     = 0.000000000000e+00
--------------------------------------------------
--- Line Search Iteration 196 ---
----- stdout -----
Submitted SOLVER.sbatch from /usr/users/cea_seism/benede_gio/CEISM-Project/sem3d_config_files -> job 181542
----- stdout -----
Job 181542 finished with state: COMPLETED
SOLVER.sbatch executed in 93.20 seconds
----- stdout -----
J_base   = 1.377718529358e-01
J_learn  = 1.377718529358e-01
J_thresh = 1.377718529358e-01
alpha_la = 9.956824444578e-60 | alpha_mu = 9.956824444578e-60
diff     = 0.000000000000e+00
--------------------------------------------------
--- Line Search Iteration 197 ---
----- stdout -----
Submitted SOLVER.sbatch from /usr/users/cea_seism/benede_gio/CEISM-Project/sem3d_config_files -> job 181544
----- stdout -----
Job 181544 finished with state: COMPLETED
SOLVER.sbatch executed in 93.20 seconds
----- stdout -----
J_base   = 1.377718529358e-01
J_learn  = 1.377718529358e-01
J_thresh = 1.377718529358e-01
alpha_la = 4.978412222289e-60 | alpha_mu = 4.978412222289e-60
diff     = 0.000000000000e+00
--------------------------------------------------
--- Line Search Iteration 198 ---
----- stdout -----
Submitted SOLVER.sbatch from /usr/users/cea_seism/benede_gio/CEISM-Project/sem3d_config_files -> job 181545
----- stdout -----
Job 181545 finished with state: COMPLETED
SOLVER.sbatch executed in 93.19 seconds
----- stdout -----
J_base   = 1.377718529358e-01
J_learn  = 1.377718529358e-01
J_thresh = 1.377718529358e-01
alpha_la = 2.489206111144e-60 | alpha_mu = 2.489206111144e-60
diff     = 0.000000000000e+00
--------------------------------------------------
--- Line Search Iteration 199 ---
----- stdout -----
Submitted SOLVER.sbatch from /usr/users/cea_seism/benede_gio/CEISM-Project/sem3d_config_files -> job 181547
----- stdout -----
Job 181547 finished with state: COMPLETED
SOLVER.sbatch executed in 93.20 seconds
----- stdout -----
J_base   = 1.377718529358e-01
J_learn  = 1.377718529358e-01
J_thresh = 1.377718529358e-01
alpha_la = 1.244603055572e-60 | alpha_mu = 1.244603055572e-60
diff     = 0.000000000000e+00
--------------------------------------------------
--- Line Search Iteration 200 ---
----- stdout -----
Submitted SOLVER.sbatch from /usr/users/cea_seism/benede_gio/CEISM-Project/sem3d_config_files -> job 181550
----- stdout -----
Job 181550 finished with state: COMPLETED
SOLVER.sbatch executed in 93.21 seconds
----- stdout -----
J_base   = 1.377718529358e-01
J_learn  = 1.377718529358e-01
J_thresh = 1.377718529358e-01
alpha_la = 6.223015277861e-61 | alpha_mu = 6.223015277861e-61
diff     = 0.000000000000e+00
--------------------------------------------------
--- Line Search Iteration 201 ---
----- stdout -----
Submitted SOLVER.sbatch from /usr/users/cea_seism/benede_gio/CEISM-Project/sem3d_config_files -> job 181551
----- stdout -----
Job 181551 finished with state: COMPLETED
SOLVER.sbatch executed in 93.19 seconds
----- stdout -----
J_base   = 1.377718529358e-01
J_learn  = 1.377718529358e-01
J_thresh = 1.377718529358e-01
alpha_la = 3.111507638931e-61 | alpha_mu = 3.111507638931e-61
diff     = 0.000000000000e+00
--------------------------------------------------
--- Line Search Iteration 202 ---
----- stdout -----
Submitted SOLVER.sbatch from /usr/users/cea_seism/benede_gio/CEISM-Project/sem3d_config_files -> job 181553
----- stdout -----
Job 181553 finished with state: COMPLETED
SOLVER.sbatch executed in 93.20 seconds
----- stdout -----
J_base   = 1.377718529358e-01
J_learn  = 1.377718529358e-01
J_thresh = 1.377718529358e-01
alpha_la = 1.555753819465e-61 | alpha_mu = 1.555753819465e-61
diff     = 0.000000000000e+00
--------------------------------------------------
--- Line Search Iteration 203 ---
----- stdout -----
Submitted SOLVER.sbatch from /usr/users/cea_seism/benede_gio/CEISM-Project/sem3d_config_files -> job 181555
----- stdout -----
Job 181555 finished with state: COMPLETED
SOLVER.sbatch executed in 93.18 seconds
----- stdout -----
J_base   = 1.377718529358e-01
J_learn  = 1.377718529358e-01
J_thresh = 1.377718529358e-01
alpha_la = 7.778769097326e-62 | alpha_mu = 7.778769097326e-62
diff     = 0.000000000000e+00
--------------------------------------------------
--- Line Search Iteration 204 ---
----- stdout -----
Submitted SOLVER.sbatch from /usr/users/cea_seism/benede_gio/CEISM-Project/sem3d_config_files -> job 181556
----- stdout -----
Job 181556 finished with state: COMPLETED
SOLVER.sbatch executed in 93.20 seconds
----- stdout -----
J_base   = 1.377718529358e-01
J_learn  = 1.377718529358e-01
J_thresh = 1.377718529358e-01
alpha_la = 3.889384548663e-62 | alpha_mu = 3.889384548663e-62
diff     = 0.000000000000e+00
--------------------------------------------------
--- Line Search Iteration 205 ---
----- stdout -----
Submitted SOLVER.sbatch from /usr/users/cea_seism/benede_gio/CEISM-Project/sem3d_config_files -> job 181558
----- stdout -----
Job 181558 finished with state: COMPLETED
SOLVER.sbatch executed in 93.19 seconds
----- stdout -----
J_base   = 1.377718529358e-01
J_learn  = 1.377718529358e-01
J_thresh = 1.377718529358e-01
alpha_la = 1.944692274332e-62 | alpha_mu = 1.944692274332e-62
diff     = 0.000000000000e+00
--------------------------------------------------
--- Line Search Iteration 206 ---
----- stdout -----
Submitted SOLVER.sbatch from /usr/users/cea_seism/benede_gio/CEISM-Project/sem3d_config_files -> job 181560
----- stdout -----
Job 181560 finished with state: COMPLETED
SOLVER.sbatch executed in 93.19 seconds
----- stdout -----
J_base   = 1.377718529358e-01
J_learn  = 1.377718529358e-01
J_thresh = 1.377718529358e-01
alpha_la = 9.723461371658e-63 | alpha_mu = 9.723461371658e-63
diff     = 0.000000000000e+00
--------------------------------------------------
--- Line Search Iteration 207 ---
----- stdout -----
Submitted SOLVER.sbatch from /usr/users/cea_seism/benede_gio/CEISM-Project/sem3d_config_files -> job 181561
----- stdout -----
Job 181561 finished with state: COMPLETED
SOLVER.sbatch executed in 93.19 seconds
----- stdout -----
J_base   = 1.377718529358e-01
J_learn  = 1.377718529358e-01
J_thresh = 1.377718529358e-01
alpha_la = 4.861730685829e-63 | alpha_mu = 4.861730685829e-63
diff     = 0.000000000000e+00
--------------------------------------------------
--- Line Search Iteration 208 ---
----- stdout -----
Submitted SOLVER.sbatch from /usr/users/cea_seism/benede_gio/CEISM-Project/sem3d_config_files -> job 181563
----- stdout -----
Job 181563 finished with state: COMPLETED
SOLVER.sbatch executed in 93.19 seconds
----- stdout -----
J_base   = 1.377718529358e-01
J_learn  = 1.377718529358e-01
J_thresh = 1.377718529358e-01
alpha_la = 2.430865342915e-63 | alpha_mu = 2.430865342915e-63
diff     = 0.000000000000e+00
--------------------------------------------------
--- Line Search Iteration 209 ---
----- stdout -----
Submitted SOLVER.sbatch from /usr/users/cea_seism/benede_gio/CEISM-Project/sem3d_config_files -> job 181565
----- stdout -----
Job 181565 finished with state: COMPLETED
SOLVER.sbatch executed in 93.20 seconds
----- stdout -----
J_base   = 1.377718529358e-01
J_learn  = 1.377718529358e-01
J_thresh = 1.377718529358e-01
alpha_la = 1.215432671457e-63 | alpha_mu = 1.215432671457e-63
diff     = 0.000000000000e+00
--------------------------------------------------
--- Line Search Iteration 210 ---
----- stdout -----
Submitted SOLVER.sbatch from /usr/users/cea_seism/benede_gio/CEISM-Project/sem3d_config_files -> job 181566
----- stdout -----
Job 181566 finished with state: COMPLETED
SOLVER.sbatch executed in 93.21 seconds
----- stdout -----
J_base   = 1.377718529358e-01
J_learn  = 1.377718529358e-01
J_thresh = 1.377718529358e-01
alpha_la = 6.077163357286e-64 | alpha_mu = 6.077163357286e-64
diff     = 0.000000000000e+00
--------------------------------------------------
--- Line Search Iteration 211 ---
----- stdout -----
Submitted SOLVER.sbatch from /usr/users/cea_seism/benede_gio/CEISM-Project/sem3d_config_files -> job 181568
----- stdout -----
Job 181568 finished with state: COMPLETED
SOLVER.sbatch executed in 108.37 seconds
----- stdout -----
J_base   = 1.377718529358e-01
J_learn  = 1.377718529358e-01
J_thresh = 1.377718529358e-01
alpha_la = 3.038581678643e-64 | alpha_mu = 3.038581678643e-64
diff     = 0.000000000000e+00
--------------------------------------------------
--- Line Search Iteration 212 ---
----- stdout -----
Submitted SOLVER.sbatch from /usr/users/cea_seism/benede_gio/CEISM-Project/sem3d_config_files -> job 181570
----- stdout -----
Job 181570 finished with state: COMPLETED
SOLVER.sbatch executed in 93.19 seconds
----- stdout -----
J_base   = 1.377718529358e-01
J_learn  = 1.377718529358e-01
J_thresh = 1.377718529358e-01
alpha_la = 1.519290839322e-64 | alpha_mu = 1.519290839322e-64
diff     = 0.000000000000e+00
--------------------------------------------------
--- Line Search Iteration 213 ---
----- stdout -----
Submitted SOLVER.sbatch from /usr/users/cea_seism/benede_gio/CEISM-Project/sem3d_config_files -> job 181571
----- stdout -----
Job 181571 finished with state: COMPLETED
SOLVER.sbatch executed in 93.20 seconds
----- stdout -----
J_base   = 1.377718529358e-01
J_learn  = 1.377718529358e-01
J_thresh = 1.377718529358e-01
alpha_la = 7.596454196608e-65 | alpha_mu = 7.596454196608e-65
diff     = 0.000000000000e+00
--------------------------------------------------
--- Line Search Iteration 214 ---
----- stdout -----
Submitted SOLVER.sbatch from /usr/users/cea_seism/benede_gio/CEISM-Project/sem3d_config_files -> job 181574
----- stdout -----
Job 181574 finished with state: COMPLETED
SOLVER.sbatch executed in 93.20 seconds
----- stdout -----
J_base   = 1.377718529358e-01
J_learn  = 1.377718529358e-01
J_thresh = 1.377718529358e-01
alpha_la = 3.798227098304e-65 | alpha_mu = 3.798227098304e-65
diff     = 0.000000000000e+00
--------------------------------------------------
--- Line Search Iteration 215 ---
----- stdout -----
Submitted SOLVER.sbatch from /usr/users/cea_seism/benede_gio/CEISM-Project/sem3d_config_files -> job 181576
----- stdout -----
Job 181576 finished with state: COMPLETED
SOLVER.sbatch executed in 93.19 seconds
----- stdout -----
J_base   = 1.377718529358e-01
J_learn  = 1.377718529358e-01
J_thresh = 1.377718529358e-01
alpha_la = 1.899113549152e-65 | alpha_mu = 1.899113549152e-65
diff     = 0.000000000000e+00
--------------------------------------------------
--- Line Search Iteration 216 ---
----- stdout -----
Submitted SOLVER.sbatch from /usr/users/cea_seism/benede_gio/CEISM-Project/sem3d_config_files -> job 181577
----- stdout -----
Job 181577 finished with state: COMPLETED
SOLVER.sbatch executed in 93.18 seconds
----- stdout -----
J_base   = 1.377718529358e-01
J_learn  = 1.377718529358e-01
J_thresh = 1.377718529358e-01
alpha_la = 9.495567745760e-66 | alpha_mu = 9.495567745760e-66
diff     = 0.000000000000e+00
--------------------------------------------------
--- Line Search Iteration 217 ---
----- stdout -----
Submitted SOLVER.sbatch from /usr/users/cea_seism/benede_gio/CEISM-Project/sem3d_config_files -> job 181579
----- stdout -----
Job 181579 finished with state: COMPLETED
SOLVER.sbatch executed in 93.19 seconds
----- stdout -----
J_base   = 1.377718529358e-01
J_learn  = 1.377718529358e-01
J_thresh = 1.377718529358e-01
alpha_la = 4.747783872880e-66 | alpha_mu = 4.747783872880e-66
diff     = 0.000000000000e+00
--------------------------------------------------
--- Line Search Iteration 218 ---
----- stdout -----
Submitted SOLVER.sbatch from /usr/users/cea_seism/benede_gio/CEISM-Project/sem3d_config_files -> job 181581
----- stdout -----
Job 181581 finished with state: COMPLETED
SOLVER.sbatch executed in 93.19 seconds
----- stdout -----
J_base   = 1.377718529358e-01
J_learn  = 1.377718529358e-01
J_thresh = 1.377718529358e-01
alpha_la = 2.373891936440e-66 | alpha_mu = 2.373891936440e-66
diff     = 0.000000000000e+00
--------------------------------------------------
--- Line Search Iteration 219 ---
----- stdout -----
Submitted SOLVER.sbatch from /usr/users/cea_seism/benede_gio/CEISM-Project/sem3d_config_files -> job 181582
----- stdout -----
Job 181582 finished with state: COMPLETED
SOLVER.sbatch executed in 93.19 seconds
----- stdout -----
J_base   = 1.377718529358e-01
J_learn  = 1.377718529358e-01
J_thresh = 1.377718529358e-01
alpha_la = 1.186945968220e-66 | alpha_mu = 1.186945968220e-66
diff     = 0.000000000000e+00
--------------------------------------------------
--- Line Search Iteration 220 ---
----- stdout -----
Submitted SOLVER.sbatch from /usr/users/cea_seism/benede_gio/CEISM-Project/sem3d_config_files -> job 181584
----- stdout -----
Job 181584 finished with state: COMPLETED
SOLVER.sbatch executed in 93.19 seconds
----- stdout -----
J_base   = 1.377718529358e-01
J_learn  = 1.377718529358e-01
J_thresh = 1.377718529358e-01
alpha_la = 5.934729841100e-67 | alpha_mu = 5.934729841100e-67
diff     = 0.000000000000e+00
--------------------------------------------------
--- Line Search Iteration 221 ---
----- stdout -----
Submitted SOLVER.sbatch from /usr/users/cea_seism/benede_gio/CEISM-Project/sem3d_config_files -> job 181586
----- stdout -----
Job 181586 finished with state: COMPLETED
SOLVER.sbatch executed in 93.19 seconds
----- stdout -----
J_base   = 1.377718529358e-01
J_learn  = 1.377718529358e-01
J_thresh = 1.377718529358e-01
alpha_la = 2.967364920550e-67 | alpha_mu = 2.967364920550e-67
diff     = 0.000000000000e+00
--------------------------------------------------
--- Line Search Iteration 222 ---
----- stdout -----
Submitted SOLVER.sbatch from /usr/users/cea_seism/benede_gio/CEISM-Project/sem3d_config_files -> job 181587
----- stdout -----
Job 181587 finished with state: COMPLETED
SOLVER.sbatch executed in 93.18 seconds
----- stdout -----
J_base   = 1.377718529358e-01
J_learn  = 1.377718529358e-01
J_thresh = 1.377718529358e-01
alpha_la = 1.483682460275e-67 | alpha_mu = 1.483682460275e-67
diff     = 0.000000000000e+00
--------------------------------------------------
--- Line Search Iteration 223 ---
----- stdout -----
Submitted SOLVER.sbatch from /usr/users/cea_seism/benede_gio/CEISM-Project/sem3d_config_files -> job 181589
----- stdout -----
Job 181589 finished with state: COMPLETED
SOLVER.sbatch executed in 93.17 seconds
----- stdout -----
J_base   = 1.377718529358e-01
J_learn  = 1.377718529358e-01
J_thresh = 1.377718529358e-01
alpha_la = 7.418412301375e-68 | alpha_mu = 7.418412301375e-68
diff     = 0.000000000000e+00
--------------------------------------------------
--- Line Search Iteration 224 ---
----- stdout -----
Submitted SOLVER.sbatch from /usr/users/cea_seism/benede_gio/CEISM-Project/sem3d_config_files -> job 181599
----- stdout -----
Job 181599 finished with state: COMPLETED
SOLVER.sbatch executed in 93.19 seconds
----- stdout -----
J_base   = 1.377718529358e-01
J_learn  = 1.377718529358e-01
J_thresh = 1.377718529358e-01
alpha_la = 3.709206150687e-68 | alpha_mu = 3.709206150687e-68
diff     = 0.000000000000e+00
--------------------------------------------------
--- Line Search Iteration 225 ---
----- stdout -----
Submitted SOLVER.sbatch from /usr/users/cea_seism/benede_gio/CEISM-Project/sem3d_config_files -> job 181607
----- stdout -----
Job 181607 finished with state: COMPLETED
SOLVER.sbatch executed in 93.20 seconds
----- stdout -----
J_base   = 1.377718529358e-01
J_learn  = 1.377718529358e-01
J_thresh = 1.377718529358e-01
alpha_la = 1.854603075344e-68 | alpha_mu = 1.854603075344e-68
diff     = 0.000000000000e+00
--------------------------------------------------
--- Line Search Iteration 226 ---
----- stdout -----
Submitted SOLVER.sbatch from /usr/users/cea_seism/benede_gio/CEISM-Project/sem3d_config_files -> job 181610
----- stdout -----
Job 181610 finished with state: COMPLETED
SOLVER.sbatch executed in 93.21 seconds
----- stdout -----
J_base   = 1.377718529358e-01
J_learn  = 1.377718529358e-01
J_thresh = 1.377718529358e-01
alpha_la = 9.273015376719e-69 | alpha_mu = 9.273015376719e-69
diff     = 0.000000000000e+00
--------------------------------------------------
--- Line Search Iteration 227 ---
----- stdout -----
Submitted SOLVER.sbatch from /usr/users/cea_seism/benede_gio/CEISM-Project/sem3d_config_files -> job 181613
----- stdout -----
Job 181613 finished with state: COMPLETED
SOLVER.sbatch executed in 93.18 seconds
----- stdout -----
J_base   = 1.377718529358e-01
J_learn  = 1.377718529358e-01
J_thresh = 1.377718529358e-01
alpha_la = 4.636507688359e-69 | alpha_mu = 4.636507688359e-69
diff     = 0.000000000000e+00
--------------------------------------------------
--- Line Search Iteration 228 ---
----- stdout -----
Submitted SOLVER.sbatch from /usr/users/cea_seism/benede_gio/CEISM-Project/sem3d_config_files -> job 181617
----- stdout -----
Job 181617 finished with state: COMPLETED
SOLVER.sbatch executed in 93.19 seconds
----- stdout -----
J_base   = 1.377718529358e-01
J_learn  = 1.377718529358e-01
J_thresh = 1.377718529358e-01
alpha_la = 2.318253844180e-69 | alpha_mu = 2.318253844180e-69
diff     = 0.000000000000e+00
--------------------------------------------------
--- Line Search Iteration 229 ---
----- stdout -----
Submitted SOLVER.sbatch from /usr/users/cea_seism/benede_gio/CEISM-Project/sem3d_config_files -> job 181618
----- stdout -----
Job 181618 finished with state: COMPLETED
SOLVER.sbatch executed in 93.18 seconds
----- stdout -----
J_base   = 1.377718529358e-01
J_learn  = 1.377718529358e-01
J_thresh = 1.377718529358e-01
alpha_la = 1.159126922090e-69 | alpha_mu = 1.159126922090e-69
diff     = 0.000000000000e+00
--------------------------------------------------
--- Line Search Iteration 230 ---
----- stdout -----
Submitted SOLVER.sbatch from /usr/users/cea_seism/benede_gio/CEISM-Project/sem3d_config_files -> job 181620
----- stdout -----
Job 181620 finished with state: COMPLETED
SOLVER.sbatch executed in 93.19 seconds
----- stdout -----
J_base   = 1.377718529358e-01
J_learn  = 1.377718529358e-01
J_thresh = 1.377718529358e-01
alpha_la = 5.795634610449e-70 | alpha_mu = 5.795634610449e-70
diff     = 0.000000000000e+00
--------------------------------------------------
--- Line Search Iteration 231 ---
----- stdout -----
Submitted SOLVER.sbatch from /usr/users/cea_seism/benede_gio/CEISM-Project/sem3d_config_files -> job 181622
----- stdout -----
Job 181622 finished with state: COMPLETED
SOLVER.sbatch executed in 93.19 seconds
----- stdout -----
J_base   = 1.377718529358e-01
J_learn  = 1.377718529358e-01
J_thresh = 1.377718529358e-01
alpha_la = 2.897817305225e-70 | alpha_mu = 2.897817305225e-70
diff     = 0.000000000000e+00
--------------------------------------------------
--- Line Search Iteration 232 ---
----- stdout -----
Submitted SOLVER.sbatch from /usr/users/cea_seism/benede_gio/CEISM-Project/sem3d_config_files -> job 181623
----- stdout -----
Job 181623 finished with state: COMPLETED
SOLVER.sbatch executed in 93.21 seconds
----- stdout -----
J_base   = 1.377718529358e-01
J_learn  = 1.377718529358e-01
J_thresh = 1.377718529358e-01
alpha_la = 1.448908652612e-70 | alpha_mu = 1.448908652612e-70
diff     = 0.000000000000e+00
--------------------------------------------------
--- Line Search Iteration 233 ---
----- stdout -----
Submitted SOLVER.sbatch from /usr/users/cea_seism/benede_gio/CEISM-Project/sem3d_config_files -> job 181625
----- stdout -----
Job 181625 finished with state: COMPLETED
SOLVER.sbatch executed in 93.20 seconds
----- stdout -----
J_base   = 1.377718529358e-01
J_learn  = 1.377718529358e-01
J_thresh = 1.377718529358e-01
alpha_la = 7.244543263061e-71 | alpha_mu = 7.244543263061e-71
diff     = 0.000000000000e+00
--------------------------------------------------
--- Line Search Iteration 234 ---
----- stdout -----
Submitted SOLVER.sbatch from /usr/users/cea_seism/benede_gio/CEISM-Project/sem3d_config_files -> job 181627
----- stdout -----
Job 181627 finished with state: COMPLETED
SOLVER.sbatch executed in 93.20 seconds
----- stdout -----
J_base   = 1.377718529358e-01
J_learn  = 1.377718529358e-01
J_thresh = 1.377718529358e-01
alpha_la = 3.622271631531e-71 | alpha_mu = 3.622271631531e-71
diff     = 0.000000000000e+00
--------------------------------------------------
--- Line Search Iteration 235 ---
----- stdout -----
Submitted SOLVER.sbatch from /usr/users/cea_seism/benede_gio/CEISM-Project/sem3d_config_files -> job 181628
----- stdout -----
Job 181628 finished with state: COMPLETED
SOLVER.sbatch executed in 93.18 seconds
----- stdout -----
J_base   = 1.377718529358e-01
J_learn  = 1.377718529358e-01
J_thresh = 1.377718529358e-01
alpha_la = 1.811135815765e-71 | alpha_mu = 1.811135815765e-71
diff     = 0.000000000000e+00
--------------------------------------------------
--- Line Search Iteration 236 ---
----- stdout -----
Submitted SOLVER.sbatch from /usr/users/cea_seism/benede_gio/CEISM-Project/sem3d_config_files -> job 181630
----- stdout -----
Job 181630 finished with state: COMPLETED
SOLVER.sbatch executed in 93.19 seconds
----- stdout -----
J_base   = 1.377718529358e-01
J_learn  = 1.377718529358e-01
J_thresh = 1.377718529358e-01
alpha_la = 9.055679078827e-72 | alpha_mu = 9.055679078827e-72
diff     = 0.000000000000e+00
--------------------------------------------------
--- Line Search Iteration 237 ---
----- stdout -----
Submitted SOLVER.sbatch from /usr/users/cea_seism/benede_gio/CEISM-Project/sem3d_config_files -> job 181632
----- stdout -----
Job 181632 finished with state: COMPLETED
SOLVER.sbatch executed in 93.18 seconds
----- stdout -----
J_base   = 1.377718529358e-01
J_learn  = 1.377718529358e-01
J_thresh = 1.377718529358e-01
alpha_la = 4.527839539413e-72 | alpha_mu = 4.527839539413e-72
diff     = 0.000000000000e+00
--------------------------------------------------
--- Line Search Iteration 238 ---
----- stdout -----
Submitted SOLVER.sbatch from /usr/users/cea_seism/benede_gio/CEISM-Project/sem3d_config_files -> job 181633
----- stdout -----
Job 181633 finished with state: COMPLETED
SOLVER.sbatch executed in 93.18 seconds
----- stdout -----
J_base   = 1.377718529358e-01
J_learn  = 1.377718529358e-01
J_thresh = 1.377718529358e-01
alpha_la = 2.263919769707e-72 | alpha_mu = 2.263919769707e-72
diff     = 0.000000000000e+00
--------------------------------------------------
--- Line Search Iteration 239 ---
----- stdout -----
Submitted SOLVER.sbatch from /usr/users/cea_seism/benede_gio/CEISM-Project/sem3d_config_files -> job 181635
----- stdout -----
Job 181635 finished with state: COMPLETED
SOLVER.sbatch executed in 93.19 seconds
----- stdout -----
J_base   = 1.377718529358e-01
J_learn  = 1.377718529358e-01
J_thresh = 1.377718529358e-01
alpha_la = 1.131959884853e-72 | alpha_mu = 1.131959884853e-72
diff     = 0.000000000000e+00
--------------------------------------------------
--- Line Search Iteration 240 ---
----- stdout -----
Submitted SOLVER.sbatch from /usr/users/cea_seism/benede_gio/CEISM-Project/sem3d_config_files -> job 181637
----- stdout -----
Job 181637 finished with state: COMPLETED
SOLVER.sbatch executed in 93.19 seconds
----- stdout -----
J_base   = 1.377718529358e-01
J_learn  = 1.377718529358e-01
J_thresh = 1.377718529358e-01
alpha_la = 5.659799424267e-73 | alpha_mu = 5.659799424267e-73
diff     = 0.000000000000e+00
--------------------------------------------------
--- Line Search Iteration 241 ---
----- stdout -----
Submitted SOLVER.sbatch from /usr/users/cea_seism/benede_gio/CEISM-Project/sem3d_config_files -> job 181638
----- stdout -----
Job 181638 finished with state: COMPLETED
SOLVER.sbatch executed in 93.18 seconds
----- stdout -----
J_base   = 1.377718529358e-01
J_learn  = 1.377718529358e-01
J_thresh = 1.377718529358e-01
alpha_la = 2.829899712133e-73 | alpha_mu = 2.829899712133e-73
diff     = 0.000000000000e+00
--------------------------------------------------
--- Line Search Iteration 242 ---
----- stdout -----
Submitted SOLVER.sbatch from /usr/users/cea_seism/benede_gio/CEISM-Project/sem3d_config_files -> job 181641
----- stdout -----
Job 181641 finished with state: COMPLETED
SOLVER.sbatch executed in 93.19 seconds
----- stdout -----
J_base   = 1.377718529358e-01
J_learn  = 1.377718529358e-01
J_thresh = 1.377718529358e-01
alpha_la = 1.414949856067e-73 | alpha_mu = 1.414949856067e-73
diff     = 0.000000000000e+00
--------------------------------------------------
--- Line Search Iteration 243 ---
----- stdout -----
Submitted SOLVER.sbatch from /usr/users/cea_seism/benede_gio/CEISM-Project/sem3d_config_files -> job 181643
----- stdout -----
Job 181643 finished with state: COMPLETED
SOLVER.sbatch executed in 93.19 seconds
----- stdout -----
J_base   = 1.377718529358e-01
J_learn  = 1.377718529358e-01
J_thresh = 1.377718529358e-01
alpha_la = 7.074749280333e-74 | alpha_mu = 7.074749280333e-74
diff     = 0.000000000000e+00
--------------------------------------------------
--- Line Search Iteration 244 ---
----- stdout -----
Submitted SOLVER.sbatch from /usr/users/cea_seism/benede_gio/CEISM-Project/sem3d_config_files -> job 181644
----- stdout -----
Job 181644 finished with state: COMPLETED
SOLVER.sbatch executed in 93.19 seconds
----- stdout -----
J_base   = 1.377718529358e-01
J_learn  = 1.377718529358e-01
J_thresh = 1.377718529358e-01
alpha_la = 3.537374640167e-74 | alpha_mu = 3.537374640167e-74
diff     = 0.000000000000e+00
--------------------------------------------------
--- Line Search Iteration 245 ---
----- stdout -----
Submitted SOLVER.sbatch from /usr/users/cea_seism/benede_gio/CEISM-Project/sem3d_config_files -> job 181646
----- stdout -----
Job 181646 finished with state: COMPLETED
SOLVER.sbatch executed in 93.19 seconds
----- stdout -----
J_base   = 1.377718529358e-01
J_learn  = 1.377718529358e-01
J_thresh = 1.377718529358e-01
alpha_la = 1.768687320083e-74 | alpha_mu = 1.768687320083e-74
diff     = 0.000000000000e+00
--------------------------------------------------
--- Line Search Iteration 246 ---
----- stdout -----
Submitted SOLVER.sbatch from /usr/users/cea_seism/benede_gio/CEISM-Project/sem3d_config_files -> job 181648
----- stdout -----
Job 181648 finished with state: COMPLETED
SOLVER.sbatch executed in 93.20 seconds
----- stdout -----
J_base   = 1.377718529358e-01
J_learn  = 1.377718529358e-01
J_thresh = 1.377718529358e-01
alpha_la = 8.843436600417e-75 | alpha_mu = 8.843436600417e-75
diff     = 0.000000000000e+00
--------------------------------------------------
--- Line Search Iteration 247 ---
----- stdout -----
Submitted SOLVER.sbatch from /usr/users/cea_seism/benede_gio/CEISM-Project/sem3d_config_files -> job 181651
----- stdout -----
Job 181651 finished with state: COMPLETED
SOLVER.sbatch executed in 93.20 seconds
----- stdout -----
J_base   = 1.377718529358e-01
J_learn  = 1.377718529358e-01
J_thresh = 1.377718529358e-01
alpha_la = 4.421718300208e-75 | alpha_mu = 4.421718300208e-75
diff     = 0.000000000000e+00
--------------------------------------------------
--- Line Search Iteration 248 ---
----- stdout -----
Submitted SOLVER.sbatch from /usr/users/cea_seism/benede_gio/CEISM-Project/sem3d_config_files -> job 181653
----- stdout -----
Job 181653 finished with state: COMPLETED
SOLVER.sbatch executed in 93.19 seconds
----- stdout -----
J_base   = 1.377718529358e-01
J_learn  = 1.377718529358e-01
J_thresh = 1.377718529358e-01
alpha_la = 2.210859150104e-75 | alpha_mu = 2.210859150104e-75
diff     = 0.000000000000e+00
--------------------------------------------------
--- Line Search Iteration 249 ---
----- stdout -----
Submitted SOLVER.sbatch from /usr/users/cea_seism/benede_gio/CEISM-Project/sem3d_config_files -> job 181659
----- stdout -----
Job 181659 finished with state: COMPLETED
SOLVER.sbatch executed in 93.19 seconds
----- stdout -----
J_base   = 1.377718529358e-01
J_learn  = 1.377718529358e-01
J_thresh = 1.377718529358e-01
alpha_la = 1.105429575052e-75 | alpha_mu = 1.105429575052e-75
diff     = 0.000000000000e+00
--------------------------------------------------
--- Line Search Iteration 250 ---
----- stdout -----
Submitted SOLVER.sbatch from /usr/users/cea_seism/benede_gio/CEISM-Project/sem3d_config_files -> job 181660
----- stdout -----
Job 181660 finished with state: COMPLETED
SOLVER.sbatch executed in 93.20 seconds
----- stdout -----
J_base   = 1.377718529358e-01
J_learn  = 1.377718529358e-01
J_thresh = 1.377718529358e-01
alpha_la = 5.527147875260e-76 | alpha_mu = 5.527147875260e-76
diff     = 0.000000000000e+00
--------------------------------------------------
--- Line Search Iteration 251 ---
----- stdout -----
Submitted SOLVER.sbatch from /usr/users/cea_seism/benede_gio/CEISM-Project/sem3d_config_files -> job 181662
----- stdout -----
Job 181662 finished with state: COMPLETED
SOLVER.sbatch executed in 93.18 seconds
----- stdout -----
J_base   = 1.377718529358e-01
J_learn  = 1.377718529358e-01
J_thresh = 1.377718529358e-01
alpha_la = 2.763573937630e-76 | alpha_mu = 2.763573937630e-76
diff     = 0.000000000000e+00
--------------------------------------------------
--- Line Search Iteration 252 ---
----- stdout -----
Submitted SOLVER.sbatch from /usr/users/cea_seism/benede_gio/CEISM-Project/sem3d_config_files -> job 181665
----- stdout -----
Job 181665 finished with state: COMPLETED
SOLVER.sbatch executed in 93.19 seconds
----- stdout -----
J_base   = 1.377718529358e-01
J_learn  = 1.377718529358e-01
J_thresh = 1.377718529358e-01
alpha_la = 1.381786968815e-76 | alpha_mu = 1.381786968815e-76
diff     = 0.000000000000e+00
--------------------------------------------------
--- Line Search Iteration 253 ---
----- stdout -----
Submitted SOLVER.sbatch from /usr/users/cea_seism/benede_gio/CEISM-Project/sem3d_config_files -> job 181667
----- stdout -----
Job 181667 finished with state: COMPLETED
SOLVER.sbatch executed in 93.18 seconds
----- stdout -----
J_base   = 1.377718529358e-01
J_learn  = 1.377718529358e-01
J_thresh = 1.377718529358e-01
alpha_la = 6.908934844076e-77 | alpha_mu = 6.908934844076e-77
diff     = 0.000000000000e+00
--------------------------------------------------
--- Line Search Iteration 254 ---
----- stdout -----
Submitted SOLVER.sbatch from /usr/users/cea_seism/benede_gio/CEISM-Project/sem3d_config_files -> job 181669
----- stdout -----
Job 181669 finished with state: COMPLETED
SOLVER.sbatch executed in 93.19 seconds
----- stdout -----
J_base   = 1.377718529358e-01
J_learn  = 1.377718529358e-01
J_thresh = 1.377718529358e-01
alpha_la = 3.454467422038e-77 | alpha_mu = 3.454467422038e-77
diff     = 0.000000000000e+00
--------------------------------------------------
--- Line Search Iteration 255 ---
----- stdout -----
Submitted SOLVER.sbatch from /usr/users/cea_seism/benede_gio/CEISM-Project/sem3d_config_files -> job 181671
----- stdout -----
Job 181671 finished with state: COMPLETED
SOLVER.sbatch executed in 93.26 seconds
----- stdout -----
J_base   = 1.377718529358e-01
J_learn  = 1.377718529358e-01
J_thresh = 1.377718529358e-01
alpha_la = 1.727233711019e-77 | alpha_mu = 1.727233711019e-77
diff     = 0.000000000000e+00
--------------------------------------------------
--- Line Search Iteration 256 ---
----- stdout -----
Submitted SOLVER.sbatch from /usr/users/cea_seism/benede_gio/CEISM-Project/sem3d_config_files -> job 181673
----- stdout -----
Job 181673 finished with state: COMPLETED
SOLVER.sbatch executed in 93.20 seconds
----- stdout -----
J_base   = 1.377718529358e-01
J_learn  = 1.377718529358e-01
J_thresh = 1.377718529358e-01
alpha_la = 8.636168555094e-78 | alpha_mu = 8.636168555094e-78
diff     = 0.000000000000e+00
--------------------------------------------------
--- Line Search Iteration 257 ---
----- stdout -----
Submitted SOLVER.sbatch from /usr/users/cea_seism/benede_gio/CEISM-Project/sem3d_config_files -> job 181675
----- stdout -----
Job 181675 finished with state: COMPLETED
SOLVER.sbatch executed in 93.20 seconds
----- stdout -----
J_base   = 1.377718529358e-01
J_learn  = 1.377718529358e-01
J_thresh = 1.377718529358e-01
alpha_la = 4.318084277547e-78 | alpha_mu = 4.318084277547e-78
diff     = 0.000000000000e+00
--------------------------------------------------
--- Line Search Iteration 258 ---
----- stdout -----
Submitted SOLVER.sbatch from /usr/users/cea_seism/benede_gio/CEISM-Project/sem3d_config_files -> job 181677
----- stdout -----
Job 181677 finished with state: COMPLETED
SOLVER.sbatch executed in 93.20 seconds
----- stdout -----
J_base   = 1.377718529358e-01
J_learn  = 1.377718529358e-01
J_thresh = 1.377718529358e-01
alpha_la = 2.159042138774e-78 | alpha_mu = 2.159042138774e-78
diff     = 0.000000000000e+00
--------------------------------------------------
--- Line Search Iteration 259 ---
----- stdout -----
Submitted SOLVER.sbatch from /usr/users/cea_seism/benede_gio/CEISM-Project/sem3d_config_files -> job 181678
----- stdout -----
Job 181678 finished with state: COMPLETED
SOLVER.sbatch executed in 93.18 seconds
----- stdout -----
J_base   = 1.377718529358e-01
J_learn  = 1.377718529358e-01
J_thresh = 1.377718529358e-01
alpha_la = 1.079521069387e-78 | alpha_mu = 1.079521069387e-78
diff     = 0.000000000000e+00
--------------------------------------------------
--- Line Search Iteration 260 ---
----- stdout -----
Submitted SOLVER.sbatch from /usr/users/cea_seism/benede_gio/CEISM-Project/sem3d_config_files -> job 181680
----- stdout -----
Job 181680 finished with state: COMPLETED
SOLVER.sbatch executed in 93.18 seconds
----- stdout -----
J_base   = 1.377718529358e-01
J_learn  = 1.377718529358e-01
J_thresh = 1.377718529358e-01
alpha_la = 5.397605346934e-79 | alpha_mu = 5.397605346934e-79
diff     = 0.000000000000e+00
--------------------------------------------------
--- Line Search Iteration 261 ---
----- stdout -----
Submitted SOLVER.sbatch from /usr/users/cea_seism/benede_gio/CEISM-Project/sem3d_config_files -> job 181682
----- stdout -----
Job 181682 finished with state: COMPLETED
SOLVER.sbatch executed in 93.17 seconds
----- stdout -----
J_base   = 1.377718529358e-01
J_learn  = 1.377718529358e-01
J_thresh = 1.377718529358e-01
alpha_la = 2.698802673467e-79 | alpha_mu = 2.698802673467e-79
diff     = 0.000000000000e+00
--------------------------------------------------
--- Line Search Iteration 262 ---
----- stdout -----
Submitted SOLVER.sbatch from /usr/users/cea_seism/benede_gio/CEISM-Project/sem3d_config_files -> job 181683
----- stdout -----
Job 181683 finished with state: COMPLETED
SOLVER.sbatch executed in 93.19 seconds
----- stdout -----
J_base   = 1.377718529358e-01
J_learn  = 1.377718529358e-01
J_thresh = 1.377718529358e-01
alpha_la = 1.349401336734e-79 | alpha_mu = 1.349401336734e-79
diff     = 0.000000000000e+00
--------------------------------------------------
--- Line Search Iteration 263 ---
----- stdout -----
Submitted SOLVER.sbatch from /usr/users/cea_seism/benede_gio/CEISM-Project/sem3d_config_files -> job 181685
----- stdout -----
Job 181685 finished with state: COMPLETED
SOLVER.sbatch executed in 93.18 seconds
----- stdout -----
J_base   = 1.377718529358e-01
J_learn  = 1.377718529358e-01
J_thresh = 1.377718529358e-01
alpha_la = 6.747006683668e-80 | alpha_mu = 6.747006683668e-80
diff     = 0.000000000000e+00
--------------------------------------------------
--- Line Search Iteration 264 ---
----- stdout -----
Submitted SOLVER.sbatch from /usr/users/cea_seism/benede_gio/CEISM-Project/sem3d_config_files -> job 181687
----- stdout -----
Job 181687 finished with state: COMPLETED
SOLVER.sbatch executed in 93.17 seconds
----- stdout -----
J_base   = 1.377718529358e-01
J_learn  = 1.377718529358e-01
J_thresh = 1.377718529358e-01
alpha_la = 3.373503341834e-80 | alpha_mu = 3.373503341834e-80
diff     = 0.000000000000e+00
--------------------------------------------------
--- Line Search Iteration 265 ---
----- stdout -----
Submitted SOLVER.sbatch from /usr/users/cea_seism/benede_gio/CEISM-Project/sem3d_config_files -> job 181688
----- stdout -----
Job 181688 finished with state: COMPLETED
SOLVER.sbatch executed in 93.19 seconds
----- stdout -----
J_base   = 1.377718529358e-01
J_learn  = 1.377718529358e-01
J_thresh = 1.377718529358e-01
alpha_la = 1.686751670917e-80 | alpha_mu = 1.686751670917e-80
diff     = 0.000000000000e+00
--------------------------------------------------
--- Line Search Iteration 266 ---
----- stdout -----
Submitted SOLVER.sbatch from /usr/users/cea_seism/benede_gio/CEISM-Project/sem3d_config_files -> job 181690
----- stdout -----
Job 181690 finished with state: COMPLETED
SOLVER.sbatch executed in 93.19 seconds
----- stdout -----
J_base   = 1.377718529358e-01
J_learn  = 1.377718529358e-01
J_thresh = 1.377718529358e-01
alpha_la = 8.433758354584e-81 | alpha_mu = 8.433758354584e-81
diff     = 0.000000000000e+00
--------------------------------------------------
--- Line Search Iteration 267 ---
----- stdout -----
Submitted SOLVER.sbatch from /usr/users/cea_seism/benede_gio/CEISM-Project/sem3d_config_files -> job 181692
----- stdout -----
Job 181692 finished with state: COMPLETED
SOLVER.sbatch executed in 93.19 seconds
----- stdout -----
J_base   = 1.377718529358e-01
J_learn  = 1.377718529358e-01
J_thresh = 1.377718529358e-01
alpha_la = 4.216879177292e-81 | alpha_mu = 4.216879177292e-81
diff     = 0.000000000000e+00
--------------------------------------------------
--- Line Search Iteration 268 ---
----- stdout -----
Submitted SOLVER.sbatch from /usr/users/cea_seism/benede_gio/CEISM-Project/sem3d_config_files -> job 181693
----- stdout -----
Job 181693 finished with state: COMPLETED
SOLVER.sbatch executed in 93.19 seconds
----- stdout -----
J_base   = 1.377718529358e-01
J_learn  = 1.377718529358e-01
J_thresh = 1.377718529358e-01
alpha_la = 2.108439588646e-81 | alpha_mu = 2.108439588646e-81
diff     = 0.000000000000e+00
--------------------------------------------------
--- Line Search Iteration 269 ---
----- stdout -----
Submitted SOLVER.sbatch from /usr/users/cea_seism/benede_gio/CEISM-Project/sem3d_config_files -> job 181695
----- stdout -----
Job 181695 finished with state: COMPLETED
SOLVER.sbatch executed in 93.28 seconds
----- stdout -----
J_base   = 1.377718529358e-01
J_learn  = 1.377718529358e-01
J_thresh = 1.377718529358e-01
alpha_la = 1.054219794323e-81 | alpha_mu = 1.054219794323e-81
diff     = 0.000000000000e+00
--------------------------------------------------
--- Line Search Iteration 270 ---
----- stdout -----
Submitted SOLVER.sbatch from /usr/users/cea_seism/benede_gio/CEISM-Project/sem3d_config_files -> job 181698
----- stdout -----
Job 181698 finished with state: COMPLETED
SOLVER.sbatch executed in 93.19 seconds
----- stdout -----
J_base   = 1.377718529358e-01
J_learn  = 1.377718529358e-01
J_thresh = 1.377718529358e-01
alpha_la = 5.271098971615e-82 | alpha_mu = 5.271098971615e-82
diff     = 0.000000000000e+00
--------------------------------------------------
--- Line Search Iteration 271 ---
----- stdout -----
Submitted SOLVER.sbatch from /usr/users/cea_seism/benede_gio/CEISM-Project/sem3d_config_files -> job 181699
----- stdout -----
Job 181699 finished with state: COMPLETED
SOLVER.sbatch executed in 93.19 seconds
----- stdout -----
J_base   = 1.377718529358e-01
J_learn  = 1.377718529358e-01
J_thresh = 1.377718529358e-01
alpha_la = 2.635549485808e-82 | alpha_mu = 2.635549485808e-82
diff     = 0.000000000000e+00
--------------------------------------------------
--- Line Search Iteration 272 ---
----- stdout -----
Submitted SOLVER.sbatch from /usr/users/cea_seism/benede_gio/CEISM-Project/sem3d_config_files -> job 181704
----- stdout -----
Job 181704 finished with state: COMPLETED
SOLVER.sbatch executed in 93.20 seconds
----- stdout -----
J_base   = 1.377718529358e-01
J_learn  = 1.377718529358e-01
J_thresh = 1.377718529358e-01
alpha_la = 1.317774742904e-82 | alpha_mu = 1.317774742904e-82
diff     = 0.000000000000e+00
--------------------------------------------------
--- Line Search Iteration 273 ---
----- stdout -----
Submitted SOLVER.sbatch from /usr/users/cea_seism/benede_gio/CEISM-Project/sem3d_config_files -> job 181706
----- stdout -----
Job 181706 finished with state: COMPLETED
SOLVER.sbatch executed in 93.19 seconds
----- stdout -----
J_base   = 1.377718529358e-01
J_learn  = 1.377718529358e-01
J_thresh = 1.377718529358e-01
alpha_la = 6.588873714519e-83 | alpha_mu = 6.588873714519e-83
diff     = 0.000000000000e+00
--------------------------------------------------
--- Line Search Iteration 274 ---
----- stdout -----
Submitted SOLVER.sbatch from /usr/users/cea_seism/benede_gio/CEISM-Project/sem3d_config_files -> job 181708
----- stdout -----
Job 181708 finished with state: COMPLETED
SOLVER.sbatch executed in 93.19 seconds
----- stdout -----
J_base   = 1.377718529358e-01
J_learn  = 1.377718529358e-01
J_thresh = 1.377718529358e-01
alpha_la = 3.294436857260e-83 | alpha_mu = 3.294436857260e-83
diff     = 0.000000000000e+00
--------------------------------------------------
--- Line Search Iteration 275 ---
----- stdout -----
Submitted SOLVER.sbatch from /usr/users/cea_seism/benede_gio/CEISM-Project/sem3d_config_files -> job 181709
----- stdout -----
Job 181709 finished with state: COMPLETED
SOLVER.sbatch executed in 93.18 seconds
----- stdout -----
J_base   = 1.377718529358e-01
J_learn  = 1.377718529358e-01
J_thresh = 1.377718529358e-01
alpha_la = 1.647218428630e-83 | alpha_mu = 1.647218428630e-83
diff     = 0.000000000000e+00
--------------------------------------------------
--- Line Search Iteration 276 ---
----- stdout -----
Submitted SOLVER.sbatch from /usr/users/cea_seism/benede_gio/CEISM-Project/sem3d_config_files -> job 181711
----- stdout -----
Job 181711 finished with state: COMPLETED
SOLVER.sbatch executed in 93.20 seconds
----- stdout -----
J_base   = 1.377718529358e-01
J_learn  = 1.377718529358e-01
J_thresh = 1.377718529358e-01
alpha_la = 8.236092143149e-84 | alpha_mu = 8.236092143149e-84
diff     = 0.000000000000e+00
--------------------------------------------------
--- Line Search Iteration 277 ---
----- stdout -----
Submitted SOLVER.sbatch from /usr/users/cea_seism/benede_gio/CEISM-Project/sem3d_config_files -> job 181713
----- stdout -----
Job 181713 finished with state: COMPLETED
SOLVER.sbatch executed in 93.20 seconds
----- stdout -----
J_base   = 1.377718529358e-01
J_learn  = 1.377718529358e-01
J_thresh = 1.377718529358e-01
alpha_la = 4.118046071574e-84 | alpha_mu = 4.118046071574e-84
diff     = 0.000000000000e+00
--------------------------------------------------
--- Line Search Iteration 278 ---
----- stdout -----
Submitted SOLVER.sbatch from /usr/users/cea_seism/benede_gio/CEISM-Project/sem3d_config_files -> job 181719
----- stdout -----
Job 181719 finished with state: COMPLETED
SOLVER.sbatch executed in 93.19 seconds
----- stdout -----
J_base   = 1.377718529358e-01
J_learn  = 1.377718529358e-01
J_thresh = 1.377718529358e-01
alpha_la = 2.059023035787e-84 | alpha_mu = 2.059023035787e-84
diff     = 0.000000000000e+00
--------------------------------------------------
--- Line Search Iteration 279 ---
----- stdout -----
Submitted SOLVER.sbatch from /usr/users/cea_seism/benede_gio/CEISM-Project/sem3d_config_files -> job 181721
----- stdout -----
Job 181721 finished with state: COMPLETED
SOLVER.sbatch executed in 93.18 seconds
----- stdout -----
J_base   = 1.377718529358e-01
J_learn  = 1.377718529358e-01
J_thresh = 1.377718529358e-01
alpha_la = 1.029511517894e-84 | alpha_mu = 1.029511517894e-84
diff     = 0.000000000000e+00
--------------------------------------------------
--- Line Search Iteration 280 ---
----- stdout -----
Submitted SOLVER.sbatch from /usr/users/cea_seism/benede_gio/CEISM-Project/sem3d_config_files -> job 181723
----- stdout -----
Job 181723 finished with state: COMPLETED
SOLVER.sbatch executed in 93.17 seconds
----- stdout -----
J_base   = 1.377718529358e-01
J_learn  = 1.377718529358e-01
J_thresh = 1.377718529358e-01
alpha_la = 5.147557589468e-85 | alpha_mu = 5.147557589468e-85
diff     = 0.000000000000e+00
--------------------------------------------------
--- Line Search Iteration 281 ---
----- stdout -----
Submitted SOLVER.sbatch from /usr/users/cea_seism/benede_gio/CEISM-Project/sem3d_config_files -> job 181724
----- stdout -----
Job 181724 finished with state: COMPLETED
SOLVER.sbatch executed in 93.19 seconds
----- stdout -----
J_base   = 1.377718529358e-01
J_learn  = 1.377718529358e-01
J_thresh = 1.377718529358e-01
alpha_la = 2.573778794734e-85 | alpha_mu = 2.573778794734e-85
diff     = 0.000000000000e+00
--------------------------------------------------
--- Line Search Iteration 282 ---
----- stdout -----
Submitted SOLVER.sbatch from /usr/users/cea_seism/benede_gio/CEISM-Project/sem3d_config_files -> job 181726
----- stdout -----
Job 181726 finished with state: COMPLETED
SOLVER.sbatch executed in 93.20 seconds
----- stdout -----
J_base   = 1.377718529358e-01
J_learn  = 1.377718529358e-01
J_thresh = 1.377718529358e-01
alpha_la = 1.286889397367e-85 | alpha_mu = 1.286889397367e-85
diff     = 0.000000000000e+00
--------------------------------------------------
--- Line Search Iteration 283 ---
----- stdout -----
Submitted SOLVER.sbatch from /usr/users/cea_seism/benede_gio/CEISM-Project/sem3d_config_files -> job 181728
----- stdout -----
Job 181728 finished with state: COMPLETED
SOLVER.sbatch executed in 93.20 seconds
----- stdout -----
J_base   = 1.377718529358e-01
J_learn  = 1.377718529358e-01
J_thresh = 1.377718529358e-01
alpha_la = 6.434446986835e-86 | alpha_mu = 6.434446986835e-86
diff     = 0.000000000000e+00
--------------------------------------------------
--- Line Search Iteration 284 ---
----- stdout -----
Submitted SOLVER.sbatch from /usr/users/cea_seism/benede_gio/CEISM-Project/sem3d_config_files -> job 181729
----- stdout -----
Job 181729 finished with state: COMPLETED
SOLVER.sbatch executed in 93.19 seconds
----- stdout -----
J_base   = 1.377718529358e-01
J_learn  = 1.377718529358e-01
J_thresh = 1.377718529358e-01
alpha_la = 3.217223493418e-86 | alpha_mu = 3.217223493418e-86
diff     = 0.000000000000e+00
--------------------------------------------------
--- Line Search Iteration 285 ---
----- stdout -----
Submitted SOLVER.sbatch from /usr/users/cea_seism/benede_gio/CEISM-Project/sem3d_config_files -> job 181732
----- stdout -----
Job 181732 finished with state: COMPLETED
SOLVER.sbatch executed in 93.20 seconds
----- stdout -----
J_base   = 1.377718529358e-01
J_learn  = 1.377718529358e-01
J_thresh = 1.377718529358e-01
alpha_la = 1.608611746709e-86 | alpha_mu = 1.608611746709e-86
diff     = 0.000000000000e+00
--------------------------------------------------
--- Line Search Iteration 286 ---
----- stdout -----
Submitted SOLVER.sbatch from /usr/users/cea_seism/benede_gio/CEISM-Project/sem3d_config_files -> job 181735
----- stdout -----
Job 181735 finished with state: COMPLETED
SOLVER.sbatch executed in 93.20 seconds
----- stdout -----
J_base   = 1.377718529358e-01
J_learn  = 1.377718529358e-01
J_thresh = 1.377718529358e-01
alpha_la = 8.043058733544e-87 | alpha_mu = 8.043058733544e-87
diff     = 0.000000000000e+00
--------------------------------------------------
--- Line Search Iteration 287 ---
----- stdout -----
Submitted SOLVER.sbatch from /usr/users/cea_seism/benede_gio/CEISM-Project/sem3d_config_files -> job 181737
----- stdout -----
Job 181737 finished with state: COMPLETED
SOLVER.sbatch executed in 93.20 seconds
----- stdout -----
J_base   = 1.377718529358e-01
J_learn  = 1.377718529358e-01
J_thresh = 1.377718529358e-01
alpha_la = 4.021529366772e-87 | alpha_mu = 4.021529366772e-87
diff     = 0.000000000000e+00
--------------------------------------------------
--- Line Search Iteration 288 ---
----- stdout -----
Submitted SOLVER.sbatch from /usr/users/cea_seism/benede_gio/CEISM-Project/sem3d_config_files -> job 181739
----- stdout -----
Job 181739 finished with state: COMPLETED
SOLVER.sbatch executed in 94.34 seconds
----- stdout -----
J_base   = 1.377718529358e-01
J_learn  = 1.377718529358e-01
J_thresh = 1.377718529358e-01
alpha_la = 2.010764683386e-87 | alpha_mu = 2.010764683386e-87
diff     = 0.000000000000e+00
--------------------------------------------------
--- Line Search Iteration 289 ---
----- stdout -----
Submitted SOLVER.sbatch from /usr/users/cea_seism/benede_gio/CEISM-Project/sem3d_config_files -> job 181742
----- stdout -----
Job 181742 finished with state: COMPLETED
SOLVER.sbatch executed in 93.20 seconds
----- stdout -----
J_base   = 1.377718529358e-01
J_learn  = 1.377718529358e-01
J_thresh = 1.377718529358e-01
alpha_la = 1.005382341693e-87 | alpha_mu = 1.005382341693e-87
diff     = 0.000000000000e+00
--------------------------------------------------
--- Line Search Iteration 290 ---
----- stdout -----
Submitted SOLVER.sbatch from /usr/users/cea_seism/benede_gio/CEISM-Project/sem3d_config_files -> job 181743
----- stdout -----
Job 181743 finished with state: COMPLETED
SOLVER.sbatch executed in 93.19 seconds
----- stdout -----
J_base   = 1.377718529358e-01
J_learn  = 1.377718529358e-01
J_thresh = 1.377718529358e-01
alpha_la = 5.026911708465e-88 | alpha_mu = 5.026911708465e-88
diff     = 0.000000000000e+00
--------------------------------------------------
--- Line Search Iteration 291 ---
----- stdout -----
Submitted SOLVER.sbatch from /usr/users/cea_seism/benede_gio/CEISM-Project/sem3d_config_files -> job 181745
----- stdout -----
Job 181745 finished with state: COMPLETED
SOLVER.sbatch executed in 93.20 seconds
----- stdout -----
J_base   = 1.377718529358e-01
J_learn  = 1.377718529358e-01
J_thresh = 1.377718529358e-01
alpha_la = 2.513455854232e-88 | alpha_mu = 2.513455854232e-88
diff     = 0.000000000000e+00
--------------------------------------------------
--- Line Search Iteration 292 ---
----- stdout -----
Submitted SOLVER.sbatch from /usr/users/cea_seism/benede_gio/CEISM-Project/sem3d_config_files -> job 181749
----- stdout -----
Job 181749 finished with state: COMPLETED
SOLVER.sbatch executed in 93.16 seconds
----- stdout -----
J_base   = 1.377718529358e-01
J_learn  = 1.377718529358e-01
J_thresh = 1.377718529358e-01
alpha_la = 1.256727927116e-88 | alpha_mu = 1.256727927116e-88
diff     = 0.000000000000e+00
--------------------------------------------------
--- Line Search Iteration 293 ---
----- stdout -----
Submitted SOLVER.sbatch from /usr/users/cea_seism/benede_gio/CEISM-Project/sem3d_config_files -> job 181751
----- stdout -----
Job 181751 finished with state: COMPLETED
SOLVER.sbatch executed in 93.18 seconds
----- stdout -----
J_base   = 1.377718529358e-01
J_learn  = 1.377718529358e-01
J_thresh = 1.377718529358e-01
alpha_la = 6.283639635581e-89 | alpha_mu = 6.283639635581e-89
diff     = 0.000000000000e+00
--------------------------------------------------
--- Line Search Iteration 294 ---
----- stdout -----
Submitted SOLVER.sbatch from /usr/users/cea_seism/benede_gio/CEISM-Project/sem3d_config_files -> job 181753
----- stdout -----
Job 181753 finished with state: COMPLETED
SOLVER.sbatch executed in 93.19 seconds
----- stdout -----
J_base   = 1.377718529358e-01
J_learn  = 1.377718529358e-01
J_thresh = 1.377718529358e-01
alpha_la = 3.141819817791e-89 | alpha_mu = 3.141819817791e-89
diff     = 0.000000000000e+00
--------------------------------------------------
--- Line Search Iteration 295 ---
----- stdout -----
Submitted SOLVER.sbatch from /usr/users/cea_seism/benede_gio/CEISM-Project/sem3d_config_files -> job 181756
----- stdout -----
Job 181756 finished with state: COMPLETED
SOLVER.sbatch executed in 93.20 seconds
----- stdout -----
J_base   = 1.377718529358e-01
J_learn  = 1.377718529358e-01
J_thresh = 1.377718529358e-01
alpha_la = 1.570909908895e-89 | alpha_mu = 1.570909908895e-89
diff     = 0.000000000000e+00
--------------------------------------------------
--- Line Search Iteration 296 ---
----- stdout -----
Submitted SOLVER.sbatch from /usr/users/cea_seism/benede_gio/CEISM-Project/sem3d_config_files -> job 181758
----- stdout -----
Job 181758 finished with state: COMPLETED
SOLVER.sbatch executed in 93.19 seconds
----- stdout -----
J_base   = 1.377718529358e-01
J_learn  = 1.377718529358e-01
J_thresh = 1.377718529358e-01
alpha_la = 7.854549544476e-90 | alpha_mu = 7.854549544476e-90
diff     = 0.000000000000e+00
--------------------------------------------------
--- Line Search Iteration 297 ---
----- stdout -----
Submitted SOLVER.sbatch from /usr/users/cea_seism/benede_gio/CEISM-Project/sem3d_config_files -> job 181760
----- stdout -----
Job 181760 finished with state: COMPLETED
SOLVER.sbatch executed in 93.19 seconds
----- stdout -----
J_base   = 1.377718529358e-01
J_learn  = 1.377718529358e-01
J_thresh = 1.377718529358e-01
alpha_la = 3.927274772238e-90 | alpha_mu = 3.927274772238e-90
diff     = 0.000000000000e+00
--------------------------------------------------
--- Line Search Iteration 298 ---
----- stdout -----
Submitted SOLVER.sbatch from /usr/users/cea_seism/benede_gio/CEISM-Project/sem3d_config_files -> job 181761
----- stdout -----
Job 181761 finished with state: COMPLETED
SOLVER.sbatch executed in 93.19 seconds
----- stdout -----
J_base   = 1.377718529358e-01
J_learn  = 1.377718529358e-01
J_thresh = 1.377718529358e-01
alpha_la = 1.963637386119e-90 | alpha_mu = 1.963637386119e-90
diff     = 0.000000000000e+00
--------------------------------------------------
--- Line Search Iteration 299 ---
----- stdout -----
Submitted SOLVER.sbatch from /usr/users/cea_seism/benede_gio/CEISM-Project/sem3d_config_files -> job 181765
----- stdout -----
Job 181765 finished with state: COMPLETED
SOLVER.sbatch executed in 93.19 seconds
----- stdout -----
J_base   = 1.377718529358e-01
J_learn  = 1.377718529358e-01
J_thresh = 1.377718529358e-01
alpha_la = 9.818186930595e-91 | alpha_mu = 9.818186930595e-91
diff     = 0.000000000000e+00
--------------------------------------------------
--- Line Search Iteration 300 ---
----- stdout -----
Submitted SOLVER.sbatch from /usr/users/cea_seism/benede_gio/CEISM-Project/sem3d_config_files -> job 181767
----- stdout -----
Job 181767 finished with state: COMPLETED
SOLVER.sbatch executed in 93.19 seconds
----- stdout -----
J_base   = 1.377718529358e-01
J_learn  = 1.377718529358e-01
J_thresh = 1.377718529358e-01
alpha_la = 4.909093465298e-91 | alpha_mu = 4.909093465298e-91
diff     = 0.000000000000e+00
--------------------------------------------------
--- Line Search Iteration 301 ---
----- stdout -----
Submitted SOLVER.sbatch from /usr/users/cea_seism/benede_gio/CEISM-Project/sem3d_config_files -> job 181768
----- stdout -----
Job 181768 finished with state: COMPLETED
SOLVER.sbatch executed in 93.19 seconds
----- stdout -----
J_base   = 1.377718529358e-01
J_learn  = 1.377718529358e-01
J_thresh = 1.377718529358e-01
alpha_la = 2.454546732649e-91 | alpha_mu = 2.454546732649e-91
diff     = 0.000000000000e+00
--------------------------------------------------
--- Line Search Iteration 302 ---
----- stdout -----
Submitted SOLVER.sbatch from /usr/users/cea_seism/benede_gio/CEISM-Project/sem3d_config_files -> job 181770
----- stdout -----
Job 181770 finished with state: COMPLETED
SOLVER.sbatch executed in 93.20 seconds
----- stdout -----
J_base   = 1.377718529358e-01
J_learn  = 1.377718529358e-01
J_thresh = 1.377718529358e-01
alpha_la = 1.227273366324e-91 | alpha_mu = 1.227273366324e-91
diff     = 0.000000000000e+00
--------------------------------------------------
--- Line Search Iteration 303 ---
----- stdout -----
Submitted SOLVER.sbatch from /usr/users/cea_seism/benede_gio/CEISM-Project/sem3d_config_files -> job 181773
----- stdout -----
Job 181773 finished with state: COMPLETED
SOLVER.sbatch executed in 93.19 seconds
----- stdout -----
J_base   = 1.377718529358e-01
J_learn  = 1.377718529358e-01
J_thresh = 1.377718529358e-01
alpha_la = 6.136366831622e-92 | alpha_mu = 6.136366831622e-92
diff     = 0.000000000000e+00
--------------------------------------------------
--- Line Search Iteration 304 ---
----- stdout -----
Submitted SOLVER.sbatch from /usr/users/cea_seism/benede_gio/CEISM-Project/sem3d_config_files -> job 181774
----- stdout -----
Job 181774 finished with state: COMPLETED
SOLVER.sbatch executed in 93.16 seconds
----- stdout -----
J_base   = 1.377718529358e-01
J_learn  = 1.377718529358e-01
J_thresh = 1.377718529358e-01
alpha_la = 3.068183415811e-92 | alpha_mu = 3.068183415811e-92
diff     = 0.000000000000e+00
--------------------------------------------------
--- Line Search Iteration 305 ---
----- stdout -----
Submitted SOLVER.sbatch from /usr/users/cea_seism/benede_gio/CEISM-Project/sem3d_config_files -> job 181776
----- stdout -----
Job 181776 finished with state: COMPLETED
SOLVER.sbatch executed in 93.20 seconds
----- stdout -----
J_base   = 1.377718529358e-01
J_learn  = 1.377718529358e-01
J_thresh = 1.377718529358e-01
alpha_la = 1.534091707906e-92 | alpha_mu = 1.534091707906e-92
diff     = 0.000000000000e+00
--------------------------------------------------
--- Line Search Iteration 306 ---
----- stdout -----
Submitted SOLVER.sbatch from /usr/users/cea_seism/benede_gio/CEISM-Project/sem3d_config_files -> job 181778
----- stdout -----
Job 181778 finished with state: COMPLETED
SOLVER.sbatch executed in 93.20 seconds
----- stdout -----
J_base   = 1.377718529358e-01
J_learn  = 1.377718529358e-01
J_thresh = 1.377718529358e-01
alpha_la = 7.670458539528e-93 | alpha_mu = 7.670458539528e-93
diff     = 0.000000000000e+00
--------------------------------------------------
--- Line Search Iteration 307 ---
----- stdout -----
Submitted SOLVER.sbatch from /usr/users/cea_seism/benede_gio/CEISM-Project/sem3d_config_files -> job 181780
----- stdout -----
Job 181780 finished with state: COMPLETED
SOLVER.sbatch executed in 93.18 seconds
----- stdout -----
J_base   = 1.377718529358e-01
J_learn  = 1.377718529358e-01
J_thresh = 1.377718529358e-01
alpha_la = 3.835229269764e-93 | alpha_mu = 3.835229269764e-93
diff     = 0.000000000000e+00
--------------------------------------------------
--- Line Search Iteration 308 ---
----- stdout -----
Submitted SOLVER.sbatch from /usr/users/cea_seism/benede_gio/CEISM-Project/sem3d_config_files -> job 181782
----- stdout -----
Job 181782 finished with state: COMPLETED
SOLVER.sbatch executed in 93.16 seconds
----- stdout -----
J_base   = 1.377718529358e-01
J_learn  = 1.377718529358e-01
J_thresh = 1.377718529358e-01
alpha_la = 1.917614634882e-93 | alpha_mu = 1.917614634882e-93
diff     = 0.000000000000e+00
--------------------------------------------------
--- Line Search Iteration 309 ---
----- stdout -----
Submitted SOLVER.sbatch from /usr/users/cea_seism/benede_gio/CEISM-Project/sem3d_config_files -> job 181784
----- stdout -----
Job 181784 finished with state: COMPLETED
SOLVER.sbatch executed in 93.20 seconds
----- stdout -----
J_base   = 1.377718529358e-01
J_learn  = 1.377718529358e-01
J_thresh = 1.377718529358e-01
alpha_la = 9.588073174410e-94 | alpha_mu = 9.588073174410e-94
diff     = 0.000000000000e+00
--------------------------------------------------
--- Line Search Iteration 310 ---
----- stdout -----
Submitted SOLVER.sbatch from /usr/users/cea_seism/benede_gio/CEISM-Project/sem3d_config_files -> job 181785
----- stdout -----
Job 181785 finished with state: COMPLETED
SOLVER.sbatch executed in 93.20 seconds
----- stdout -----
J_base   = 1.377718529358e-01
J_learn  = 1.377718529358e-01
J_thresh = 1.377718529358e-01
alpha_la = 4.794036587205e-94 | alpha_mu = 4.794036587205e-94
diff     = 0.000000000000e+00
--------------------------------------------------
--- Line Search Iteration 311 ---
----- stdout -----
Submitted SOLVER.sbatch from /usr/users/cea_seism/benede_gio/CEISM-Project/sem3d_config_files -> job 181787
----- stdout -----
Job 181787 finished with state: COMPLETED
SOLVER.sbatch executed in 93.19 seconds
----- stdout -----
J_base   = 1.377718529358e-01
J_learn  = 1.377718529358e-01
J_thresh = 1.377718529358e-01
alpha_la = 2.397018293602e-94 | alpha_mu = 2.397018293602e-94
diff     = 0.000000000000e+00
--------------------------------------------------
--- Line Search Iteration 312 ---
----- stdout -----
Submitted SOLVER.sbatch from /usr/users/cea_seism/benede_gio/CEISM-Project/sem3d_config_files -> job 181789
----- stdout -----
Job 181789 finished with state: COMPLETED
SOLVER.sbatch executed in 93.17 seconds
----- stdout -----
J_base   = 1.377718529358e-01
J_learn  = 1.377718529358e-01
J_thresh = 1.377718529358e-01
alpha_la = 1.198509146801e-94 | alpha_mu = 1.198509146801e-94
diff     = 0.000000000000e+00
--------------------------------------------------
--- Line Search Iteration 313 ---
----- stdout -----
Submitted SOLVER.sbatch from /usr/users/cea_seism/benede_gio/CEISM-Project/sem3d_config_files -> job 181791
----- stdout -----
Job 181791 finished with state: COMPLETED
SOLVER.sbatch executed in 93.19 seconds
----- stdout -----
J_base   = 1.377718529358e-01
J_learn  = 1.377718529358e-01
J_thresh = 1.377718529358e-01
alpha_la = 5.992545734006e-95 | alpha_mu = 5.992545734006e-95
diff     = 0.000000000000e+00
--------------------------------------------------
--- Line Search Iteration 314 ---
----- stdout -----
Submitted SOLVER.sbatch from /usr/users/cea_seism/benede_gio/CEISM-Project/sem3d_config_files -> job 181793
----- stdout -----
Job 181793 finished with state: COMPLETED
SOLVER.sbatch executed in 93.19 seconds
----- stdout -----
J_base   = 1.377718529358e-01
J_learn  = 1.377718529358e-01
J_thresh = 1.377718529358e-01
alpha_la = 2.996272867003e-95 | alpha_mu = 2.996272867003e-95
diff     = 0.000000000000e+00
--------------------------------------------------
--- Line Search Iteration 315 ---
----- stdout -----
Submitted SOLVER.sbatch from /usr/users/cea_seism/benede_gio/CEISM-Project/sem3d_config_files -> job 181794
----- stdout -----
Job 181794 finished with state: COMPLETED
SOLVER.sbatch executed in 93.18 seconds
----- stdout -----
J_base   = 1.377718529358e-01
J_learn  = 1.377718529358e-01
J_thresh = 1.377718529358e-01
alpha_la = 1.498136433502e-95 | alpha_mu = 1.498136433502e-95
diff     = 0.000000000000e+00
--------------------------------------------------
--- Line Search Iteration 316 ---
----- stdout -----
Submitted SOLVER.sbatch from /usr/users/cea_seism/benede_gio/CEISM-Project/sem3d_config_files -> job 181796
----- stdout -----
Job 181796 finished with state: COMPLETED
SOLVER.sbatch executed in 93.19 seconds
----- stdout -----
J_base   = 1.377718529358e-01
J_learn  = 1.377718529358e-01
J_thresh = 1.377718529358e-01
alpha_la = 7.490682167508e-96 | alpha_mu = 7.490682167508e-96
diff     = 0.000000000000e+00
--------------------------------------------------
--- Line Search Iteration 317 ---
----- stdout -----
Submitted SOLVER.sbatch from /usr/users/cea_seism/benede_gio/CEISM-Project/sem3d_config_files -> job 181798
----- stdout -----
Job 181798 finished with state: COMPLETED
SOLVER.sbatch executed in 93.20 seconds
----- stdout -----
J_base   = 1.377718529358e-01
J_learn  = 1.377718529358e-01
J_thresh = 1.377718529358e-01
alpha_la = 3.745341083754e-96 | alpha_mu = 3.745341083754e-96
diff     = 0.000000000000e+00
--------------------------------------------------
--- Line Search Iteration 318 ---
----- stdout -----
Submitted SOLVER.sbatch from /usr/users/cea_seism/benede_gio/CEISM-Project/sem3d_config_files -> job 181800
----- stdout -----
Job 181800 finished with state: COMPLETED
SOLVER.sbatch executed in 93.18 seconds
----- stdout -----
J_base   = 1.377718529358e-01
J_learn  = 1.377718529358e-01
J_thresh = 1.377718529358e-01
alpha_la = 1.872670541877e-96 | alpha_mu = 1.872670541877e-96
diff     = 0.000000000000e+00
--------------------------------------------------
--- Line Search Iteration 319 ---
----- stdout -----
Submitted SOLVER.sbatch from /usr/users/cea_seism/benede_gio/CEISM-Project/sem3d_config_files -> job 181802
----- stdout -----
Job 181802 finished with state: COMPLETED
SOLVER.sbatch executed in 93.19 seconds
----- stdout -----
J_base   = 1.377718529358e-01
J_learn  = 1.377718529358e-01
J_thresh = 1.377718529358e-01
alpha_la = 9.363352709384e-97 | alpha_mu = 9.363352709384e-97
diff     = 0.000000000000e+00
--------------------------------------------------
--- Line Search Iteration 320 ---
----- stdout -----
Submitted SOLVER.sbatch from /usr/users/cea_seism/benede_gio/CEISM-Project/sem3d_config_files -> job 181804
----- stdout -----
Job 181804 finished with state: COMPLETED
SOLVER.sbatch executed in 93.18 seconds
----- stdout -----
J_base   = 1.377718529358e-01
J_learn  = 1.377718529358e-01
J_thresh = 1.377718529358e-01
alpha_la = 4.681676354692e-97 | alpha_mu = 4.681676354692e-97
diff     = 0.000000000000e+00
--------------------------------------------------
--- Line Search Iteration 321 ---
----- stdout -----
Submitted SOLVER.sbatch from /usr/users/cea_seism/benede_gio/CEISM-Project/sem3d_config_files -> job 181806
----- stdout -----
Job 181806 finished with state: COMPLETED
SOLVER.sbatch executed in 93.20 seconds
----- stdout -----
J_base   = 1.377718529358e-01
J_learn  = 1.377718529358e-01
J_thresh = 1.377718529358e-01
alpha_la = 2.340838177346e-97 | alpha_mu = 2.340838177346e-97
diff     = 0.000000000000e+00
--------------------------------------------------
--- Line Search Iteration 322 ---
----- stdout -----
Submitted SOLVER.sbatch from /usr/users/cea_seism/benede_gio/CEISM-Project/sem3d_config_files -> job 181808
----- stdout -----
Job 181808 finished with state: COMPLETED
SOLVER.sbatch executed in 93.19 seconds
----- stdout -----
J_base   = 1.377718529358e-01
J_learn  = 1.377718529358e-01
J_thresh = 1.377718529358e-01
alpha_la = 1.170419088673e-97 | alpha_mu = 1.170419088673e-97
diff     = 0.000000000000e+00
--------------------------------------------------
--- Line Search Iteration 323 ---
----- stdout -----
Submitted SOLVER.sbatch from /usr/users/cea_seism/benede_gio/CEISM-Project/sem3d_config_files -> job 181810
----- stdout -----
Job 181810 finished with state: COMPLETED
SOLVER.sbatch executed in 93.18 seconds
----- stdout -----
J_base   = 1.377718529358e-01
J_learn  = 1.377718529358e-01
J_thresh = 1.377718529358e-01
alpha_la = 5.852095443365e-98 | alpha_mu = 5.852095443365e-98
diff     = 0.000000000000e+00
--------------------------------------------------
--- Line Search Iteration 324 ---
----- stdout -----
Submitted SOLVER.sbatch from /usr/users/cea_seism/benede_gio/CEISM-Project/sem3d_config_files -> job 181812
----- stdout -----
Job 181812 finished with state: COMPLETED
SOLVER.sbatch executed in 93.19 seconds
----- stdout -----
J_base   = 1.377718529358e-01
J_learn  = 1.377718529358e-01
J_thresh = 1.377718529358e-01
alpha_la = 2.926047721683e-98 | alpha_mu = 2.926047721683e-98
diff     = 0.000000000000e+00
--------------------------------------------------
--- Line Search Iteration 325 ---
----- stdout -----
Submitted SOLVER.sbatch from /usr/users/cea_seism/benede_gio/CEISM-Project/sem3d_config_files -> job 181814
----- stdout -----
Job 181814 finished with state: COMPLETED
SOLVER.sbatch executed in 93.19 seconds
----- stdout -----
J_base   = 1.377718529358e-01
J_learn  = 1.377718529358e-01
J_thresh = 1.377718529358e-01
alpha_la = 1.463023860841e-98 | alpha_mu = 1.463023860841e-98
diff     = 0.000000000000e+00
--------------------------------------------------
--- Line Search Iteration 326 ---
----- stdout -----
Submitted SOLVER.sbatch from /usr/users/cea_seism/benede_gio/CEISM-Project/sem3d_config_files -> job 181816
----- stdout -----
Job 181816 finished with state: COMPLETED
SOLVER.sbatch executed in 93.20 seconds
----- stdout -----
J_base   = 1.377718529358e-01
J_learn  = 1.377718529358e-01
J_thresh = 1.377718529358e-01
alpha_la = 7.315119304207e-99 | alpha_mu = 7.315119304207e-99
diff     = 0.000000000000e+00
--------------------------------------------------
--- Line Search Iteration 327 ---
----- stdout -----
Submitted SOLVER.sbatch from /usr/users/cea_seism/benede_gio/CEISM-Project/sem3d_config_files -> job 181820
----- stdout -----
Job 181820 finished with state: COMPLETED
SOLVER.sbatch executed in 93.19 seconds
----- stdout -----
J_base   = 1.377718529358e-01
J_learn  = 1.377718529358e-01
J_thresh = 1.377718529358e-01
alpha_la = 3.657559652103e-99 | alpha_mu = 3.657559652103e-99
diff     = 0.000000000000e+00
--------------------------------------------------
--- Line Search Iteration 328 ---
----- stdout -----
Submitted SOLVER.sbatch from /usr/users/cea_seism/benede_gio/CEISM-Project/sem3d_config_files -> job 181823
----- stdout -----
Job 181823 finished with state: COMPLETED
SOLVER.sbatch executed in 93.18 seconds
----- stdout -----
J_base   = 1.377718529358e-01
J_learn  = 1.377718529358e-01
J_thresh = 1.377718529358e-01
alpha_la = 1.828779826052e-99 | alpha_mu = 1.828779826052e-99
diff     = 0.000000000000e+00
--------------------------------------------------
--- Line Search Iteration 329 ---
----- stdout -----
Submitted SOLVER.sbatch from /usr/users/cea_seism/benede_gio/CEISM-Project/sem3d_config_files -> job 181826
----- stdout -----
Job 181826 finished with state: COMPLETED
SOLVER.sbatch executed in 93.19 seconds
----- stdout -----
J_base   = 1.377718529358e-01
J_learn  = 1.377718529358e-01
J_thresh = 1.377718529358e-01
alpha_la = 9.143899130258e-100 | alpha_mu = 9.143899130258e-100
diff     = 0.000000000000e+00
--------------------------------------------------
--- Line Search Iteration 330 ---
----- stdout -----
Submitted SOLVER.sbatch from /usr/users/cea_seism/benede_gio/CEISM-Project/sem3d_config_files -> job 181828
----- stdout -----
Job 181828 finished with state: COMPLETED
SOLVER.sbatch executed in 93.19 seconds
----- stdout -----
J_base   = 1.377718529358e-01
J_learn  = 1.377718529358e-01
J_thresh = 1.377718529358e-01
alpha_la = 4.571949565129e-100 | alpha_mu = 4.571949565129e-100
diff     = 0.000000000000e+00
--------------------------------------------------
--- Line Search Iteration 331 ---
----- stdout -----
Submitted SOLVER.sbatch from /usr/users/cea_seism/benede_gio/CEISM-Project/sem3d_config_files -> job 181829
----- stdout -----
Job 181829 finished with state: COMPLETED
SOLVER.sbatch executed in 93.18 seconds
----- stdout -----
J_base   = 1.377718529358e-01
J_learn  = 1.377718529358e-01
J_thresh = 1.377718529358e-01
alpha_la = 2.285974782565e-100 | alpha_mu = 2.285974782565e-100
diff     = 0.000000000000e+00
--------------------------------------------------
--- Line Search Iteration 332 ---
----- stdout -----
Submitted SOLVER.sbatch from /usr/users/cea_seism/benede_gio/CEISM-Project/sem3d_config_files -> job 181832
----- stdout -----
Job 181832 finished with state: COMPLETED
SOLVER.sbatch executed in 93.19 seconds
----- stdout -----
J_base   = 1.377718529358e-01
J_learn  = 1.377718529358e-01
J_thresh = 1.377718529358e-01
alpha_la = 1.142987391282e-100 | alpha_mu = 1.142987391282e-100
diff     = 0.000000000000e+00
--------------------------------------------------
--- Line Search Iteration 333 ---
----- stdout -----
Submitted SOLVER.sbatch from /usr/users/cea_seism/benede_gio/CEISM-Project/sem3d_config_files -> job 181834
----- stdout -----
Job 181834 finished with state: COMPLETED
SOLVER.sbatch executed in 93.17 seconds
----- stdout -----
J_base   = 1.377718529358e-01
J_learn  = 1.377718529358e-01
J_thresh = 1.377718529358e-01
alpha_la = 5.714936956411e-101 | alpha_mu = 5.714936956411e-101
diff     = 0.000000000000e+00
--------------------------------------------------
--- Line Search Iteration 334 ---
----- stdout -----
Submitted SOLVER.sbatch from /usr/users/cea_seism/benede_gio/CEISM-Project/sem3d_config_files -> job 181836
----- stdout -----
Job 181836 finished with state: COMPLETED
SOLVER.sbatch executed in 93.20 seconds
----- stdout -----
J_base   = 1.377718529358e-01
J_learn  = 1.377718529358e-01
J_thresh = 1.377718529358e-01
alpha_la = 2.857468478206e-101 | alpha_mu = 2.857468478206e-101
diff     = 0.000000000000e+00
--------------------------------------------------
--- Line Search Iteration 335 ---
----- stdout -----
Submitted SOLVER.sbatch from /usr/users/cea_seism/benede_gio/CEISM-Project/sem3d_config_files -> job 181840
----- stdout -----
Job 181840 finished with state: COMPLETED
SOLVER.sbatch executed in 93.26 seconds
----- stdout -----
J_base   = 1.377718529358e-01
J_learn  = 1.377718529358e-01
J_thresh = 1.377718529358e-01
alpha_la = 1.428734239103e-101 | alpha_mu = 1.428734239103e-101
diff     = 0.000000000000e+00
--------------------------------------------------
--- Line Search Iteration 336 ---
----- stdout -----
Submitted SOLVER.sbatch from /usr/users/cea_seism/benede_gio/CEISM-Project/sem3d_config_files -> job 181843
----- stdout -----
Job 181843 finished with state: COMPLETED
SOLVER.sbatch executed in 93.19 seconds
----- stdout -----
J_base   = 1.377718529358e-01
J_learn  = 1.377718529358e-01
J_thresh = 1.377718529358e-01
alpha_la = 7.143671195514e-102 | alpha_mu = 7.143671195514e-102
diff     = 0.000000000000e+00
--------------------------------------------------
--- Line Search Iteration 337 ---
----- stdout -----
Submitted SOLVER.sbatch from /usr/users/cea_seism/benede_gio/CEISM-Project/sem3d_config_files -> job 181845
----- stdout -----
Job 181845 finished with state: COMPLETED
SOLVER.sbatch executed in 93.18 seconds
----- stdout -----
J_base   = 1.377718529358e-01
J_learn  = 1.377718529358e-01
J_thresh = 1.377718529358e-01
alpha_la = 3.571835597757e-102 | alpha_mu = 3.571835597757e-102
diff     = 0.000000000000e+00
--------------------------------------------------
--- Line Search Iteration 338 ---
----- stdout -----
Submitted SOLVER.sbatch from /usr/users/cea_seism/benede_gio/CEISM-Project/sem3d_config_files -> job 181847
----- stdout -----
Job 181847 finished with state: COMPLETED
SOLVER.sbatch executed in 93.18 seconds
----- stdout -----
J_base   = 1.377718529358e-01
J_learn  = 1.377718529358e-01
J_thresh = 1.377718529358e-01
alpha_la = 1.785917798879e-102 | alpha_mu = 1.785917798879e-102
diff     = 0.000000000000e+00
--------------------------------------------------
--- Line Search Iteration 339 ---
----- stdout -----
Submitted SOLVER.sbatch from /usr/users/cea_seism/benede_gio/CEISM-Project/sem3d_config_files -> job 181850
----- stdout -----
Job 181850 finished with state: COMPLETED
SOLVER.sbatch executed in 93.18 seconds
----- stdout -----
J_base   = 1.377718529358e-01
J_learn  = 1.377718529358e-01
J_thresh = 1.377718529358e-01
alpha_la = 8.929588994393e-103 | alpha_mu = 8.929588994393e-103
diff     = 0.000000000000e+00
--------------------------------------------------
--- Line Search Iteration 340 ---
----- stdout -----
Submitted SOLVER.sbatch from /usr/users/cea_seism/benede_gio/CEISM-Project/sem3d_config_files -> job 181851
----- stdout -----
Job 181851 finished with state: COMPLETED
SOLVER.sbatch executed in 93.17 seconds
----- stdout -----
J_base   = 1.377718529358e-01
J_learn  = 1.377718529358e-01
J_thresh = 1.377718529358e-01
alpha_la = 4.464794497196e-103 | alpha_mu = 4.464794497196e-103
diff     = 0.000000000000e+00
--------------------------------------------------
--- Line Search Iteration 341 ---
----- stdout -----
Submitted SOLVER.sbatch from /usr/users/cea_seism/benede_gio/CEISM-Project/sem3d_config_files -> job 181854
----- stdout -----
Job 181854 finished with state: COMPLETED
SOLVER.sbatch executed in 93.20 seconds
----- stdout -----
J_base   = 1.377718529358e-01
J_learn  = 1.377718529358e-01
J_thresh = 1.377718529358e-01
alpha_la = 2.232397248598e-103 | alpha_mu = 2.232397248598e-103
diff     = 0.000000000000e+00
--------------------------------------------------
--- Line Search Iteration 342 ---
----- stdout -----
Submitted SOLVER.sbatch from /usr/users/cea_seism/benede_gio/CEISM-Project/sem3d_config_files -> job 181856
----- stdout -----
Job 181856 finished with state: COMPLETED
SOLVER.sbatch executed in 93.17 seconds
----- stdout -----
J_base   = 1.377718529358e-01
J_learn  = 1.377718529358e-01
J_thresh = 1.377718529358e-01
alpha_la = 1.116198624299e-103 | alpha_mu = 1.116198624299e-103
diff     = 0.000000000000e+00
--------------------------------------------------
--- Line Search Iteration 343 ---
----- stdout -----
Submitted SOLVER.sbatch from /usr/users/cea_seism/benede_gio/CEISM-Project/sem3d_config_files -> job 181857
----- stdout -----
Job 181857 finished with state: COMPLETED
SOLVER.sbatch executed in 93.20 seconds
----- stdout -----
J_base   = 1.377718529358e-01
J_learn  = 1.377718529358e-01
J_thresh = 1.377718529358e-01
alpha_la = 5.580993121495e-104 | alpha_mu = 5.580993121495e-104
diff     = 0.000000000000e+00
--------------------------------------------------
--- Line Search Iteration 344 ---
----- stdout -----
Submitted SOLVER.sbatch from /usr/users/cea_seism/benede_gio/CEISM-Project/sem3d_config_files -> job 181859
----- stdout -----
Job 181859 finished with state: COMPLETED
SOLVER.sbatch executed in 93.20 seconds
----- stdout -----
J_base   = 1.377718529358e-01
J_learn  = 1.377718529358e-01
J_thresh = 1.377718529358e-01
alpha_la = 2.790496560748e-104 | alpha_mu = 2.790496560748e-104
diff     = 0.000000000000e+00
--------------------------------------------------
--- Line Search Iteration 345 ---
----- stdout -----
Submitted SOLVER.sbatch from /usr/users/cea_seism/benede_gio/CEISM-Project/sem3d_config_files -> job 181863
----- stdout -----
Job 181863 finished with state: COMPLETED
SOLVER.sbatch executed in 93.17 seconds
----- stdout -----
J_base   = 1.377718529358e-01
J_learn  = 1.377718529358e-01
J_thresh = 1.377718529358e-01
alpha_la = 1.395248280374e-104 | alpha_mu = 1.395248280374e-104
diff     = 0.000000000000e+00
--------------------------------------------------
--- Line Search Iteration 346 ---
----- stdout -----
Submitted SOLVER.sbatch from /usr/users/cea_seism/benede_gio/CEISM-Project/sem3d_config_files -> job 181864
----- stdout -----
Job 181864 finished with state: COMPLETED
SOLVER.sbatch executed in 93.17 seconds
----- stdout -----
J_base   = 1.377718529358e-01
J_learn  = 1.377718529358e-01
J_thresh = 1.377718529358e-01
alpha_la = 6.976241401869e-105 | alpha_mu = 6.976241401869e-105
diff     = 0.000000000000e+00
--------------------------------------------------
--- Line Search Iteration 347 ---
----- stdout -----
Submitted SOLVER.sbatch from /usr/users/cea_seism/benede_gio/CEISM-Project/sem3d_config_files -> job 181866
----- stdout -----
Job 181866 finished with state: COMPLETED
SOLVER.sbatch executed in 93.20 seconds
----- stdout -----
J_base   = 1.377718529358e-01
J_learn  = 1.377718529358e-01
J_thresh = 1.377718529358e-01
alpha_la = 3.488120700935e-105 | alpha_mu = 3.488120700935e-105
diff     = 0.000000000000e+00
--------------------------------------------------
--- Line Search Iteration 348 ---
----- stdout -----
Submitted SOLVER.sbatch from /usr/users/cea_seism/benede_gio/CEISM-Project/sem3d_config_files -> job 181868
----- stdout -----
Job 181868 finished with state: COMPLETED
SOLVER.sbatch executed in 93.20 seconds
----- stdout -----
J_base   = 1.377718529358e-01
J_learn  = 1.377718529358e-01
J_thresh = 1.377718529358e-01
alpha_la = 1.744060350467e-105 | alpha_mu = 1.744060350467e-105
diff     = 0.000000000000e+00
--------------------------------------------------
--- Line Search Iteration 349 ---
----- stdout -----
Submitted SOLVER.sbatch from /usr/users/cea_seism/benede_gio/CEISM-Project/sem3d_config_files -> job 181869
----- stdout -----
Job 181869 finished with state: COMPLETED
SOLVER.sbatch executed in 93.19 seconds
----- stdout -----
J_base   = 1.377718529358e-01
J_learn  = 1.377718529358e-01
J_thresh = 1.377718529358e-01
alpha_la = 8.720301752337e-106 | alpha_mu = 8.720301752337e-106
diff     = 0.000000000000e+00
--------------------------------------------------
--- Line Search Iteration 350 ---
----- stdout -----
Submitted SOLVER.sbatch from /usr/users/cea_seism/benede_gio/CEISM-Project/sem3d_config_files -> job 181871
----- stdout -----
Job 181871 finished with state: COMPLETED
SOLVER.sbatch executed in 93.22 seconds
----- stdout -----
J_base   = 1.377718529358e-01
J_learn  = 1.377718529358e-01
J_thresh = 1.377718529358e-01
alpha_la = 4.360150876168e-106 | alpha_mu = 4.360150876168e-106
diff     = 0.000000000000e+00
--------------------------------------------------
--- Line Search Iteration 351 ---
----- stdout -----
Submitted SOLVER.sbatch from /usr/users/cea_seism/benede_gio/CEISM-Project/sem3d_config_files -> job 181874
----- stdout -----
Job 181874 finished with state: COMPLETED
SOLVER.sbatch executed in 93.18 seconds
----- stdout -----
J_base   = 1.377718529358e-01
J_learn  = 1.377718529358e-01
J_thresh = 1.377718529358e-01
alpha_la = 2.180075438084e-106 | alpha_mu = 2.180075438084e-106
diff     = 0.000000000000e+00
--------------------------------------------------
--- Line Search Iteration 352 ---
----- stdout -----
Submitted SOLVER.sbatch from /usr/users/cea_seism/benede_gio/CEISM-Project/sem3d_config_files -> job 181875
----- stdout -----
Job 181875 finished with state: COMPLETED
SOLVER.sbatch executed in 93.20 seconds
----- stdout -----
J_base   = 1.377718529358e-01
J_learn  = 1.377718529358e-01
J_thresh = 1.377718529358e-01
alpha_la = 1.090037719042e-106 | alpha_mu = 1.090037719042e-106
diff     = 0.000000000000e+00
--------------------------------------------------
--- Line Search Iteration 353 ---
----- stdout -----
Submitted SOLVER.sbatch from /usr/users/cea_seism/benede_gio/CEISM-Project/sem3d_config_files -> job 181877
----- stdout -----
Job 181877 finished with state: COMPLETED
SOLVER.sbatch executed in 93.18 seconds
----- stdout -----
J_base   = 1.377718529358e-01
J_learn  = 1.377718529358e-01
J_thresh = 1.377718529358e-01
alpha_la = 5.450188595210e-107 | alpha_mu = 5.450188595210e-107
diff     = 0.000000000000e+00
--------------------------------------------------
--- Line Search Iteration 354 ---
----- stdout -----
Submitted SOLVER.sbatch from /usr/users/cea_seism/benede_gio/CEISM-Project/sem3d_config_files -> job 181879
----- stdout -----
Job 181879 finished with state: COMPLETED
SOLVER.sbatch executed in 93.19 seconds
----- stdout -----
J_base   = 1.377718529358e-01
J_learn  = 1.377718529358e-01
J_thresh = 1.377718529358e-01
alpha_la = 2.725094297605e-107 | alpha_mu = 2.725094297605e-107
diff     = 0.000000000000e+00
--------------------------------------------------
--- Line Search Iteration 355 ---
----- stdout -----
Submitted SOLVER.sbatch from /usr/users/cea_seism/benede_gio/CEISM-Project/sem3d_config_files -> job 181881
----- stdout -----
Job 181881 finished with state: COMPLETED
SOLVER.sbatch executed in 93.19 seconds
----- stdout -----
J_base   = 1.377718529358e-01
J_learn  = 1.377718529358e-01
J_thresh = 1.377718529358e-01
alpha_la = 1.362547148803e-107 | alpha_mu = 1.362547148803e-107
diff     = 0.000000000000e+00
--------------------------------------------------
--- Line Search Iteration 356 ---
----- stdout -----
Submitted SOLVER.sbatch from /usr/users/cea_seism/benede_gio/CEISM-Project/sem3d_config_files -> job 181883
----- stdout -----
Job 181883 finished with state: COMPLETED
SOLVER.sbatch executed in 93.20 seconds
----- stdout -----
J_base   = 1.377718529358e-01
J_learn  = 1.377718529358e-01
J_thresh = 1.377718529358e-01
alpha_la = 6.812735744013e-108 | alpha_mu = 6.812735744013e-108
diff     = 0.000000000000e+00
--------------------------------------------------
--- Line Search Iteration 357 ---
----- stdout -----
Submitted SOLVER.sbatch from /usr/users/cea_seism/benede_gio/CEISM-Project/sem3d_config_files -> job 181885
----- stdout -----
Job 181885 finished with state: COMPLETED
SOLVER.sbatch executed in 93.18 seconds
----- stdout -----
J_base   = 1.377718529358e-01
J_learn  = 1.377718529358e-01
J_thresh = 1.377718529358e-01
alpha_la = 3.406367872007e-108 | alpha_mu = 3.406367872007e-108
diff     = 0.000000000000e+00
--------------------------------------------------
--- Line Search Iteration 358 ---
----- stdout -----
Submitted SOLVER.sbatch from /usr/users/cea_seism/benede_gio/CEISM-Project/sem3d_config_files -> job 181886
----- stdout -----
Job 181886 finished with state: COMPLETED
SOLVER.sbatch executed in 93.18 seconds
----- stdout -----
J_base   = 1.377718529358e-01
J_learn  = 1.377718529358e-01
J_thresh = 1.377718529358e-01
alpha_la = 1.703183936003e-108 | alpha_mu = 1.703183936003e-108
diff     = 0.000000000000e+00
--------------------------------------------------
--- Line Search Iteration 359 ---
----- stdout -----
Submitted SOLVER.sbatch from /usr/users/cea_seism/benede_gio/CEISM-Project/sem3d_config_files -> job 181892
----- stdout -----
Job 181892 finished with state: COMPLETED
SOLVER.sbatch executed in 93.19 seconds
----- stdout -----
J_base   = 1.377718529358e-01
J_learn  = 1.377718529358e-01
J_thresh = 1.377718529358e-01
alpha_la = 8.515919680016e-109 | alpha_mu = 8.515919680016e-109
diff     = 0.000000000000e+00
--------------------------------------------------
--- Line Search Iteration 360 ---
----- stdout -----
Submitted SOLVER.sbatch from /usr/users/cea_seism/benede_gio/CEISM-Project/sem3d_config_files -> job 181895
----- stdout -----
Job 181895 finished with state: COMPLETED
SOLVER.sbatch executed in 93.19 seconds
----- stdout -----
J_base   = 1.377718529358e-01
J_learn  = 1.377718529358e-01
J_thresh = 1.377718529358e-01
alpha_la = 4.257959840008e-109 | alpha_mu = 4.257959840008e-109
diff     = 0.000000000000e+00
--------------------------------------------------
--- Line Search Iteration 361 ---
----- stdout -----
Submitted SOLVER.sbatch from /usr/users/cea_seism/benede_gio/CEISM-Project/sem3d_config_files -> job 181896
----- stdout -----
Job 181896 finished with state: COMPLETED
SOLVER.sbatch executed in 93.19 seconds
----- stdout -----
J_base   = 1.377718529358e-01
J_learn  = 1.377718529358e-01
J_thresh = 1.377718529358e-01
alpha_la = 2.128979920004e-109 | alpha_mu = 2.128979920004e-109
diff     = 0.000000000000e+00
--------------------------------------------------
--- Line Search Iteration 362 ---
----- stdout -----
Submitted SOLVER.sbatch from /usr/users/cea_seism/benede_gio/CEISM-Project/sem3d_config_files -> job 181899
----- stdout -----
Job 181899 finished with state: COMPLETED
SOLVER.sbatch executed in 93.18 seconds
----- stdout -----
J_base   = 1.377718529358e-01
J_learn  = 1.377718529358e-01
J_thresh = 1.377718529358e-01
alpha_la = 1.064489960002e-109 | alpha_mu = 1.064489960002e-109
diff     = 0.000000000000e+00
--------------------------------------------------
--- Line Search Iteration 363 ---
----- stdout -----
Submitted SOLVER.sbatch from /usr/users/cea_seism/benede_gio/CEISM-Project/sem3d_config_files -> job 181901
----- stdout -----
Job 181901 finished with state: COMPLETED
SOLVER.sbatch executed in 93.18 seconds
----- stdout -----
J_base   = 1.377718529358e-01
J_learn  = 1.377718529358e-01
J_thresh = 1.377718529358e-01
alpha_la = 5.322449800010e-110 | alpha_mu = 5.322449800010e-110
diff     = 0.000000000000e+00
--------------------------------------------------
--- Line Search Iteration 364 ---
----- stdout -----
Submitted SOLVER.sbatch from /usr/users/cea_seism/benede_gio/CEISM-Project/sem3d_config_files -> job 181903
----- stdout -----
Job 181903 finished with state: COMPLETED
SOLVER.sbatch executed in 93.19 seconds
----- stdout -----
J_base   = 1.377718529358e-01
J_learn  = 1.377718529358e-01
J_thresh = 1.377718529358e-01
alpha_la = 2.661224900005e-110 | alpha_mu = 2.661224900005e-110
diff     = 0.000000000000e+00
--------------------------------------------------
--- Line Search Iteration 365 ---
----- stdout -----
Submitted SOLVER.sbatch from /usr/users/cea_seism/benede_gio/CEISM-Project/sem3d_config_files -> job 181906
----- stdout -----
Job 181906 finished with state: COMPLETED
SOLVER.sbatch executed in 93.16 seconds
----- stdout -----
J_base   = 1.377718529358e-01
J_learn  = 1.377718529358e-01
J_thresh = 1.377718529358e-01
alpha_la = 1.330612450003e-110 | alpha_mu = 1.330612450003e-110
diff     = 0.000000000000e+00
--------------------------------------------------
--- Line Search Iteration 366 ---
----- stdout -----
Submitted SOLVER.sbatch from /usr/users/cea_seism/benede_gio/CEISM-Project/sem3d_config_files -> job 181908
----- stdout -----
Job 181908 finished with state: COMPLETED
SOLVER.sbatch executed in 93.19 seconds
----- stdout -----
J_base   = 1.377718529358e-01
J_learn  = 1.377718529358e-01
J_thresh = 1.377718529358e-01
alpha_la = 6.653062250013e-111 | alpha_mu = 6.653062250013e-111
diff     = 0.000000000000e+00
--------------------------------------------------
--- Line Search Iteration 367 ---
----- stdout -----
Submitted SOLVER.sbatch from /usr/users/cea_seism/benede_gio/CEISM-Project/sem3d_config_files -> job 181909
----- stdout -----
Job 181909 finished with state: COMPLETED
SOLVER.sbatch executed in 93.20 seconds
----- stdout -----
J_base   = 1.377718529358e-01
J_learn  = 1.377718529358e-01
J_thresh = 1.377718529358e-01
alpha_la = 3.326531125006e-111 | alpha_mu = 3.326531125006e-111
diff     = 0.000000000000e+00
--------------------------------------------------
--- Line Search Iteration 368 ---
----- stdout -----
Submitted SOLVER.sbatch from /usr/users/cea_seism/benede_gio/CEISM-Project/sem3d_config_files -> job 181911
----- stdout -----
Job 181911 finished with state: COMPLETED
SOLVER.sbatch executed in 93.19 seconds
----- stdout -----
J_base   = 1.377718529358e-01
J_learn  = 1.377718529358e-01
J_thresh = 1.377718529358e-01
alpha_la = 1.663265562503e-111 | alpha_mu = 1.663265562503e-111
diff     = 0.000000000000e+00
--------------------------------------------------
--- Line Search Iteration 369 ---
----- stdout -----
Submitted SOLVER.sbatch from /usr/users/cea_seism/benede_gio/CEISM-Project/sem3d_config_files -> job 181914
----- stdout -----
Job 181914 finished with state: COMPLETED
SOLVER.sbatch executed in 93.19 seconds
----- stdout -----
J_base   = 1.377718529358e-01
J_learn  = 1.377718529358e-01
J_thresh = 1.377718529358e-01
alpha_la = 8.316327812516e-112 | alpha_mu = 8.316327812516e-112
diff     = 0.000000000000e+00
--------------------------------------------------
--- Line Search Iteration 370 ---
----- stdout -----
Submitted SOLVER.sbatch from /usr/users/cea_seism/benede_gio/CEISM-Project/sem3d_config_files -> job 181915
----- stdout -----
Job 181915 finished with state: COMPLETED
SOLVER.sbatch executed in 93.18 seconds
----- stdout -----
J_base   = 1.377718529358e-01
J_learn  = 1.377718529358e-01
J_thresh = 1.377718529358e-01
alpha_la = 4.158163906258e-112 | alpha_mu = 4.158163906258e-112
diff     = 0.000000000000e+00
--------------------------------------------------
--- Line Search Iteration 371 ---
----- stdout -----
Submitted SOLVER.sbatch from /usr/users/cea_seism/benede_gio/CEISM-Project/sem3d_config_files -> job 181917
----- stdout -----
Job 181917 finished with state: COMPLETED
SOLVER.sbatch executed in 93.20 seconds
----- stdout -----
J_base   = 1.377718529358e-01
J_learn  = 1.377718529358e-01
J_thresh = 1.377718529358e-01
alpha_la = 2.079081953129e-112 | alpha_mu = 2.079081953129e-112
diff     = 0.000000000000e+00
--------------------------------------------------
--- Line Search Iteration 372 ---
----- stdout -----
Submitted SOLVER.sbatch from /usr/users/cea_seism/benede_gio/CEISM-Project/sem3d_config_files -> job 181922
----- stdout -----
Job 181922 finished with state: COMPLETED
SOLVER.sbatch executed in 93.19 seconds
----- stdout -----
J_base   = 1.377718529358e-01
J_learn  = 1.377718529358e-01
J_thresh = 1.377718529358e-01
alpha_la = 1.039540976564e-112 | alpha_mu = 1.039540976564e-112
diff     = 0.000000000000e+00
--------------------------------------------------
--- Line Search Iteration 373 ---
----- stdout -----
Submitted SOLVER.sbatch from /usr/users/cea_seism/benede_gio/CEISM-Project/sem3d_config_files -> job 181924
----- stdout -----
Job 181924 finished with state: COMPLETED
SOLVER.sbatch executed in 93.19 seconds
----- stdout -----
J_base   = 1.377718529358e-01
J_learn  = 1.377718529358e-01
J_thresh = 1.377718529358e-01
alpha_la = 5.197704882822e-113 | alpha_mu = 5.197704882822e-113
diff     = 0.000000000000e+00
--------------------------------------------------
--- Line Search Iteration 374 ---
----- stdout -----
Submitted SOLVER.sbatch from /usr/users/cea_seism/benede_gio/CEISM-Project/sem3d_config_files -> job 181925
----- stdout -----
Job 181925 finished with state: COMPLETED
SOLVER.sbatch executed in 93.18 seconds
----- stdout -----
J_base   = 1.377718529358e-01
J_learn  = 1.377718529358e-01
J_thresh = 1.377718529358e-01
alpha_la = 2.598852441411e-113 | alpha_mu = 2.598852441411e-113
diff     = 0.000000000000e+00
--------------------------------------------------
--- Line Search Iteration 375 ---
----- stdout -----
Submitted SOLVER.sbatch from /usr/users/cea_seism/benede_gio/CEISM-Project/sem3d_config_files -> job 181927
----- stdout -----
Job 181927 finished with state: COMPLETED
SOLVER.sbatch executed in 93.19 seconds
----- stdout -----
J_base   = 1.377718529358e-01
J_learn  = 1.377718529358e-01
J_thresh = 1.377718529358e-01
alpha_la = 1.299426220706e-113 | alpha_mu = 1.299426220706e-113
diff     = 0.000000000000e+00
--------------------------------------------------
--- Line Search Iteration 376 ---
----- stdout -----
Submitted SOLVER.sbatch from /usr/users/cea_seism/benede_gio/CEISM-Project/sem3d_config_files -> job 181929
----- stdout -----
Job 181929 finished with state: COMPLETED
SOLVER.sbatch executed in 93.18 seconds
----- stdout -----
J_base   = 1.377718529358e-01
J_learn  = 1.377718529358e-01
J_thresh = 1.377718529358e-01
alpha_la = 6.497131103528e-114 | alpha_mu = 6.497131103528e-114
diff     = 0.000000000000e+00
--------------------------------------------------
--- Line Search Iteration 377 ---
----- stdout -----
Submitted SOLVER.sbatch from /usr/users/cea_seism/benede_gio/CEISM-Project/sem3d_config_files -> job 181932
----- stdout -----
Job 181932 finished with state: COMPLETED
SOLVER.sbatch executed in 93.83 seconds
----- stdout -----
J_base   = 1.377718529358e-01
J_learn  = 1.377718529358e-01
J_thresh = 1.377718529358e-01
alpha_la = 3.248565551764e-114 | alpha_mu = 3.248565551764e-114
diff     = 0.000000000000e+00
--------------------------------------------------
--- Line Search Iteration 378 ---
----- stdout -----
Submitted SOLVER.sbatch from /usr/users/cea_seism/benede_gio/CEISM-Project/sem3d_config_files -> job 181934
----- stdout -----
Job 181934 finished with state: COMPLETED
SOLVER.sbatch executed in 93.19 seconds
----- stdout -----
J_base   = 1.377718529358e-01
J_learn  = 1.377718529358e-01
J_thresh = 1.377718529358e-01
alpha_la = 1.624282775882e-114 | alpha_mu = 1.624282775882e-114
diff     = 0.000000000000e+00
--------------------------------------------------
--- Line Search Iteration 379 ---
----- stdout -----
Submitted SOLVER.sbatch from /usr/users/cea_seism/benede_gio/CEISM-Project/sem3d_config_files -> job 181937
----- stdout -----
Job 181937 finished with state: COMPLETED
SOLVER.sbatch executed in 93.17 seconds
----- stdout -----
J_base   = 1.377718529358e-01
J_learn  = 1.377718529358e-01
J_thresh = 1.377718529358e-01
alpha_la = 8.121413879410e-115 | alpha_mu = 8.121413879410e-115
diff     = 0.000000000000e+00
--------------------------------------------------
--- Line Search Iteration 380 ---
----- stdout -----
Submitted SOLVER.sbatch from /usr/users/cea_seism/benede_gio/CEISM-Project/sem3d_config_files -> job 181938
----- stdout -----
Job 181938 finished with state: COMPLETED
SOLVER.sbatch executed in 93.18 seconds
----- stdout -----
J_base   = 1.377718529358e-01
J_learn  = 1.377718529358e-01
J_thresh = 1.377718529358e-01
alpha_la = 4.060706939705e-115 | alpha_mu = 4.060706939705e-115
diff     = 0.000000000000e+00
--------------------------------------------------
--- Line Search Iteration 381 ---
----- stdout -----
Submitted SOLVER.sbatch from /usr/users/cea_seism/benede_gio/CEISM-Project/sem3d_config_files -> job 181941
----- stdout -----
Job 181941 finished with state: COMPLETED
SOLVER.sbatch executed in 93.18 seconds
----- stdout -----
J_base   = 1.377718529358e-01
J_learn  = 1.377718529358e-01
J_thresh = 1.377718529358e-01
alpha_la = 2.030353469853e-115 | alpha_mu = 2.030353469853e-115
diff     = 0.000000000000e+00
--------------------------------------------------
--- Line Search Iteration 382 ---
----- stdout -----
Submitted SOLVER.sbatch from /usr/users/cea_seism/benede_gio/CEISM-Project/sem3d_config_files -> job 181944
----- stdout -----
Job 181944 finished with state: COMPLETED
SOLVER.sbatch executed in 93.19 seconds
----- stdout -----
J_base   = 1.377718529358e-01
J_learn  = 1.377718529358e-01
J_thresh = 1.377718529358e-01
alpha_la = 1.015176734926e-115 | alpha_mu = 1.015176734926e-115
diff     = 0.000000000000e+00
--------------------------------------------------
--- Line Search Iteration 383 ---
----- stdout -----
Submitted SOLVER.sbatch from /usr/users/cea_seism/benede_gio/CEISM-Project/sem3d_config_files -> job 181946
----- stdout -----
Job 181946 finished with state: COMPLETED
SOLVER.sbatch executed in 93.18 seconds
----- stdout -----
J_base   = 1.377718529358e-01
J_learn  = 1.377718529358e-01
J_thresh = 1.377718529358e-01
alpha_la = 5.075883674631e-116 | alpha_mu = 5.075883674631e-116
diff     = 0.000000000000e+00
--------------------------------------------------
--- Line Search Iteration 384 ---
----- stdout -----
Submitted SOLVER.sbatch from /usr/users/cea_seism/benede_gio/CEISM-Project/sem3d_config_files -> job 181948
----- stdout -----
Job 181948 finished with state: COMPLETED
SOLVER.sbatch executed in 93.20 seconds
----- stdout -----
J_base   = 1.377718529358e-01
J_learn  = 1.377718529358e-01
J_thresh = 1.377718529358e-01
alpha_la = 2.537941837316e-116 | alpha_mu = 2.537941837316e-116
diff     = 0.000000000000e+00
--------------------------------------------------
--- Line Search Iteration 385 ---
----- stdout -----
Submitted SOLVER.sbatch from /usr/users/cea_seism/benede_gio/CEISM-Project/sem3d_config_files -> job 181950
----- stdout -----
Job 181950 finished with state: COMPLETED
SOLVER.sbatch executed in 93.19 seconds
----- stdout -----
J_base   = 1.377718529358e-01
J_learn  = 1.377718529358e-01
J_thresh = 1.377718529358e-01
alpha_la = 1.268970918658e-116 | alpha_mu = 1.268970918658e-116
diff     = 0.000000000000e+00
--------------------------------------------------
--- Line Search Iteration 386 ---
----- stdout -----
Submitted SOLVER.sbatch from /usr/users/cea_seism/benede_gio/CEISM-Project/sem3d_config_files -> job 181953
----- stdout -----
Job 181953 finished with state: CANCELLED+
SOLVER.sbatch executed in 33.08 seconds
------------------

[0;31m---------------------------------------------------------------------------[0m
[0;31mRuntimeError[0m                              Traceback (most recent call last)
Cell [0;32mIn[7], line 159[0m
[1;32m    156[0m         os[38;5;241m.[39mremove(trace_file)
[1;32m    158[0m [38;5;66;03m# Eseguiamo il solver Forward[39;00m
[0;32m--> 159[0m [43msbatch_and_wait[49m[43m([49m[43mFORWARD_PROBLEM_SOLVER_SBATCH_PATH[49m[43m)[49m
[1;32m    161[0m [38;5;66;03m# Verifichiamo che i sismogrammi siano stati creati (Se SEM3D è crashato, la cartella è vuota)[39;00m
[1;32m    162[0m new_traces [38;5;241m=[39m glob[38;5;241m.[39mglob(os[38;5;241m.[39mpath[38;5;241m.[39mjoin(TRACES_SIMULATED_FOLDER_PATH, [38;5;124m"[39m[38;5;124m*[39m[38;5;124m"[39m))

File [0;32m~/CEISM-Project/util_funct/sbatch_and_wait.py:61[0m, in [0;36msbatch_and_wait[0;34m(script)[0m
[1;32m     58[0m [38;5;28mprint[39m([38;5;124m"[39m[38;5;124m"[39m)
[1;32m     60[0m [38;5;28;01mif[39;00m final_state [38;5;241m!=[39m [38;5;124m"[39m[38;5;124mCOMPLETED[39m[38;5;124m"[39m:
[0;32m---> 61[0m     [38;5;28;01mraise[39;00m [38;5;167;01mRuntimeError[39;00m([38;5;124mf[39m[38;5;124m"[39m[38;5;124mJob [39m[38;5;132;01m{[39;00mjob_id[38;5;132;01m}[39;00m[38;5;124m did not complete successfully: [39m[38;5;132;01m{[39;00mfinal_state[38;5;132;01m}[39;00m[38;5;124m"[39m)

[0;31mRuntimeError[0m: Job 181953 did not complete successfully: CANCELLED+

